2026-08-23 20:48:34.833+0000 INFO  [o.n.g.f.m.GlobalModule] Logging config in use: File '/var/lib/neo4j/conf/server-logs.xml'
2026-08-23 20:48:34.969+0000 WARN  [o.n.k.i.JvmChecker] The max heap memory has not been configured. It is recommended that it is always explicitly configured, to ensure the system has a balanced configuration. Until then, a JVM computed heuristic of 2082471936 bytes is used instead. If you are running neo4j server, you need to configure server.memory.heap.max_size in neo4j.conf. If you are running neo4j embedded, you have to launch the JVM with -Xmx set to a value. You can run neo4j-admin server memory-recommendation for memory configuration suggestions.
2026-08-23 20:48:34.969+0000 WARN  [o.n.k.i.JvmChecker] The initial heap memory has not been configured. It is recommended that it is always explicitly configured, to ensure the system has a balanced configuration. Until then, a JVM computed heuristic of 132120576 bytes is used instead. If you are running neo4j server, you need to configure server.memory.heap.initial_size in neo4j.conf. If you are running neo4j embedded, you have to launch the JVM with -Xms set to a value. You can run neo4j-admin server memory-recommendation for memory configuration suggestions.
2026-08-23 20:48:35.159+0000 INFO  [o.n.i.d.DiagnosticsManager] 
                                                                ********************************************************************************
                                                                                             [ System diagnostics ]                             
                                                                ********************************************************************************
2026-08-23 20:48:35.159+0000 INFO  [o.n.i.d.DiagnosticsManager] 
                                                                --------------------------------------------------------------------------------
                                                                                         [ System memory information ]                          
                                                                --------------------------------------------------------------------------------
                                                                Total Physical memory: 7.755GiB
                                                                Free Physical memory: 233.2MiB
                                                                Committed virtual memory: 5.019GiB
                                                                Total swap space: 4.000GiB
                                                                Free swap space: 4.000GiB
                                                                
2026-08-23 20:48:35.159+0000 INFO  [o.n.i.d.DiagnosticsManager] 
                                                                --------------------------------------------------------------------------------
                                                                                           [ JVM memory information ]                           
                                                                --------------------------------------------------------------------------------
                                                                Free  memory: 50.86MiB
                                                                Total memory: 80.00MiB
                                                                Max   memory: 1.939GiB
                                                                Garbage Collector: G1 Young Generation: [G1 Eden Space, G1 Survivor Space, G1 Old Gen]
                                                                Garbage Collector: G1 Concurrent GC: [G1 Old Gen]
                                                                Garbage Collector: G1 Old Generation: [G1 Eden Space, G1 Survivor Space, G1 Old Gen]
                                                                Memory Pool: CodeHeap 'non-nmethods' (Non-heap memory): committed=2.438MiB, used=1.486MiB, max=5.566MiB, threshold=0B
                                                                Memory Pool: Metaspace (Non-heap memory): committed=22.38MiB, used=22.00MiB, max=-1B, threshold=0B
                                                                Memory Pool: CodeHeap 'profiled nmethods' (Non-heap memory): committed=5.375MiB, used=5.329MiB, max=117.2MiB, threshold=0B
                                                                Memory Pool: Compressed Class Space (Non-heap memory): committed=2.500MiB, used=2.324MiB, max=1.000GiB, threshold=0B
                                                                Memory Pool: G1 Eden Space (Heap memory): committed=50.00MiB, used=6.000MiB, max=-1B, threshold=?
                                                                Memory Pool: G1 Old Gen (Heap memory): committed=27.00MiB, used=19.89MiB, max=1.939GiB, threshold=0B
                                                                Memory Pool: G1 Survivor Space (Heap memory): committed=3.000MiB, used=2.250MiB, max=-1B, threshold=?
                                                                Memory Pool: CodeHeap 'non-profiled nmethods' (Non-heap memory): committed=2.438MiB, used=1.233MiB, max=117.2MiB, threshold=0B
                                                                
2026-08-23 20:48:35.159+0000 INFO  [o.n.i.d.DiagnosticsManager] 
                                                                --------------------------------------------------------------------------------
                                                                                        [ Operating system information ]                        
                                                                --------------------------------------------------------------------------------
                                                                Operating System: Linux; version: 6.8.0-138-generic; arch: amd64; cpus: 4
                                                                Max number of file descriptors: 524288
                                                                Number of open file descriptors: 229
                                                                Process id: 7
                                                                Byte order: LITTLE_ENDIAN
                                                                Local timezone: Etc/UTC
                                                                Memory page size: 4096
                                                                Unaligned memory access allowed: true
                                                                
2026-08-23 20:48:35.159+0000 INFO  [o.n.i.d.DiagnosticsManager] 
                                                                --------------------------------------------------------------------------------
                                                                                              [ JVM information ]                               
                                                                --------------------------------------------------------------------------------
                                                                VM Name: OpenJDK 64-Bit Server VM
                                                                VM Vendor: Eclipse Adoptium
                                                                VM Version: 21.0.12+8-LTS
                                                                JIT compiler: HotSpot 64-Bit Tiered Compilers
                                                                VM Arguments: [-XX:+UseG1GC, -XX:-OmitStackTraceInFastThrow, -XX:+AlwaysPreTouch, -XX:+UnlockExperimentalVMOptions, -XX:+TrustFinalNonStaticFields, -XX:+DisableExplicitGC, -Djdk.nio.maxCachedBufferSize=1024, -Dio.netty.tryReflectionSetAccessible=true, -Djdk.tls.ephemeralDHKeySize=2048, -Djdk.tls.rejectClientInitiatedRenegotiation=true, -XX:FlightRecorderOptions=stackdepth=256, -XX:+UnlockDiagnosticVMOptions, -XX:+DebugNonSafepoints, --add-opens=java.base/java.nio=ALL-UNNAMED, --add-opens=java.base/java.io=ALL-UNNAMED, --add-opens=java.base/sun.nio.ch=ALL-UNNAMED, --enable-native-access=ALL-UNNAMED, -Dlog4j2.disable.jmx=true, -Dlog4j.layout.jsonTemplate.maxStringLength=32768, -Dfile.encoding=UTF-8]
                                                                
2026-08-23 20:48:35.159+0000 INFO  [o.n.i.d.DiagnosticsManager] 
                                                                --------------------------------------------------------------------------------
                                                                                               [ Java classpath ]                               
                                                                --------------------------------------------------------------------------------
                                                                 [classpath] /var/lib/neo4j/lib/jetty-http2-hpack-12.1.11.jar
                                                                 [classpath] /var/lib/neo4j/lib/jetty-security-12.1.11.jar
                                                                 [classpath] /var/lib/neo4j/lib/neo4j-diagnostics-5.26.29.jar
                                                                 [classpath] /var/lib/neo4j/lib/neo4j-expressions-5.26.29.jar
                                                                 [classpath] /var/lib/neo4j/lib/neo4j-codegen-5.26.29.jar
                                                                 [classpath] /var/lib/neo4j/lib/neo4j-logging-5.26.29.jar
                                                                 [classpath] /var/lib/neo4j/lib/jetty-session-12.1.11.jar
                                                                 [classpath] /var/lib/neo4j/lib/neo4j-fabric-5.26.29.jar
                                                                 [classpath] /var/lib/neo4j/lib/neo4j-security-5.26.29.jar
                                                                 [classpath] /var/lib/neo4j/lib/jaxb-runtime-2.3.2.jar
                                                                 [classpath] /var/lib/neo4j/lib/neo4j-cypher-macros-5.26.29.jar
                                                                 [classpath] /var/lib/neo4j/lib/shiro-crypto-core-3.0.0.jar
                                                                 [classpath] /var/lib/neo4j/lib/jackson-jaxrs-base-2.22.1.jar
                                                                 [classpath] /var/lib/neo4j/lib/antlr4-runtime-4.13.2.jar
                                                                 [classpath] /var/lib/neo4j/lib/neo4j-layout-5.26.29.jar
                                                                 [classpath] /var/lib/neo4j/lib/caffeine-3.1.8.jar
                                                                 [classpath] /var/lib/neo4j/lib/magnolia_2.13-1.1.8.jar
                                                                 [classpath] /var/lib/neo4j/lib/scala-library-2.13.11.jar
                                                                 [classpath] /var/lib/neo4j/lib/commons-compress-1.27.1.jar
                                                                 [classpath] /var/lib/neo4j/conf/*
                                                                 [classpath] /var/lib/neo4j/lib/WMI4Java-1.6.3.jar
                                                                 [classpath] /var/lib/neo4j/lib/jakarta.xml.bind-api-2.3.2.jar
                                                                 [classpath] /var/lib/neo4j/lib/neo4j-concurrent-5.26.29.jar
                                                                 [classpath] /var/lib/neo4j/lib/jProcesses-1.6.5.jar
                                                                 [classpath] /var/lib/neo4j/lib/neo4j-monitoring-5.26.29.jar
                                                                 [classpath] /var/lib/neo4j/lib/hk2-locator-2.6.1.jar
                                                                 [classpath] /var/lib/neo4j/lib/shiro-config-core-3.0.0.jar
                                                                 [classpath] /var/lib/neo4j/lib/log4j-core-2.26.1.jar
                                                                 [classpath] /var/lib/neo4j/lib/neo4j-ssl-5.26.29.jar
                                                                 [classpath] /var/lib/neo4j/lib/neo4j-cypher-javacc-parser-5.26.29.jar
                                                                 [classpath] /var/lib/neo4j/lib/neo4j-cypher-rendering-5.26.29.jar
                                                                 [classpath] /var/lib/neo4j/lib/jetty-http-12.1.11.jar
                                                                 [classpath] /var/lib/neo4j/lib/parquet-column-1.17.1.jar
                                                                 [classpath] /var/lib/neo4j/lib/snappy-java-1.1.10.7.jar
                                                                 [classpath] /var/lib/neo4j/lib/annotations-5.26.29.jar
                                                                 [classpath] /var/lib/neo4j/lib/eclipse-collections-api-11.1.0.jar
                                                                 [classpath] /var/lib/neo4j/lib/jersey-container-servlet-2.46.jar
                                                                 [classpath] /var/lib/neo4j/lib/neo4j-configuration-5.26.29.jar
                                                                 [classpath] /var/lib/neo4j/lib/jansi-2.4.0.jar
                                                                 [classpath] /var/lib/neo4j/lib/neo4j-cypher-planner-5.26.29.jar
                                                                 [classpath] /var/lib/neo4j/lib/jline-terminal-3.21.0.jar
                                                                 [classpath] /var/lib/neo4j/lib/ipaddress-5.5.1.jar
                                                                 [classpath] /var/lib/neo4j/lib/netty-transport-native-epoll-4.1.136.Final-linux-aarch_64.jar
                                                                 [classpath] /var/lib/neo4j/lib/lucene-queryparser-9.11.1.jar
                                                                 [classpath] /var/lib/neo4j/lib/neo4j-bolt-connection-12.0.0.jar
                                                                 [classpath] /var/lib/neo4j/lib/jetty-ee8-nested-12.1.11.jar
                                                                 [classpath] /var/lib/neo4j/lib/neo4j-id-generator-5.26.29.jar
                                                                 [classpath] /var/lib/neo4j/lib/jetty-servlet-api-4.0.9.jar
                                                                 [classpath] /var/lib/neo4j/lib/neo4j-values-5.26.29.jar
                                                                 [classpath] /var/lib/neo4j/lib/cypher-antlr-common-5.26.29.jar
                                                                 [classpath] /var/lib/neo4j/lib/reactor-core-3.7.12.jar
                                                                 [classpath] /var/lib/neo4j/lib/jetty-http2-server-12.1.11.jar
                                                                 [classpath] /var/lib/neo4j/lib/netty-transport-classes-kqueue-4.1.136.Final.jar
                                                                 [classpath] /var/lib/neo4j/lib/zstd-jni-1.5.6-6.jar
                                                                 [classpath] /var/lib/neo4j/lib/jakarta.ws.rs-api-2.1.6.jar
                                                                 [classpath] /var/lib/neo4j/lib/kiama_2.13-2.5.1.jar
                                                                 [classpath] /var/lib/neo4j/lib/neo4j-unsafe-5.26.29.jar
                                                                 [classpath] /var/lib/neo4j/lib/neo4j-cypher-logical-plans-5.26.29.jar
                                                                 [classpath] /var/lib/neo4j/lib/lucene-analysis-common-9.11.1.jar
                                                                 [classpath] /var/lib/neo4j/lib/neo4j-bolt-5.26.29.jar
                                                                 [classpath] /var/lib/neo4j/lib/istack-commons-runtime-3.0.8.jar
                                                                 [classpath] /var/lib/neo4j/lib/shiro-crypto-cipher-3.0.0.jar
                                                                 [classpath] /var/lib/neo4j/lib/eclipse-collections-11.1.0.jar
                                                                 [classpath] /var/lib/neo4j/lib/netty-handler-4.1.136.Final.jar
                                                                 [classpath] /var/lib/neo4j/lib/parquet-floor-1.62.jar
                                                                 [classpath] /var/lib/neo4j/lib/log4j-layout-template-json-2.26.1.jar
                                                                 [classpath] /var/lib/neo4j/lib/neo4j-front-end-5.26.29.jar
                                                                 [classpath] /var/lib/neo4j/lib/commons-text-1.12.0.jar
                                                                 [classpath] /var/lib/neo4j/lib/neo4j-fulltext-index-5.26.29.jar
                                                                 [classpath] /var/lib/neo4j/lib/neo4j-5.26.29.jar
                                                                 [classpath] /var/lib/neo4j/lib/jts-core-1.20.0.jar
                                                                 [classpath] /var/lib/neo4j/lib/parquet-common-1.17.1.jar
                                                                 [classpath] /var/lib/neo4j/lib/neo4j-consistency-check-5.26.29.jar
                                                                 [classpath] /var/lib/neo4j/lib/cypher-parser-ast-common-5.26.29.jar
                                                                 [classpath] /var/lib/neo4j/lib/jakarta.validation-api-2.0.2.jar
                                                                 [classpath] /var/lib/neo4j/lib/picocli-4.7.6.jar
                                                                 [classpath] /var/lib/neo4j/lib/cypher-v5-literal-interpreter-5.26.29.jar
                                                                 [classpath] /var/lib/neo4j/lib/hk2-utils-2.6.1.jar
                                                                 [classpath] /var/lib/neo4j/lib/stax-ex-1.8.1.jar
                                                                 [classpath] /var/lib/neo4j/lib/txw2-2.3.2.jar
                                                                 [classpath] /var/lib/neo4j/lib/neo4j-graph-algo-5.26.29.jar
                                                                 [classpath] /var/lib/neo4j/lib/jackson-module-jaxb-annotations-2.22.1.jar
                                                                 [classpath] /var/lib/neo4j/lib/neo4j-cypher-physical-planning-5.26.29.jar
                                                                 [classpath] /var/lib/neo4j/lib/commons-io-2.17.0.jar
                                                                 [classpath] /var/lib/neo4j/lib/argparse4j-0.9.0.jar
                                                                 [classpath] /var/lib/neo4j/lib/neo4j-bootcheck-5.26.29.jar
                                                                 [classpath] /var/lib/neo4j/lib/neo4j-kernel-5.26.29.jar
                                                                 [classpath] /var/lib/neo4j/lib/neo4j-record-storage-engine-5.26.29.jar
                                                                 [classpath] /var/lib/neo4j/lib/netty-transport-native-kqueue-4.1.136.Final-osx-aarch_64.jar
                                                                 [classpath] /var/lib/neo4j/lib/cypher-v5-ast-factory-5.26.29.jar
                                                                 [classpath] /var/lib/neo4j/lib/cypher-parser-common-5.26.29.jar
                                                                 [classpath] /var/lib/neo4j/lib/neo4j-schema-5.26.29.jar
                                                                 [classpath] /var/lib/neo4j/lib/neo4j-wal-5.26.29.jar
                                                                 [classpath] /var/lib/neo4j/lib/parquet-encoding-1.17.1.jar
                                                                 [classpath] /var/lib/neo4j/lib/shiro-core-3.0.0.jar
                                                                 [classpath] /var/lib/neo4j/lib/cypher-v5-parser-listener-5.26.29.jar
                                                                 [classpath] /var/lib/neo4j/lib/cypher-v25-parser-listener-5.26.29.jar
                                                                 [classpath] /var/lib/neo4j/lib/lucene-backward-codecs-9.11.1.jar
                                                                 [classpath] /var/lib/neo4j/lib/netty-transport-native-unix-common-4.1.136.Final.jar
                                                                 [classpath] /var/lib/neo4j/lib/neo4j-resource-5.26.29.jar
                                                                 [classpath] /var/lib/neo4j/lib/neo4j-import-api-5.26.29.jar
                                                                 [classpath] /var/lib/neo4j/lib/neo4j-bolt-connection-pooled-12.0.0.jar
                                                                 [classpath] /var/lib/neo4j/lib/neo4j-kernel-api-5.26.29.jar
                                                                 [classpath] /var/lib/neo4j/lib/neo4j-storage-engine-util-5.26.29.jar
                                                                 [classpath] /var/lib/neo4j/lib/neo4j-slf4j-provider-5.26.29.jar
                                                                 [classpath] /var/lib/neo4j/lib/neo4j-notifications-5.26.29.jar
                                                                 [classpath] /var/lib/neo4j/lib/neo4j-cypher-planner-spi-5.26.29.jar
                                                                 [classpath] /var/lib/neo4j/lib/scala-collection-contrib_2.13-0.3.0.jar
                                                                 [classpath] /var/lib/neo4j/lib/jetty-ee-webapp-12.1.11.jar
                                                                 [classpath] /var/lib/neo4j/lib/jetty-io-12.1.11.jar
                                                                 [classpath] /var/lib/neo4j/lib/neo4j-bolt-connection-netty-12.0.0.jar
                                                                 [classpath] /var/lib/neo4j/lib/jetty-ee8-security-12.1.11.jar
                                                                 [classpath] /var/lib/neo4j/lib/neo4j-bolt-connection-routed-12.0.0.jar
                                                                 [classpath] /var/lib/neo4j/lib/commons-codec-1.17.1.jar
                                                                 [classpath] /var/lib/neo4j/lib/zstd-proxy-5.26.29.jar
                                                                 [classpath] /var/lib/neo4j/lib/netty-resolver-4.1.136.Final.jar
                                                                 [classpath] /var/lib/neo4j/lib/jPowerShell-3.0.jar
                                                                 [classpath] /var/lib/neo4j/lib/jetty-ee8-servlet-12.1.11.jar
                                                                 [classpath] /var/lib/neo4j/lib/reactive-streams-1.0.4.jar
                                                                 [classpath] /var/lib/neo4j/lib/neo4j-native-5.26.29.jar
                                                                 [classpath] /var/lib/neo4j/lib/server-api-5.26.29.jar
                                                                 [classpath] /var/lib/neo4j/lib/neo4j-import-tool-5.26.29.jar
                                                                 [classpath] /var/lib/neo4j/lib/neo4j-cloud-5.26.29.jar
                                                                 [classpath] /var/lib/neo4j/lib/neo4j-gql-status-5.26.29.jar
                                                                 [classpath] /var/lib/neo4j/lib/neo4j-capabilities-5.26.29.jar
                                                                 [classpath] /var/lib/neo4j/lib/shiro-lang-3.0.0.jar
                                                                 [classpath] /var/lib/neo4j/lib/neo4j-rewriting-5.26.29.jar
                                                                 [classpath] /var/lib/neo4j/lib/jaxb-api-2.2.12.jar
                                                                 [classpath] /var/lib/neo4j/lib/neo4j-index-5.26.29.jar
                                                                 [classpath] /var/lib/neo4j/lib/neo4j-exceptions-5.26.29.jar
                                                                 [classpath] /var/lib/neo4j/lib/netty-codec-4.1.136.Final.jar
                                                                 [classpath] /var/lib/neo4j/lib/jetty-alpn-server-12.1.11.jar
                                                                 [classpath] /var/lib/neo4j/lib/neo4j-cypher-dsl-2024.2.0.jar
                                                                 [classpath] /var/lib/neo4j/lib/cypher-ast-factory-5.26.29.jar
                                                                 [classpath] /var/lib/neo4j/lib/neo4j-server-5.26.29.jar
                                                                 [classpath] /var/lib/neo4j/lib/shiro-event-3.0.0.jar
                                                                 [classpath] /var/lib/neo4j/lib/javax.annotation-api-1.3.2.jar
                                                                 [classpath] /var/lib/neo4j/lib/jna-5.15.0.jar
                                                                 [classpath] /var/lib/neo4j/lib/neo4j-cypher-slotted-runtime-5.26.29.jar
                                                                 [classpath] /var/lib/neo4j/lib/neo4j-import-util-5.26.29.jar
                                                                 [classpath] /var/lib/neo4j/lib/shiro-cache-3.0.0.jar
                                                                 [classpath] /var/lib/neo4j/lib/jersey-common-2.46.jar
                                                                 [classpath] /var/lib/neo4j/lib/neo4j-cypher-ir-5.26.29.jar
                                                                 [classpath] /var/lib/neo4j/lib/log4j-api-2.26.1.jar
                                                                 [classpath] /var/lib/neo4j/lib/cypher-v5-antlr-parser-5.26.29.jar
                                                                 [classpath] /var/lib/neo4j/lib/jersey-client-2.46.jar
                                                                 [classpath] /var/lib/neo4j/lib/neo4j-spatial-index-5.26.29.jar
                                                                 [classpath] /var/lib/neo4j/lib/jersey-hk2-2.46.jar
                                                                 [classpath] /var/lib/neo4j/lib/neo4j-data-collector-5.26.29.jar
                                                                 [classpath] /var/lib/neo4j/lib/jetty-alpn-java-server-12.1.11.jar
                                                                 [classpath] /var/lib/neo4j/lib/netty-common-4.1.136.Final.jar
                                                                 [classpath] /var/lib/neo4j/lib/neo4j-cypher-5.26.29.jar
                                                                 [classpath] /var/lib/neo4j/lib/jersey-server-2.46.jar
                                                                 [classpath] /var/lib/neo4j/lib/cypher-shell-5.26.29.jar
                                                                 [classpath] /var/lib/neo4j/lib/jetty-xml-12.1.11.jar
                                                                 [classpath] /var/lib/neo4j/lib/neo4j-cypher-interpreted-runtime-5.26.29.jar
                                                                 [classpath] /var/lib/neo4j/lib/jline-terminal-jansi-3.21.0.jar
                                                                 [classpath] /var/lib/neo4j/lib/jackson-core-2.22.1.jar
                                                                 [classpath] /var/lib/neo4j/lib/neo4j-java-driver-5.28.14.jar
                                                                 [classpath] /var/lib/neo4j/lib/hk2-api-2.6.1.jar
                                                                 [classpath] /var/lib/neo4j/lib/netty-transport-native-kqueue-4.1.136.Final-osx-x86_64.jar
                                                                 [classpath] /var/lib/neo4j/lib/neo4j-cypher-runtime-util-5.26.29.jar
                                                                 [classpath] /var/lib/neo4j/lib/jetty-http2-common-12.1.11.jar
                                                                 [classpath] /var/lib/neo4j/lib/neo4j-lock-5.26.29.jar
                                                                 [classpath] /var/lib/neo4j/lib/neo4j-collections-5.26.29.jar
                                                                 [classpath] /var/lib/neo4j/lib/neo4j-query-router-5.26.29.jar
                                                                 [classpath] /var/lib/neo4j/lib/jackson-annotations-2.22.jar
                                                                 [classpath] /var/lib/neo4j/lib/neo4j-ast-5.26.29.jar
                                                                 [classpath] /var/lib/neo4j/lib/neo4j-io-5.26.29.jar
                                                                 [classpath] /var/lib/neo4j/lib/parquet-jackson-1.17.1.jar
                                                                 [classpath] /var/lib/neo4j/lib/neo4j-token-api-5.26.29.jar
                                                                 [classpath] /var/lib/neo4j/lib/commons-logging-1.3.4.jar
                                                                 [classpath] /var/lib/neo4j/lib/jakarta.activation-api-1.2.2.jar
                                                                 [classpath] /var/lib/neo4j/plugins/*
                                                                 [classpath] /var/lib/neo4j/lib/jetty-server-12.1.11.jar
                                                                 [classpath] /var/lib/neo4j/lib/commons-configuration2-2.15.1.jar
                                                                 [classpath] /var/lib/neo4j/lib/netty-buffer-4.1.136.Final.jar
                                                                 [classpath] /var/lib/neo4j/lib/jersey-container-servlet-core-2.46.jar
                                                                 [classpath] /var/lib/neo4j/lib/netty-transport-native-epoll-4.1.136.Final-linux-x86_64.jar
                                                                 [classpath] /var/lib/neo4j/lib/neo4j-dbms-5.26.29.jar
                                                                 [classpath] /var/lib/neo4j/lib/netty-codec-http-4.1.136.Final.jar
                                                                 [classpath] /var/lib/neo4j/lib/cypher-v25-antlr-parser-5.26.29.jar
                                                                 [classpath] /var/lib/neo4j/lib/jetty-util-12.1.11.jar
                                                                 [classpath] /var/lib/neo4j/lib/jettison-1.5.4.jar
                                                                 [classpath] /var/lib/neo4j/lib/jakarta.inject-2.6.1.jar
                                                                 [classpath] /var/lib/neo4j/lib/neo4j-push-to-cloud-5.26.29.jar
                                                                 [classpath] /var/lib/neo4j/lib/netty-tcnative-classes-2.0.78.Final.jar
                                                                 [classpath] /var/lib/neo4j/lib/neo4j-graphdb-api-5.26.29.jar
                                                                 [classpath] /var/lib/neo4j/lib/slf4j-api-2.0.9.jar
                                                                 [classpath] /var/lib/neo4j/lib/jline-reader-3.21.0.jar
                                                                 [classpath] /var/lib/neo4j/lib/neo4j-cypher-config-5.26.29.jar
                                                                 [classpath] /var/lib/neo4j/lib/FastInfoset-1.2.16.jar
                                                                 [classpath] /var/lib/neo4j/lib/jackson-jaxrs-json-provider-2.22.1.jar
                                                                 [classpath] /var/lib/neo4j/lib/javassist-3.30.2-GA.jar
                                                                 [classpath] /var/lib/neo4j/lib/neo4j-cypher-cache-5.26.29.jar
                                                                 [classpath] /var/lib/neo4j/lib/neo4j-udc-5.26.29.jar
                                                                 [classpath] /var/lib/neo4j/lib/cypher-parser-factory-5.26.29.jar
                                                                 [classpath] /var/lib/neo4j/lib/cypher-antlr-ast-common-5.26.29.jar
                                                                 [classpath] /var/lib/neo4j/lib/netty-transport-4.1.136.Final.jar
                                                                 [classpath] /var/lib/neo4j/lib/jetty-ee8-webapp-12.1.11.jar
                                                                 [classpath] /var/lib/neo4j/lib/neo4j-cypher-ast-factory-5.26.29.jar
                                                                 [classpath] /var/lib/neo4j/lib/neo4j-util-5.26.29.jar
                                                                 [classpath] /var/lib/neo4j/lib/commons-lang3-3.18.0.jar
                                                                 [classpath] /var/lib/neo4j/lib/neo4j-csv-5.26.29.jar
                                                                 [classpath] /var/lib/neo4j/lib/jackson-databind-2.22.1.jar
                                                                 [classpath] /var/lib/neo4j/lib/scala-reflect-2.13.11.jar
                                                                 [classpath] /var/lib/neo4j/lib/neo4j-cypher-expression-evaluator-5.26.29.jar
                                                                 [classpath] /var/lib/neo4j/lib/jakarta.annotation-api-1.3.5.jar
                                                                 [classpath] /var/lib/neo4j/lib/jctools-core-4.0.5.jar
                                                                 [classpath] /var/lib/neo4j/lib/shiro-crypto-hash-3.0.0.jar
                                                                 [classpath] /var/lib/neo4j/lib/cypher-v25-ast-factory-5.26.29.jar
                                                                 [classpath] /var/lib/neo4j/lib/neo4j-procedure-api-5.26.29.jar
                                                                 [classpath] /var/lib/neo4j/lib/neo4j-common-5.26.29.jar
                                                                 [classpath] /var/lib/neo4j/lib/neo4j-command-line-5.26.29.jar
                                                                 [classpath] /var/lib/neo4j/lib/parquet-hadoop-1.17.1.jar
                                                                 [classpath] /var/lib/neo4j/lib/parquet-format-structures-1.17.1.jar
                                                                 [classpath] /var/lib/neo4j/lib/neo4j-lucene-index-5.26.29.jar
                                                                 [classpath] /var/lib/neo4j/lib/neo4j-procedure-5.26.29.jar
                                                                 [classpath] /var/lib/neo4j/lib/netty-transport-classes-epoll-4.1.136.Final.jar
                                                                 [classpath] /var/lib/neo4j/lib/lucene-core-9.11.1.jar
                                                                
2026-08-23 20:48:35.159+0000 INFO  [o.n.i.d.DiagnosticsManager] 
                                                                --------------------------------------------------------------------------------
                                                                                                [ Library path ]                                
                                                                --------------------------------------------------------------------------------
                                                                /usr/java/packages/lib
                                                                /usr/lib64
                                                                /usr/lib64
                                                                /usr/lib
                                                                /usr/lib
                                                                
2026-08-23 20:48:35.159+0000 INFO  [o.n.i.d.DiagnosticsManager] 
                                                                --------------------------------------------------------------------------------
                                                                                             [ System properties ]                              
                                                                --------------------------------------------------------------------------------
                                                                jdk.tls.rejectClientInitiatedRenegotiation = true
                                                                sun.jnu.encoding = UTF-8
                                                                log4j.layout.jsonTemplate.maxStringLength = 32768
                                                                sun.arch.data.model = 64
                                                                user.timezone = Etc/UTC
                                                                sun.java.launcher = SUN_STANDARD
                                                                sun.boot.library.path = /opt/java/openjdk/lib
                                                                sun.java.command = org.neo4j.server.CommunityEntryPoint --home-dir=/var/lib/neo4j --config-dir=/var/lib/neo4j/conf --console-mode
                                                                jdk.debug = release
                                                                io.netty.tryReflectionSetAccessible = true
                                                                sun.cpu.endian = little
                                                                user.home = /var/lib/neo4j
                                                                user.language = en
                                                                file.separator = /
                                                                jdk.tls.ephemeralDHKeySize = 2048
                                                                sun.management.compiler = HotSpot 64-Bit Tiered Compilers
                                                                user.name = neo4j
                                                                stdout.encoding = UTF-8
                                                                jdk.nio.maxCachedBufferSize = 1024
                                                                path.separator = :
                                                                file.encoding = UTF-8
                                                                jnidispatch.path = /var/lib/neo4j/.cache/JNA/temp/jna2090998837491623670.tmp
                                                                jna.loaded = true
                                                                user.dir = /var/lib/neo4j
                                                                native.encoding = UTF-8
                                                                stderr.encoding = UTF-8
                                                                sun.io.unicode.encoding = UnicodeLittle
                                                                log4j2.disable.jmx = true
                                                                
2026-08-23 20:48:35.159+0000 INFO  [o.n.i.d.DiagnosticsManager] 
                                                                --------------------------------------------------------------------------------
                                                                                      [ (IANA) TimeZone database version ]                      
                                                                --------------------------------------------------------------------------------
                                                                  TimeZone version: 2026b (available for 604 zone identifiers)
                                                                
2026-08-23 20:48:35.159+0000 INFO  [o.n.i.d.DiagnosticsManager] 
                                                                --------------------------------------------------------------------------------
                                                                                            [ Network information ]                             
                                                                --------------------------------------------------------------------------------
                                                                Interface eth0:
                                                                    address: 172.18.0.4
                                                                Interface lo:
                                                                    address: 0:0:0:0:0:0:0:1%lo
                                                                    address: 127.0.0.1
                                                                
2026-08-23 20:48:35.159+0000 INFO  [o.n.i.d.DiagnosticsManager] 
                                                                --------------------------------------------------------------------------------
                                                                                         [ Native access information ]                          
                                                                --------------------------------------------------------------------------------
                                                                Native access details: Linux native access is available.
                                                                
2026-08-23 20:48:35.159+0000 INFO  [o.n.i.d.DiagnosticsManager] 
                                                                --------------------------------------------------------------------------------
                                                                                                [ DBMS config ]                                 
                                                                --------------------------------------------------------------------------------
                                                                DBMS provided settings:
                                                                db.tx_log.rotation.retention_policy=2 days 2G
                                                                server.bolt.enabled=true
                                                                server.default_listen_address=0.0.0.0
                                                                server.directories.import=/var/lib/neo4j/import
                                                                server.directories.logs=/logs
                                                                server.directories.neo4j_home=/var/lib/neo4j
                                                                server.http.enabled=true
                                                                server.https.enabled=false
                                                                server.jvm.additional=-XX:+UseG1GC
-XX:-OmitStackTraceInFastThrow
-XX:+AlwaysPreTouch
-XX:+UnlockExperimentalVMOptions
-XX:+TrustFinalNonStaticFields
-XX:+DisableExplicitGC
-Djdk.nio.maxCachedBufferSize=1024
-Dio.netty.tryReflectionSetAccessible=true
-Djdk.tls.ephemeralDHKeySize=2048
-Djdk.tls.rejectClientInitiatedRenegotiation=true
-XX:FlightRecorderOptions=stackdepth=256
-XX:+UnlockDiagnosticVMOptions
-XX:+DebugNonSafepoints
--add-opens=java.base/java.nio=ALL-UNNAMED
--add-opens=java.base/java.io=ALL-UNNAMED
--add-opens=java.base/sun.nio.ch=ALL-UNNAMED
--enable-native-access=ALL-UNNAMED
-Dlog4j2.disable.jmx=true
-Dlog4j.layout.jsonTemplate.maxStringLength=32768
                                                                server.memory.pagecache.size=512.00MiB
                                                                server.windows_service_name=neo4j
                                                                Directories in use:
                                                                server.directories.data=/var/lib/neo4j/data
                                                                server.directories.dumps.root=/var/lib/neo4j/data/dumps
                                                                server.directories.import=/var/lib/neo4j/import
                                                                server.directories.lib=/var/lib/neo4j/lib
                                                                server.directories.licenses=/var/lib/neo4j/licenses
                                                                server.directories.logs=/logs
                                                                server.directories.neo4j_home=/var/lib/neo4j
                                                                server.directories.plugins=/var/lib/neo4j/plugins
                                                                server.directories.run=/var/lib/neo4j/run
                                                                server.directories.script.root=/var/lib/neo4j/data/scripts
                                                                server.directories.transaction.logs.root=/var/lib/neo4j/data/transactions
                                                                
2026-08-23 20:48:35.159+0000 INFO  [o.n.i.d.DiagnosticsManager] 
                                                                --------------------------------------------------------------------------------
                                                                                                 [ Packaging ]                                  
                                                                --------------------------------------------------------------------------------
                                                                Edition: Community
                                                                Package Type: docker trixie
                                                                
2026-08-23 20:48:35.180+0000 INFO  [o.n.d.i.DefaultIdentityModule] Generated new ServerId: ServerId{47f3f0d0} (47f3f0d0-ca2e-470e-b67a-d38560e1c59b)
2026-08-23 20:48:35.181+0000 INFO  [o.n.d.i.DefaultIdentityModule] This instance is ServerId{47f3f0d0} (47f3f0d0-ca2e-470e-b67a-d38560e1c59b)
2026-08-23 20:48:36.045+0000 INFO  [o.n.s.CommunityNeoWebServer] ======== Neo4j 5.26.29 ========
2026-08-23 20:48:36.059+0000 INFO  [o.n.d.d.DatabaseLifecycles] Creating 'DatabaseId{00000000[system]}'.
2026-08-23 20:48:36.253+0000 INFO  [o.n.b.BoltServer] Using connector transport epoll
2026-08-23 20:48:36.311+0000 INFO  [o.n.b.BoltServer] Configured external Bolt connector with listener address /0.0.0.0:7687
2026-08-23 20:48:36.311+0000 INFO  [o.n.b.BoltServer] Bolt server loaded
2026-08-23 20:48:36.336+0000 INFO  [o.n.d.d.DatabaseLifecycles] Starting 'DatabaseId{00000000[system]}'.
2026-08-23 20:48:37.131+0000 INFO  [o.n.i.d.DiagnosticsManager] [system/00000000] 
                                                                [system/00000000] ********************************************************************************
                                                                [system/00000000]                               [ Database: system ]                              
                                                                [system/00000000] ********************************************************************************
                                                                [system/00000000] --------------------------------------------------------------------------------
                                                                [system/00000000]                                   [ Version ]                                   
                                                                [system/00000000] --------------------------------------------------------------------------------
                                                                [system/00000000] DBMS: community record-aligned-1.1
                                                                [system/00000000] Kernel version: 5.26.29
                                                                [system/00000000] 
                                                                [system/00000000] --------------------------------------------------------------------------------
                                                                [system/00000000]                                 [ Store files ]                                 
                                                                [system/00000000] --------------------------------------------------------------------------------
                                                                [system/00000000] Disk space on partition (Total / Free / Free %): 105086115840 / 20256911360 / 19
                                                                [system/00000000] Storage files stored on file store: ext4
                                                                [system/00000000] Storage files: (filename : modification date - size)
                                                                [system/00000000]   neostore: 2026-08-23 20:48:37.038+0000 - 8.000KiB
                                                                [system/00000000]   neostore.counts.db: 2026-08-23 20:48:37.057+0000 - 0B
                                                                [system/00000000]   neostore.indexstats.db: 2026-08-23 20:48:37.069+0000 - 0B
                                                                [system/00000000]   neostore.labeltokenstore.db: 2026-08-23 20:48:37.023+0000 - 0B
                                                                [system/00000000]   neostore.labeltokenstore.db.id: 2026-08-23 20:48:37.023+0000 - 0B
                                                                [system/00000000]   neostore.labeltokenstore.db.names: 2026-08-23 20:48:37.019+0000 - 8.000KiB
                                                                [system/00000000]   neostore.labeltokenstore.db.names.id: 2026-08-23 20:48:37.019+0000 - 0B
                                                                [system/00000000]   neostore.nodestore.db: 2026-08-23 20:48:36.998+0000 - 0B
                                                                [system/00000000]   neostore.nodestore.db.id: 2026-08-23 20:48:36.998+0000 - 0B
                                                                [system/00000000]   neostore.nodestore.db.labels: 2026-08-23 20:48:36.986+0000 - 8.000KiB
                                                                [system/00000000]   neostore.nodestore.db.labels.id: 2026-08-23 20:48:36.962+0000 - 0B
                                                                [system/00000000]   neostore.propertystore.db: 2026-08-23 20:48:37.013+0000 - 0B
                                                                [system/00000000]   neostore.propertystore.db.arrays: 2026-08-23 20:48:37.008+0000 - 8.000KiB
                                                                [system/00000000]   neostore.propertystore.db.arrays.id: 2026-08-23 20:48:37.008+0000 - 0B
                                                                [system/00000000]   neostore.propertystore.db.id: 2026-08-23 20:48:37.013+0000 - 0B
                                                                [system/00000000]   neostore.propertystore.db.index: 2026-08-23 20:48:37.004+0000 - 0B
                                                                [system/00000000]   neostore.propertystore.db.index.id: 2026-08-23 20:48:37.003+0000 - 0B
                                                                [system/00000000]   neostore.propertystore.db.index.keys: 2026-08-23 20:48:36.999+0000 - 8.000KiB
                                                                [system/00000000]   neostore.propertystore.db.index.keys.id: 2026-08-23 20:48:36.998+0000 - 0B
                                                                [system/00000000]   neostore.propertystore.db.strings: 2026-08-23 20:48:37.004+0000 - 8.000KiB
                                                                [system/00000000]   neostore.propertystore.db.strings.id: 2026-08-23 20:48:37.004+0000 - 0B
                                                                [system/00000000]   neostore.relationshipgroupstore.db: 2026-08-23 20:48:37.029+0000 - 8.000KiB
                                                                [system/00000000]   neostore.relationshipgroupstore.db.id: 2026-08-23 20:48:37.028+0000 - 0B
                                                                [system/00000000]   neostore.relationshipgroupstore.degrees.db: 2026-08-23 20:48:37.065+0000 - 0B
                                                                [system/00000000]   neostore.relationshipstore.db: 2026-08-23 20:48:37.014+0000 - 0B
                                                                [system/00000000]   neostore.relationshipstore.db.id: 2026-08-23 20:48:37.014+0000 - 0B
                                                                [system/00000000]   neostore.relationshiptypestore.db: 2026-08-23 20:48:37.019+0000 - 0B
                                                                [system/00000000]   neostore.relationshiptypestore.db.id: 2026-08-23 20:48:37.018+0000 - 0B
                                                                [system/00000000]   neostore.relationshiptypestore.db.names: 2026-08-23 20:48:37.015+0000 - 8.000KiB
                                                                [system/00000000]   neostore.relationshiptypestore.db.names.id: 2026-08-23 20:48:37.014+0000 - 0B
                                                                [system/00000000]   neostore.schemastore.db: 2026-08-23 20:48:37.024+0000 - 8.000KiB
                                                                [system/00000000]   neostore.schemastore.db.id: 2026-08-23 20:48:37.024+0000 - 0B
                                                                [system/00000000] Storage summary: 
                                                                [system/00000000]   Total size of store: 72.00KiB
                                                                [system/00000000]   Total size of mapped files: 72.00KiB
                                                                [system/00000000] 
                                                                [system/00000000] --------------------------------------------------------------------------------
                                                                [system/00000000]                               [ Transaction log ]                               
                                                                [system/00000000] --------------------------------------------------------------------------------
                                                                [system/00000000] Transaction log files stored on file store: ext4
                                                                [system/00000000] Transaction log metadata:
                                                                [system/00000000]  - current kernel version used in transactions: V5_25
                                                                [system/00000000]  - last committed transaction id: 1
                                                                [system/00000000] Transaction log files:
                                                                [system/00000000]  - existing transaction log versions: -1--1
                                                                [system/00000000]  - no transactions found
                                                                [system/00000000] Checkpoint log files:
                                                                [system/00000000]  - existing checkpoint log versions: -1--1
                                                                [system/00000000]  - no checkpoints found
                                                                [system/00000000] 
                                                                [system/00000000] --------------------------------------------------------------------------------
                                                                [system/00000000]                                   [ Id usage ]                                  
                                                                [system/00000000] --------------------------------------------------------------------------------
                                                                [system/00000000] ArrayPropertyStore[neostore.nodestore.db.labels]: used=1 high=0
                                                                [system/00000000] NodeStore[neostore.nodestore.db]: used=0 high=-1
                                                                [system/00000000] StringPropertyStore[neostore.propertystore.db.index.keys]: used=1 high=0
                                                                [system/00000000] PropertyIndexStore[neostore.propertystore.db.index]: used=0 high=-1
                                                                [system/00000000] StringPropertyStore[neostore.propertystore.db.strings]: used=1 high=0
                                                                [system/00000000] ArrayPropertyStore[neostore.propertystore.db.arrays]: used=1 high=0
                                                                [system/00000000] PropertyStore[neostore.propertystore.db]: used=0 high=-1
                                                                [system/00000000] RelationshipStore[neostore.relationshipstore.db]: used=0 high=-1
                                                                [system/00000000] StringPropertyStore[neostore.relationshiptypestore.db.names]: used=1 high=0
                                                                [system/00000000] RelationshipTypeStore[neostore.relationshiptypestore.db]: used=0 high=-1
                                                                [system/00000000] StringPropertyStore[neostore.labeltokenstore.db.names]: used=1 high=0
                                                                [system/00000000] LabelTokenStore[neostore.labeltokenstore.db]: used=0 high=-1
                                                                [system/00000000] SchemaStore[neostore.schemastore.db]: used=1 high=0
                                                                [system/00000000] RelationshipGroupStore[neostore.relationshipgroupstore.db]: used=1 high=0
                                                                [system/00000000] NeoStore[neostore]: used=-1 high=-1
                                                                [system/00000000] 
                                                                [system/00000000] --------------------------------------------------------------------------------
                                                                [system/00000000]                                   [ Metadata ]                                  
                                                                [system/00000000] --------------------------------------------------------------------------------
                                                                [system/00000000] EXTERNAL_STORE_UUID (Database identifier exposed as external store identity. Generated on creation and never updated): f5971134-e6be-4e06-b1c0-3e1537d4a1e6
                                                                [system/00000000] DATABASE_ID (The last used DatabaseId for this database): null
                                                                [system/00000000] LEGACY_STORE_VERSION (Legacy store format version. This field is used from 5.0 onwards only to distinguish non-migrated pre 5.0 metadata stores.): -3523014627327384477
                                                                [system/00000000] STORE_ID (Store ID): StoreId{creationTime=1787518117037, random=-1085881962731566221, storageEngineName='record', formatName='aligned', majorVersion=1, minorVersion=1}
                                                                [system/00000000] 
2026-08-23 20:48:37.144+0000 INFO  [o.n.k.a.DatabaseAvailabilityGuard] [system/00000000] Requirement `Database unavailable` makes database system unavailable.
2026-08-23 20:48:37.144+0000 INFO  [o.n.k.a.DatabaseAvailabilityGuard] [system/00000000] DatabaseId{00000000[system]} is unavailable.
2026-08-23 20:48:37.152+0000 WARN  [o.n.k.i.s.MetaDataStore] [system/00000000] Missing counts store, rebuilding it.
2026-08-23 20:48:37.155+0000 WARN  [o.n.k.i.s.MetaDataStore] [system/00000000] Counts store rebuild completed.
2026-08-23 20:48:37.168+0000 INFO  [o.n.k.d.Database] [system/00000000] Starting transaction log [/data/transactions/system/neostore.transaction.db.0] at version=0
2026-08-23 20:48:37.180+0000 INFO  [o.n.k.d.Database] [system/00000000] Starting transaction log [/data/transactions/system/checkpoint.0] at version=0
2026-08-23 20:48:37.182+0000 INFO  [o.n.k.i.t.l.f.c.CheckpointLogFile] [system/00000000] Scanning log file with version 0 for checkpoint entries
2026-08-23 20:48:37.190+0000 INFO  [o.n.k.a.DatabaseAvailabilityGuard] [system/00000000] Fulfilling of requirement 'Database unavailable' makes database system available.
2026-08-23 20:48:37.190+0000 INFO  [o.n.k.a.DatabaseAvailabilityGuard] [system/00000000] DatabaseId{00000000[system]} is ready.
2026-08-23 20:48:37.323+0000 INFO  [o.n.k.i.a.i.IndexPopulationJob] [system/00000000] Index population started: [Index( id=1, name='index_343aff4e', type='LOOKUP', schema=(:<any-labels>), indexProvider='token-lookup-1.0' )]
2026-08-23 20:48:37.358+0000 INFO  [o.n.k.i.a.i.IndexPopulationJob] [system/00000000] Index creation finished for index [Index( id=1, name='index_343aff4e', type='LOOKUP', schema=(:<any-labels>), indexProvider='token-lookup-1.0' )].
2026-08-23 20:48:37.364+0000 INFO  [o.n.k.i.a.i.IndexPopulationJob] [system/00000000] Index population started: [Index( id=2, name='index_f7700477', type='LOOKUP', schema=()-[:<any-types>]-(), indexProvider='token-lookup-1.0' )]
2026-08-23 20:48:37.379+0000 INFO  [o.n.k.i.a.i.IndexPopulationJob] [system/00000000] Index creation finished for index [Index( id=2, name='index_f7700477', type='LOOKUP', schema=()-[:<any-types>]-(), indexProvider='token-lookup-1.0' )].
2026-08-23 20:48:37.384+0000 INFO  [o.n.k.i.t.l.c.CheckPointerImpl] [system/00000000] Checkpoint triggered by "Database init completed." @ txId: 3, append index: 3 checkpoint started...
2026-08-23 20:48:37.496+0000 INFO  [o.n.k.i.t.l.c.CheckPointerImpl] [system/00000000] Checkpoint triggered by "Database init completed." @ txId: 3, append index: 3 checkpoint completed in 110ms. Checkpoint flushed 74 pages (0% of total available pages), in 57 IOs. Checkpoint performed with IO limit: unlimited, paused in total 0 times( 0 millis).
2026-08-23 20:48:37.498+0000 INFO  [o.n.k.i.t.l.p.LogPruningImpl] [system/00000000] No log version pruned. The strategy used was '2 days 2147483648 size'. 
2026-08-23 20:48:37.561+0000 INFO  [o.n.k.i.a.i.IndexPopulationJob] [system/00000000] Index population started: [Index( id=3, name='constraint_798238d6', type='RANGE', schema=(:DatabaseName {name, namespace}), indexProvider='range-1.0' )]
2026-08-23 20:48:37.588+0000 INFO  [o.n.k.i.a.i.IndexPopulationJob] [system/00000000] Index creation finished for index [Index( id=3, name='constraint_798238d6', type='RANGE', schema=(:DatabaseName {name, namespace}), indexProvider='range-1.0' )].
2026-08-23 20:48:37.606+0000 INFO  [o.n.k.i.a.i.IndexPopulationJob] [system/00000000] Index population started: [Index( id=4, name='constraint_8014b60a', type='RANGE', schema=(:Database {name}), indexProvider='range-1.0' )]
2026-08-23 20:48:37.619+0000 INFO  [o.n.k.i.a.i.IndexPopulationJob] [system/00000000] Index creation finished for index [Index( id=4, name='constraint_8014b60a', type='RANGE', schema=(:Database {name}), indexProvider='range-1.0' )].
2026-08-23 20:48:37.635+0000 INFO  [o.n.k.i.a.i.IndexingService] [system/00000000] Constraint Index( id=3, name='constraint_798238d6', type='RANGE', schema=(:Label[1] {PropertyKey[11], PropertyKey[12]}), indexProvider='range-1.0' ) is ONLINE.
2026-08-23 20:48:37.635+0000 INFO  [o.n.k.i.a.i.IndexingService] [system/00000000] Constraint Index( id=4, name='constraint_8014b60a', type='RANGE', schema=(:Label[2] {PropertyKey[11]}), indexProvider='range-1.0' ) is ONLINE.
2026-08-23 20:48:37.778+0000 INFO  [o.n.k.i.a.i.IndexPopulationJob] [system/00000000] Index population started: [Index( id=7, name='constraint_5789ae3', type='RANGE', schema=(:User {name}), indexProvider='range-1.0' )]
2026-08-23 20:48:37.792+0000 INFO  [o.n.k.i.a.i.IndexPopulationJob] [system/00000000] Index creation finished for index [Index( id=7, name='constraint_5789ae3', type='RANGE', schema=(:User {name}), indexProvider='range-1.0' )].
2026-08-23 20:48:37.802+0000 INFO  [o.n.k.i.a.i.IndexPopulationJob] [system/00000000] Index population started: [Index( id=8, name='constraint_74fad970', type='RANGE', schema=(:User {id}), indexProvider='range-1.0' )]
2026-08-23 20:48:37.816+0000 INFO  [o.n.k.i.a.i.IndexPopulationJob] [system/00000000] Index creation finished for index [Index( id=8, name='constraint_74fad970', type='RANGE', schema=(:User {id}), indexProvider='range-1.0' )].
2026-08-23 20:48:37.828+0000 INFO  [o.n.k.i.a.i.IndexPopulationJob] [system/00000000] Index population started: [Index( id=9, name='auth-constraint', type='RANGE', schema=(:Auth {provider, id}), indexProvider='range-1.0' )]
2026-08-23 20:48:37.841+0000 INFO  [o.n.k.i.a.i.IndexPopulationJob] [system/00000000] Index creation finished for index [Index( id=9, name='auth-constraint', type='RANGE', schema=(:Auth {provider, id}), indexProvider='range-1.0' )].
2026-08-23 20:48:37.849+0000 INFO  [o.n.k.i.a.i.IndexingService] [system/00000000] Constraint Index( id=7, name='constraint_5789ae3', type='RANGE', schema=(:Label[3] {PropertyKey[11]}), indexProvider='range-1.0' ) is ONLINE.
2026-08-23 20:48:37.849+0000 INFO  [o.n.k.i.a.i.IndexingService] [system/00000000] Constraint Index( id=8, name='constraint_74fad970', type='RANGE', schema=(:Label[3] {PropertyKey[27]}), indexProvider='range-1.0' ) is ONLINE.
2026-08-23 20:48:37.849+0000 INFO  [o.n.k.i.a.i.IndexingService] [system/00000000] Constraint Index( id=9, name='auth-constraint', type='RANGE', schema=(:Label[4] {PropertyKey[28], PropertyKey[27]}), indexProvider='range-1.0' ) is ONLINE.
2026-08-23 20:48:37.850+0000 INFO  [o.n.s.s.s.UserSecurityGraphComponent] Initializing system graph model for component 'security-users' with version -1 and status UNINITIALIZED
2026-08-23 20:48:37.855+0000 INFO  [o.n.s.s.s.UserSecurityGraphComponent] Setting up initial user from `auth.ini` file: neo4j
2026-08-23 20:48:37.856+0000 INFO  [o.n.s.s.a.CommunitySecurityModule] CREATE USER neo4j PASSWORD ****** CHANGE NOT REQUIRED
2026-08-23 20:48:37.866+0000 INFO  [o.n.s.s.s.UserSecurityGraphComponent] Setting version for 'security-users' to 5
2026-08-23 20:48:37.868+0000 INFO  [o.n.s.s.s.UserSecurityGraphComponent] After initialization of system graph model component 'security-users' have version 5 and status CURRENT
2026-08-23 20:48:37.872+0000 INFO  [o.n.s.s.s.UserSecurityGraphComponent] Performing postInitialization step for component 'security-users' with version 5 and status CURRENT
2026-08-23 20:48:37.875+0000 INFO  [o.n.d.d.DatabaseLifecycles] Creating 'DatabaseId{7efa7199[neo4j]}'.
2026-08-23 20:48:37.877+0000 INFO  [o.n.d.d.DatabaseLifecycles] Starting 'DatabaseId{7efa7199[neo4j]}'.
2026-08-23 20:48:37.882+0000 INFO  [o.n.k.i.s.f.RecordFormatSelector] [neo4j/7efa7199] Selected configured format for store /data/databases/neo4j: RecordFormat:PageAlignedV5_0[aligned-1.1]
2026-08-23 20:48:37.923+0000 INFO  [o.n.i.d.DiagnosticsManager] [neo4j/7efa7199] 
                                                                [neo4j/7efa7199] ********************************************************************************
                                                                [neo4j/7efa7199]                               [ Database: neo4j ]                               
                                                                [neo4j/7efa7199] ********************************************************************************
                                                                [neo4j/7efa7199] --------------------------------------------------------------------------------
                                                                [neo4j/7efa7199]                                   [ Version ]                                   
                                                                [neo4j/7efa7199] --------------------------------------------------------------------------------
                                                                [neo4j/7efa7199] DBMS: community record-aligned-1.1
                                                                [neo4j/7efa7199] Kernel version: 5.26.29
                                                                [neo4j/7efa7199] 
                                                                [neo4j/7efa7199] --------------------------------------------------------------------------------
                                                                [neo4j/7efa7199]                                 [ Store files ]                                 
                                                                [neo4j/7efa7199] --------------------------------------------------------------------------------
                                                                [neo4j/7efa7199] Disk space on partition (Total / Free / Free %): 105086115840 / 19986411520 / 19
                                                                [neo4j/7efa7199] Storage files stored on file store: ext4
                                                                [neo4j/7efa7199] Storage files: (filename : modification date - size)
                                                                [neo4j/7efa7199]   neostore: 2026-08-23 20:48:37.913+0000 - 8.000KiB
                                                                [neo4j/7efa7199]   neostore.counts.db: 2026-08-23 20:48:37.916+0000 - 0B
                                                                [neo4j/7efa7199]   neostore.indexstats.db: 2026-08-23 20:48:37.917+0000 - 0B
                                                                [neo4j/7efa7199]   neostore.labeltokenstore.db: 2026-08-23 20:48:37.907+0000 - 0B
                                                                [neo4j/7efa7199]   neostore.labeltokenstore.db.id: 2026-08-23 20:48:37.907+0000 - 0B
                                                                [neo4j/7efa7199]   neostore.labeltokenstore.db.names: 2026-08-23 20:48:37.903+0000 - 8.000KiB
                                                                [neo4j/7efa7199]   neostore.labeltokenstore.db.names.id: 2026-08-23 20:48:37.903+0000 - 0B
                                                                [neo4j/7efa7199]   neostore.nodestore.db: 2026-08-23 20:48:37.887+0000 - 0B
                                                                [neo4j/7efa7199]   neostore.nodestore.db.id: 2026-08-23 20:48:37.887+0000 - 0B
                                                                [neo4j/7efa7199]   neostore.nodestore.db.labels: 2026-08-23 20:48:37.882+0000 - 8.000KiB
                                                                [neo4j/7efa7199]   neostore.nodestore.db.labels.id: 2026-08-23 20:48:37.882+0000 - 0B
                                                                [neo4j/7efa7199]   neostore.propertystore.db: 2026-08-23 20:48:37.899+0000 - 0B
                                                                [neo4j/7efa7199]   neostore.propertystore.db.arrays: 2026-08-23 20:48:37.895+0000 - 8.000KiB
                                                                [neo4j/7efa7199]   neostore.propertystore.db.arrays.id: 2026-08-23 20:48:37.895+0000 - 0B
                                                                [neo4j/7efa7199]   neostore.propertystore.db.id: 2026-08-23 20:48:37.899+0000 - 0B
                                                                [neo4j/7efa7199]   neostore.propertystore.db.index: 2026-08-23 20:48:37.891+0000 - 0B
                                                                [neo4j/7efa7199]   neostore.propertystore.db.index.id: 2026-08-23 20:48:37.891+0000 - 0B
                                                                [neo4j/7efa7199]   neostore.propertystore.db.index.keys: 2026-08-23 20:48:37.888+0000 - 8.000KiB
                                                                [neo4j/7efa7199]   neostore.propertystore.db.index.keys.id: 2026-08-23 20:48:37.887+0000 - 0B
                                                                [neo4j/7efa7199]   neostore.propertystore.db.strings: 2026-08-23 20:48:37.892+0000 - 8.000KiB
                                                                [neo4j/7efa7199]   neostore.propertystore.db.strings.id: 2026-08-23 20:48:37.892+0000 - 0B
                                                                [neo4j/7efa7199]   neostore.relationshipgroupstore.db: 2026-08-23 20:48:37.910+0000 - 8.000KiB
                                                                [neo4j/7efa7199]   neostore.relationshipgroupstore.db.id: 2026-08-23 20:48:37.910+0000 - 0B
                                                                [neo4j/7efa7199]   neostore.relationshipgroupstore.degrees.db: 2026-08-23 20:48:37.917+0000 - 0B
                                                                [neo4j/7efa7199]   neostore.relationshipstore.db: 2026-08-23 20:48:37.899+0000 - 0B
                                                                [neo4j/7efa7199]   neostore.relationshipstore.db.id: 2026-08-23 20:48:37.899+0000 - 0B
                                                                [neo4j/7efa7199]   neostore.relationshiptypestore.db: 2026-08-23 20:48:37.903+0000 - 0B
                                                                [neo4j/7efa7199]   neostore.relationshiptypestore.db.id: 2026-08-23 20:48:37.903+0000 - 0B
                                                                [neo4j/7efa7199]   neostore.relationshiptypestore.db.names: 2026-08-23 20:48:37.900+0000 - 8.000KiB
                                                                [neo4j/7efa7199]   neostore.relationshiptypestore.db.names.id: 2026-08-23 20:48:37.900+0000 - 0B
                                                                [neo4j/7efa7199]   neostore.schemastore.db: 2026-08-23 20:48:37.907+0000 - 8.000KiB
                                                                [neo4j/7efa7199]   neostore.schemastore.db.id: 2026-08-23 20:48:37.907+0000 - 0B
                                                                [neo4j/7efa7199] Storage summary: 
                                                                [neo4j/7efa7199]   Total size of store: 72.00KiB
                                                                [neo4j/7efa7199]   Total size of mapped files: 72.00KiB
                                                                [neo4j/7efa7199] 
                                                                [neo4j/7efa7199] --------------------------------------------------------------------------------
                                                                [neo4j/7efa7199]                               [ Transaction log ]                               
                                                                [neo4j/7efa7199] --------------------------------------------------------------------------------
                                                                [neo4j/7efa7199] Transaction log files stored on file store: ext4
                                                                [neo4j/7efa7199] Transaction log metadata:
                                                                [neo4j/7efa7199]  - current kernel version used in transactions: V5_25
                                                                [neo4j/7efa7199]  - last committed transaction id: 1
                                                                [neo4j/7efa7199] Transaction log files:
                                                                [neo4j/7efa7199]  - existing transaction log versions: -1--1
                                                                [neo4j/7efa7199]  - no transactions found
                                                                [neo4j/7efa7199] Checkpoint log files:
                                                                [neo4j/7efa7199]  - existing checkpoint log versions: -1--1
                                                                [neo4j/7efa7199]  - no checkpoints found
                                                                [neo4j/7efa7199] 
                                                                [neo4j/7efa7199] --------------------------------------------------------------------------------
                                                                [neo4j/7efa7199]                                   [ Id usage ]                                  
                                                                [neo4j/7efa7199] --------------------------------------------------------------------------------
                                                                [neo4j/7efa7199] ArrayPropertyStore[neostore.nodestore.db.labels]: used=1 high=0
                                                                [neo4j/7efa7199] NodeStore[neostore.nodestore.db]: used=0 high=-1
                                                                [neo4j/7efa7199] StringPropertyStore[neostore.propertystore.db.index.keys]: used=1 high=0
                                                                [neo4j/7efa7199] PropertyIndexStore[neostore.propertystore.db.index]: used=0 high=-1
                                                                [neo4j/7efa7199] StringPropertyStore[neostore.propertystore.db.strings]: used=1 high=0
                                                                [neo4j/7efa7199] ArrayPropertyStore[neostore.propertystore.db.arrays]: used=1 high=0
                                                                [neo4j/7efa7199] PropertyStore[neostore.propertystore.db]: used=0 high=-1
                                                                [neo4j/7efa7199] RelationshipStore[neostore.relationshipstore.db]: used=0 high=-1
                                                                [neo4j/7efa7199] StringPropertyStore[neostore.relationshiptypestore.db.names]: used=1 high=0
                                                                [neo4j/7efa7199] RelationshipTypeStore[neostore.relationshiptypestore.db]: used=0 high=-1
                                                                [neo4j/7efa7199] StringPropertyStore[neostore.labeltokenstore.db.names]: used=1 high=0
                                                                [neo4j/7efa7199] LabelTokenStore[neostore.labeltokenstore.db]: used=0 high=-1
                                                                [neo4j/7efa7199] SchemaStore[neostore.schemastore.db]: used=1 high=0
                                                                [neo4j/7efa7199] RelationshipGroupStore[neostore.relationshipgroupstore.db]: used=1 high=0
                                                                [neo4j/7efa7199] NeoStore[neostore]: used=-1 high=-1
                                                                [neo4j/7efa7199] 
                                                                [neo4j/7efa7199] --------------------------------------------------------------------------------
                                                                [neo4j/7efa7199]                                   [ Metadata ]                                  
                                                                [neo4j/7efa7199] --------------------------------------------------------------------------------
                                                                [neo4j/7efa7199] EXTERNAL_STORE_UUID (Database identifier exposed as external store identity. Generated on creation and never updated): 9398bedf-9e18-4801-997f-e5e31b48f286
                                                                [neo4j/7efa7199] DATABASE_ID (The last used DatabaseId for this database): null
                                                                [neo4j/7efa7199] LEGACY_STORE_VERSION (Legacy store format version. This field is used from 5.0 onwards only to distinguish non-migrated pre 5.0 metadata stores.): -3523014627327384477
                                                                [neo4j/7efa7199] STORE_ID (Store ID): StoreId{creationTime=1787518117914, random=1502559886532048127, storageEngineName='record', formatName='aligned', majorVersion=1, minorVersion=1}
                                                                [neo4j/7efa7199] 
2026-08-23 20:48:37.924+0000 INFO  [o.n.k.a.DatabaseAvailabilityGuard] [neo4j/7efa7199] Requirement `Database unavailable` makes database neo4j unavailable.
2026-08-23 20:48:37.924+0000 INFO  [o.n.k.a.DatabaseAvailabilityGuard] [neo4j/7efa7199] DatabaseId{7efa7199[neo4j]} is unavailable.
2026-08-23 20:48:37.925+0000 WARN  [o.n.k.i.s.MetaDataStore] [neo4j/7efa7199] Missing counts store, rebuilding it.
2026-08-23 20:48:37.926+0000 WARN  [o.n.k.i.s.MetaDataStore] [neo4j/7efa7199] Counts store rebuild completed.
2026-08-23 20:48:37.931+0000 INFO  [o.n.k.d.Database] [neo4j/7efa7199] Starting transaction log [/data/transactions/neo4j/neostore.transaction.db.0] at version=0
2026-08-23 20:48:37.936+0000 INFO  [o.n.k.d.Database] [neo4j/7efa7199] Starting transaction log [/data/transactions/neo4j/checkpoint.0] at version=0
2026-08-23 20:48:37.937+0000 INFO  [o.n.k.i.t.l.f.c.CheckpointLogFile] [neo4j/7efa7199] Scanning log file with version 0 for checkpoint entries
2026-08-23 20:48:37.940+0000 INFO  [o.n.k.a.DatabaseAvailabilityGuard] [neo4j/7efa7199] Fulfilling of requirement 'Database unavailable' makes database neo4j available.
2026-08-23 20:48:37.940+0000 INFO  [o.n.k.a.DatabaseAvailabilityGuard] [neo4j/7efa7199] DatabaseId{7efa7199[neo4j]} is ready.
2026-08-23 20:48:37.946+0000 INFO  [o.n.k.i.a.i.IndexPopulationJob] [neo4j/7efa7199] Index population started: [Index( id=1, name='index_343aff4e', type='LOOKUP', schema=(:<any-labels>), indexProvider='token-lookup-1.0' )]
2026-08-23 20:48:37.958+0000 INFO  [o.n.k.i.a.i.IndexPopulationJob] [neo4j/7efa7199] Index creation finished for index [Index( id=1, name='index_343aff4e', type='LOOKUP', schema=(:<any-labels>), indexProvider='token-lookup-1.0' )].
2026-08-23 20:48:37.959+0000 INFO  [o.n.k.i.a.i.IndexPopulationJob] [neo4j/7efa7199] Index population started: [Index( id=2, name='index_f7700477', type='LOOKUP', schema=()-[:<any-types>]-(), indexProvider='token-lookup-1.0' )]
2026-08-23 20:48:37.971+0000 INFO  [o.n.k.i.a.i.IndexPopulationJob] [neo4j/7efa7199] Index creation finished for index [Index( id=2, name='index_f7700477', type='LOOKUP', schema=()-[:<any-types>]-(), indexProvider='token-lookup-1.0' )].
2026-08-23 20:48:37.973+0000 INFO  [o.n.k.i.t.l.c.CheckPointerImpl] [neo4j/7efa7199] Checkpoint triggered by "Database init completed." @ txId: 3, append index: 3 checkpoint started...
2026-08-23 20:48:38.067+0000 INFO  [o.n.k.i.t.l.c.CheckPointerImpl] [neo4j/7efa7199] Checkpoint triggered by "Database init completed." @ txId: 3, append index: 3 checkpoint completed in 93ms. Checkpoint flushed 74 pages (0% of total available pages), in 57 IOs. Checkpoint performed with IO limit: unlimited, paused in total 0 times( 0 millis).
2026-08-23 20:48:38.067+0000 INFO  [o.n.k.i.t.l.p.LogPruningImpl] [neo4j/7efa7199] No log version pruned. The strategy used was '2 days 2147483648 size'. 
2026-08-23 20:48:38.067+0000 INFO  [o.n.u.UserDataCollector] Anonymous Usage Data is being sent to Neo4j, see https://neo4j.com/docs/usage-data/
2026-08-23 20:48:38.096+0000 INFO  [o.n.b.p.c.c.n.SocketNettyConnector] Bolt enabled on 0.0.0.0:7687.
2026-08-23 20:48:38.098+0000 WARN  [i.n.b.ServerBootstrap] Unknown channel option 'SO_REUSEADDR' for channel '[id: 0xbf3f00a7]' of type 'class io.netty.channel.local.LocalServerChannel'
2026-08-23 20:48:38.104+0000 INFO  [o.n.b.BoltServer] Bolt server started
2026-08-23 20:48:38.104+0000 INFO  [o.n.s.A.ServerComponentsLifecycleAdapter] Starting web server
2026-08-23 20:48:39.341+0000 INFO  [o.n.s.CommunityNeoWebServer] HTTP enabled on 0.0.0.0:7474.
2026-08-23 20:48:39.342+0000 INFO  [o.n.s.CommunityNeoWebServer] Remote interface available at http://localhost:7474/
2026-08-23 20:48:39.342+0000 INFO  [o.n.s.A.ServerComponentsLifecycleAdapter] Web server started.
2026-08-23 20:48:39.344+0000 INFO  [o.n.g.f.DatabaseManagementServiceFactory] id: F2D2C5DE77BE3C34B9607B923BB3D2B15214427F692CFA39DE25B6B8CAB44B79
2026-08-23 20:48:39.344+0000 INFO  [o.n.g.f.DatabaseManagementServiceFactory] name: system
2026-08-23 20:48:39.344+0000 INFO  [o.n.g.f.DatabaseManagementServiceFactory] creationDate: 2026-08-23T20:48:37.037Z
2026-08-23 21:03:47.202+0000 INFO  [o.n.k.i.t.l.c.CheckPointerImpl] [system/00000000] Checkpoint triggered by "Scheduled checkpoint for every 15 minutes threshold" @ txId: 41, append index: 41 checkpoint started...
2026-08-23 21:03:47.310+0000 INFO  [o.n.k.i.t.l.c.CheckPointerImpl] [system/00000000] Checkpoint triggered by "Scheduled checkpoint for every 15 minutes threshold" @ txId: 41, append index: 41 checkpoint completed in 107ms. Checkpoint flushed 73 pages (0% of total available pages), in 73 IOs. Checkpoint performed with IO limit: unlimited, paused in total 0 times( 0 millis).
2026-08-23 21:03:47.311+0000 INFO  [o.n.k.i.t.l.p.LogPruningImpl] [system/00000000] No log version pruned. The strategy used was '2 days 2147483648 size'. 
2026-08-23 21:03:47.953+0000 INFO  [o.n.k.i.t.l.c.CheckPointerImpl] [neo4j/7efa7199] Checkpoint triggered by "Scheduled checkpoint for every 15 minutes threshold" @ txId: 54, append index: 54 checkpoint started...
2026-08-23 21:03:48.049+0000 INFO  [o.n.k.i.t.l.c.CheckPointerImpl] [neo4j/7efa7199] Checkpoint triggered by "Scheduled checkpoint for every 15 minutes threshold" @ txId: 54, append index: 54 checkpoint completed in 95ms. Checkpoint flushed 56 pages (0% of total available pages), in 56 IOs. Checkpoint performed with IO limit: unlimited, paused in total 0 times( 0 millis).
2026-08-23 21:03:48.050+0000 INFO  [o.n.k.i.t.l.p.LogPruningImpl] [neo4j/7efa7199] No log version pruned. The strategy used was '2 days 2147483648 size'. 
2026-08-24 01:32:18.205+0000 WARN  [o.n.k.i.c.VmPauseMonitorComponent] Detected VM stop-the-world pause: {pauseTime=25644, gcTime=0, gcCount=0}
2026-08-24 10:21:38.422+0000 INFO  [o.n.k.i.t.l.c.CheckPointerImpl] [neo4j/7efa7199] Checkpoint triggered by "Scheduled checkpoint for every 15 minutes threshold" @ txId: 153, append index: 153 checkpoint started...
2026-08-24 10:21:38.495+0000 INFO  [o.n.k.i.t.l.c.CheckPointerImpl] [neo4j/7efa7199] Checkpoint triggered by "Scheduled checkpoint for every 15 minutes threshold" @ txId: 153, append index: 153 checkpoint completed in 71ms. Checkpoint flushed 59 pages (0% of total available pages), in 57 IOs. Checkpoint performed with IO limit: unlimited, paused in total 0 times( 0 millis).
2026-08-24 10:21:38.495+0000 INFO  [o.n.k.i.t.l.p.LogPruningImpl] [neo4j/7efa7199] No log version pruned. The strategy used was '2 days 2147483648 size'. 
2026-08-24 10:21:38.507+0000 INFO  [o.n.c.i.c.CypherQueryCaches] [neo4j/7efa7199] Discarded stale query from the query cache after 48594 seconds. Reason: NodesWithLabelCardinality(Some(LabelId(2))) changed from 29.0 to 128.0, which is a divergence of 0.7734375 which is greater than threshold 0.05540506221617506. Query id: 131.
2026-08-25 11:44:05.679+0000 INFO  [o.n.g.f.DatabaseManagementServiceFactory] Shutdown started
2026-08-25 11:44:05.781+0000 INFO  [o.n.b.BoltServer] Requested Bolt server shutdown
2026-08-25 11:44:05.782+0000 INFO  [o.n.b.p.c.c.ConnectionRegistry] Stopping remaining idle connections for connector bolt-local
2026-08-25 11:44:05.783+0000 INFO  [o.n.b.p.c.c.ConnectionRegistry] Stopped 0 idling connections for connector bolt-local
2026-08-25 11:44:05.786+0000 INFO  [o.n.b.p.c.c.ConnectionRegistry] Stopping remaining idle connections for connector bolt
2026-08-25 11:44:05.786+0000 INFO  [o.n.b.p.c.c.ConnectionRegistry] Stopped 0 idling connections for connector bolt
2026-08-25 11:44:05.787+0000 INFO  [o.n.d.d.DatabaseLifecycles] Stopping 'DatabaseId{7efa7199[neo4j]}'.
2026-08-25 11:44:05.916+0000 INFO  [o.n.k.a.DatabaseAvailabilityGuard] [neo4j/7efa7199] Requirement `Database unavailable` makes database neo4j unavailable.
2026-08-25 11:44:05.916+0000 INFO  [o.n.k.a.DatabaseAvailabilityGuard] [neo4j/7efa7199] DatabaseId{7efa7199[neo4j]} is unavailable.
2026-08-25 11:44:05.920+0000 INFO  [o.n.k.d.Database] [neo4j/7efa7199] Waiting for closing transactions.
2026-08-25 11:44:05.923+0000 INFO  [o.n.k.d.Database] [neo4j/7efa7199] All transactions are closed.
2026-08-25 11:44:05.925+0000 INFO  [o.n.k.i.t.l.c.CheckPointerImpl] [neo4j/7efa7199] Checkpoint triggered by "Database shutdown" @ txId: 153, append index: 153 checkpoint started...
2026-08-25 11:44:05.997+0000 INFO  [o.n.k.i.t.l.c.CheckPointerImpl] [neo4j/7efa7199] Checkpoint triggered by "Database shutdown" @ txId: 153, append index: 153 checkpoint completed in 71ms. Checkpoint flushed 23 pages (0% of total available pages), in 22 IOs. Checkpoint performed with IO limit: unlimited, paused in total 0 times( 0 millis).
2026-08-25 11:44:05.998+0000 INFO  [o.n.k.i.t.l.p.LogPruningImpl] [neo4j/7efa7199] No log version pruned. The strategy used was '2 days 2147483648 size'. 
2026-08-25 11:44:06.040+0000 INFO  [o.n.d.d.DatabaseLifecycles] Stopped 'DatabaseId{7efa7199[neo4j]}' successfully.
2026-08-25 11:44:06.040+0000 INFO  [o.n.d.d.DatabaseLifecycles] Stopping 'DatabaseId{00000000[system]}'.
2026-08-25 11:44:06.040+0000 INFO  [o.n.k.a.DatabaseAvailabilityGuard] [system/00000000] Requirement `Database unavailable` makes database system unavailable.
2026-08-25 11:44:06.040+0000 INFO  [o.n.k.a.DatabaseAvailabilityGuard] [system/00000000] DatabaseId{00000000[system]} is unavailable.
2026-08-25 11:44:06.041+0000 INFO  [o.n.k.d.Database] [system/00000000] Waiting for closing transactions.
2026-08-25 11:44:06.041+0000 INFO  [o.n.k.d.Database] [system/00000000] All transactions are closed.
2026-08-25 11:44:06.041+0000 INFO  [o.n.k.i.t.l.c.CheckPointerImpl] [system/00000000] Checkpoint triggered by "Database shutdown" @ txId: 41, append index: 41 checkpoint started...
2026-08-25 11:44:06.113+0000 INFO  [o.n.k.i.t.l.c.CheckPointerImpl] [system/00000000] Checkpoint triggered by "Database shutdown" @ txId: 41, append index: 41 checkpoint completed in 72ms. Checkpoint flushed 28 pages (0% of total available pages), in 27 IOs. Checkpoint performed with IO limit: unlimited, paused in total 0 times( 0 millis).
2026-08-25 11:44:06.113+0000 INFO  [o.n.k.i.t.l.p.LogPruningImpl] [system/00000000] No log version pruned. The strategy used was '2 days 2147483648 size'. 
2026-08-25 11:44:06.153+0000 INFO  [o.n.d.d.DatabaseLifecycles] Stopped 'DatabaseId{00000000[system]}' successfully.
2026-08-25 11:44:06.161+0000 INFO  [o.n.b.BoltServer] Shutting down Bolt server
2026-08-25 11:44:11.177+0000 INFO  [o.n.b.p.c.c.ConnectionRegistry] Stopping 0 connections for connector bolt-local
2026-08-25 11:44:11.179+0000 INFO  [o.n.b.p.c.c.ConnectionRegistry] Stopped all remaining connections for connector bolt-local
2026-08-25 11:44:11.180+0000 INFO  [o.n.b.p.c.c.ConnectionRegistry] Stopping 0 connections for connector bolt
2026-08-25 11:44:11.180+0000 INFO  [o.n.b.p.c.c.ConnectionRegistry] Stopped all remaining connections for connector bolt
2026-08-25 11:44:11.183+0000 INFO  [o.n.b.BoltServer] Bolt server has been shut down
2026-08-25 11:44:45.547+0000 INFO  [o.n.g.f.m.GlobalModule] Logging config in use: File '/var/lib/neo4j/conf/server-logs.xml'
2026-08-25 11:44:45.684+0000 WARN  [o.n.k.i.JvmChecker] The max heap memory has not been configured. It is recommended that it is always explicitly configured, to ensure the system has a balanced configuration. Until then, a JVM computed heuristic of 2082471936 bytes is used instead. If you are running neo4j server, you need to configure server.memory.heap.max_size in neo4j.conf. If you are running neo4j embedded, you have to launch the JVM with -Xmx set to a value. You can run neo4j-admin server memory-recommendation for memory configuration suggestions.
2026-08-25 11:44:45.685+0000 WARN  [o.n.k.i.JvmChecker] The initial heap memory has not been configured. It is recommended that it is always explicitly configured, to ensure the system has a balanced configuration. Until then, a JVM computed heuristic of 132120576 bytes is used instead. If you are running neo4j server, you need to configure server.memory.heap.initial_size in neo4j.conf. If you are running neo4j embedded, you have to launch the JVM with -Xms set to a value. You can run neo4j-admin server memory-recommendation for memory configuration suggestions.
2026-08-25 11:44:45.948+0000 INFO  [o.n.i.d.DiagnosticsManager] 
                                                                ********************************************************************************
                                                                                             [ System diagnostics ]                             
                                                                ********************************************************************************
2026-08-25 11:44:45.948+0000 INFO  [o.n.i.d.DiagnosticsManager] 
                                                                --------------------------------------------------------------------------------
                                                                                         [ System memory information ]                          
                                                                --------------------------------------------------------------------------------
                                                                Total Physical memory: 7.755GiB
                                                                Free Physical memory: 823.8MiB
                                                                Committed virtual memory: 5.082GiB
                                                                Total swap space: 4.000GiB
                                                                Free swap space: 3.852GiB
                                                                
2026-08-25 11:44:45.948+0000 INFO  [o.n.i.d.DiagnosticsManager] 
                                                                --------------------------------------------------------------------------------
                                                                                           [ JVM memory information ]                           
                                                                --------------------------------------------------------------------------------
                                                                Free  memory: 48.34MiB
                                                                Total memory: 77.00MiB
                                                                Max   memory: 1.939GiB
                                                                Garbage Collector: G1 Young Generation: [G1 Eden Space, G1 Survivor Space, G1 Old Gen]
                                                                Garbage Collector: G1 Concurrent GC: [G1 Old Gen]
                                                                Garbage Collector: G1 Old Generation: [G1 Eden Space, G1 Survivor Space, G1 Old Gen]
                                                                Memory Pool: CodeHeap 'non-nmethods' (Non-heap memory): committed=2.438MiB, used=1.486MiB, max=5.566MiB, threshold=0B
                                                                Memory Pool: Metaspace (Non-heap memory): committed=22.38MiB, used=22.01MiB, max=-1B, threshold=0B
                                                                Memory Pool: CodeHeap 'profiled nmethods' (Non-heap memory): committed=5.375MiB, used=5.337MiB, max=117.2MiB, threshold=0B
                                                                Memory Pool: Compressed Class Space (Non-heap memory): committed=2.500MiB, used=2.324MiB, max=1.000GiB, threshold=0B
                                                                Memory Pool: G1 Eden Space (Heap memory): committed=49.00MiB, used=6.000MiB, max=-1B, threshold=?
                                                                Memory Pool: G1 Old Gen (Heap memory): committed=26.00MiB, used=19.66MiB, max=1.939GiB, threshold=0B
                                                                Memory Pool: G1 Survivor Space (Heap memory): committed=2.000MiB, used=2.000MiB, max=-1B, threshold=?
                                                                Memory Pool: CodeHeap 'non-profiled nmethods' (Non-heap memory): committed=2.438MiB, used=1.409MiB, max=117.2MiB, threshold=0B
                                                                
2026-08-25 11:44:45.948+0000 INFO  [o.n.i.d.DiagnosticsManager] 
                                                                --------------------------------------------------------------------------------
                                                                                        [ Operating system information ]                        
                                                                --------------------------------------------------------------------------------
                                                                Operating System: Linux; version: 6.8.0-138-generic; arch: amd64; cpus: 4
                                                                Max number of file descriptors: 524288
                                                                Number of open file descriptors: 229
                                                                Process id: 8
                                                                Byte order: LITTLE_ENDIAN
                                                                Local timezone: Etc/UTC
                                                                Memory page size: 4096
                                                                Unaligned memory access allowed: true
                                                                
2026-08-25 11:44:45.948+0000 INFO  [o.n.i.d.DiagnosticsManager] 
                                                                --------------------------------------------------------------------------------
                                                                                              [ JVM information ]                               
                                                                --------------------------------------------------------------------------------
                                                                VM Name: OpenJDK 64-Bit Server VM
                                                                VM Vendor: Eclipse Adoptium
                                                                VM Version: 21.0.12+8-LTS
                                                                JIT compiler: HotSpot 64-Bit Tiered Compilers
                                                                VM Arguments: [-XX:+UseG1GC, -XX:-OmitStackTraceInFastThrow, -XX:+AlwaysPreTouch, -XX:+UnlockExperimentalVMOptions, -XX:+TrustFinalNonStaticFields, -XX:+DisableExplicitGC, -Djdk.nio.maxCachedBufferSize=1024, -Dio.netty.tryReflectionSetAccessible=true, -Djdk.tls.ephemeralDHKeySize=2048, -Djdk.tls.rejectClientInitiatedRenegotiation=true, -XX:FlightRecorderOptions=stackdepth=256, -XX:+UnlockDiagnosticVMOptions, -XX:+DebugNonSafepoints, --add-opens=java.base/java.nio=ALL-UNNAMED, --add-opens=java.base/java.io=ALL-UNNAMED, --add-opens=java.base/sun.nio.ch=ALL-UNNAMED, --enable-native-access=ALL-UNNAMED, -Dlog4j2.disable.jmx=true, -Dlog4j.layout.jsonTemplate.maxStringLength=32768, -Dfile.encoding=UTF-8]
                                                                
2026-08-25 11:44:45.948+0000 INFO  [o.n.i.d.DiagnosticsManager] 
                                                                --------------------------------------------------------------------------------
                                                                                               [ Java classpath ]                               
                                                                --------------------------------------------------------------------------------
                                                                 [classpath] /var/lib/neo4j/lib/jetty-http2-hpack-12.1.11.jar
                                                                 [classpath] /var/lib/neo4j/lib/jetty-security-12.1.11.jar
                                                                 [classpath] /var/lib/neo4j/lib/neo4j-diagnostics-5.26.29.jar
                                                                 [classpath] /var/lib/neo4j/lib/neo4j-expressions-5.26.29.jar
                                                                 [classpath] /var/lib/neo4j/lib/neo4j-codegen-5.26.29.jar
                                                                 [classpath] /var/lib/neo4j/lib/neo4j-logging-5.26.29.jar
                                                                 [classpath] /var/lib/neo4j/lib/jetty-session-12.1.11.jar
                                                                 [classpath] /var/lib/neo4j/lib/neo4j-fabric-5.26.29.jar
                                                                 [classpath] /var/lib/neo4j/lib/neo4j-security-5.26.29.jar
                                                                 [classpath] /var/lib/neo4j/lib/jaxb-runtime-2.3.2.jar
                                                                 [classpath] /var/lib/neo4j/lib/neo4j-cypher-macros-5.26.29.jar
                                                                 [classpath] /var/lib/neo4j/lib/shiro-crypto-core-3.0.0.jar
                                                                 [classpath] /var/lib/neo4j/lib/jackson-jaxrs-base-2.22.1.jar
                                                                 [classpath] /var/lib/neo4j/lib/antlr4-runtime-4.13.2.jar
                                                                 [classpath] /var/lib/neo4j/lib/neo4j-layout-5.26.29.jar
                                                                 [classpath] /var/lib/neo4j/lib/caffeine-3.1.8.jar
                                                                 [classpath] /var/lib/neo4j/lib/magnolia_2.13-1.1.8.jar
                                                                 [classpath] /var/lib/neo4j/lib/scala-library-2.13.11.jar
                                                                 [classpath] /var/lib/neo4j/lib/commons-compress-1.27.1.jar
                                                                 [classpath] /var/lib/neo4j/conf/*
                                                                 [classpath] /var/lib/neo4j/lib/WMI4Java-1.6.3.jar
                                                                 [classpath] /var/lib/neo4j/lib/jakarta.xml.bind-api-2.3.2.jar
                                                                 [classpath] /var/lib/neo4j/lib/neo4j-concurrent-5.26.29.jar
                                                                 [classpath] /var/lib/neo4j/lib/jProcesses-1.6.5.jar
                                                                 [classpath] /var/lib/neo4j/lib/neo4j-monitoring-5.26.29.jar
                                                                 [classpath] /var/lib/neo4j/lib/hk2-locator-2.6.1.jar
                                                                 [classpath] /var/lib/neo4j/lib/shiro-config-core-3.0.0.jar
                                                                 [classpath] /var/lib/neo4j/lib/log4j-core-2.26.1.jar
                                                                 [classpath] /var/lib/neo4j/lib/neo4j-ssl-5.26.29.jar
                                                                 [classpath] /var/lib/neo4j/lib/neo4j-cypher-javacc-parser-5.26.29.jar
                                                                 [classpath] /var/lib/neo4j/lib/neo4j-cypher-rendering-5.26.29.jar
                                                                 [classpath] /var/lib/neo4j/lib/jetty-http-12.1.11.jar
                                                                 [classpath] /var/lib/neo4j/lib/parquet-column-1.17.1.jar
                                                                 [classpath] /var/lib/neo4j/lib/snappy-java-1.1.10.7.jar
                                                                 [classpath] /var/lib/neo4j/lib/annotations-5.26.29.jar
                                                                 [classpath] /var/lib/neo4j/lib/eclipse-collections-api-11.1.0.jar
                                                                 [classpath] /var/lib/neo4j/lib/jersey-container-servlet-2.46.jar
                                                                 [classpath] /var/lib/neo4j/lib/neo4j-configuration-5.26.29.jar
                                                                 [classpath] /var/lib/neo4j/lib/jansi-2.4.0.jar
                                                                 [classpath] /var/lib/neo4j/lib/neo4j-cypher-planner-5.26.29.jar
                                                                 [classpath] /var/lib/neo4j/lib/jline-terminal-3.21.0.jar
                                                                 [classpath] /var/lib/neo4j/lib/ipaddress-5.5.1.jar
                                                                 [classpath] /var/lib/neo4j/lib/netty-transport-native-epoll-4.1.136.Final-linux-aarch_64.jar
                                                                 [classpath] /var/lib/neo4j/lib/lucene-queryparser-9.11.1.jar
                                                                 [classpath] /var/lib/neo4j/lib/neo4j-bolt-connection-12.0.0.jar
                                                                 [classpath] /var/lib/neo4j/lib/jetty-ee8-nested-12.1.11.jar
                                                                 [classpath] /var/lib/neo4j/lib/neo4j-id-generator-5.26.29.jar
                                                                 [classpath] /var/lib/neo4j/lib/jetty-servlet-api-4.0.9.jar
                                                                 [classpath] /var/lib/neo4j/lib/neo4j-values-5.26.29.jar
                                                                 [classpath] /var/lib/neo4j/lib/cypher-antlr-common-5.26.29.jar
                                                                 [classpath] /var/lib/neo4j/lib/reactor-core-3.7.12.jar
                                                                 [classpath] /var/lib/neo4j/lib/jetty-http2-server-12.1.11.jar
                                                                 [classpath] /var/lib/neo4j/lib/netty-transport-classes-kqueue-4.1.136.Final.jar
                                                                 [classpath] /var/lib/neo4j/lib/zstd-jni-1.5.6-6.jar
                                                                 [classpath] /var/lib/neo4j/lib/jakarta.ws.rs-api-2.1.6.jar
                                                                 [classpath] /var/lib/neo4j/lib/kiama_2.13-2.5.1.jar
                                                                 [classpath] /var/lib/neo4j/lib/neo4j-unsafe-5.26.29.jar
                                                                 [classpath] /var/lib/neo4j/lib/neo4j-cypher-logical-plans-5.26.29.jar
                                                                 [classpath] /var/lib/neo4j/lib/lucene-analysis-common-9.11.1.jar
                                                                 [classpath] /var/lib/neo4j/lib/neo4j-bolt-5.26.29.jar
                                                                 [classpath] /var/lib/neo4j/lib/istack-commons-runtime-3.0.8.jar
                                                                 [classpath] /var/lib/neo4j/lib/shiro-crypto-cipher-3.0.0.jar
                                                                 [classpath] /var/lib/neo4j/lib/eclipse-collections-11.1.0.jar
                                                                 [classpath] /var/lib/neo4j/lib/netty-handler-4.1.136.Final.jar
                                                                 [classpath] /var/lib/neo4j/lib/parquet-floor-1.62.jar
                                                                 [classpath] /var/lib/neo4j/lib/log4j-layout-template-json-2.26.1.jar
                                                                 [classpath] /var/lib/neo4j/lib/neo4j-front-end-5.26.29.jar
                                                                 [classpath] /var/lib/neo4j/lib/commons-text-1.12.0.jar
                                                                 [classpath] /var/lib/neo4j/lib/neo4j-fulltext-index-5.26.29.jar
                                                                 [classpath] /var/lib/neo4j/lib/neo4j-5.26.29.jar
                                                                 [classpath] /var/lib/neo4j/lib/jts-core-1.20.0.jar
                                                                 [classpath] /var/lib/neo4j/lib/parquet-common-1.17.1.jar
                                                                 [classpath] /var/lib/neo4j/lib/neo4j-consistency-check-5.26.29.jar
                                                                 [classpath] /var/lib/neo4j/lib/cypher-parser-ast-common-5.26.29.jar
                                                                 [classpath] /var/lib/neo4j/lib/jakarta.validation-api-2.0.2.jar
                                                                 [classpath] /var/lib/neo4j/lib/picocli-4.7.6.jar
                                                                 [classpath] /var/lib/neo4j/lib/cypher-v5-literal-interpreter-5.26.29.jar
                                                                 [classpath] /var/lib/neo4j/lib/hk2-utils-2.6.1.jar
                                                                 [classpath] /var/lib/neo4j/lib/stax-ex-1.8.1.jar
                                                                 [classpath] /var/lib/neo4j/lib/txw2-2.3.2.jar
                                                                 [classpath] /var/lib/neo4j/lib/neo4j-graph-algo-5.26.29.jar
                                                                 [classpath] /var/lib/neo4j/lib/jackson-module-jaxb-annotations-2.22.1.jar
                                                                 [classpath] /var/lib/neo4j/lib/neo4j-cypher-physical-planning-5.26.29.jar
                                                                 [classpath] /var/lib/neo4j/lib/commons-io-2.17.0.jar
                                                                 [classpath] /var/lib/neo4j/lib/argparse4j-0.9.0.jar
                                                                 [classpath] /var/lib/neo4j/lib/neo4j-bootcheck-5.26.29.jar
                                                                 [classpath] /var/lib/neo4j/lib/neo4j-kernel-5.26.29.jar
                                                                 [classpath] /var/lib/neo4j/lib/neo4j-record-storage-engine-5.26.29.jar
                                                                 [classpath] /var/lib/neo4j/lib/netty-transport-native-kqueue-4.1.136.Final-osx-aarch_64.jar
                                                                 [classpath] /var/lib/neo4j/lib/cypher-v5-ast-factory-5.26.29.jar
                                                                 [classpath] /var/lib/neo4j/lib/cypher-parser-common-5.26.29.jar
                                                                 [classpath] /var/lib/neo4j/lib/neo4j-schema-5.26.29.jar
                                                                 [classpath] /var/lib/neo4j/lib/neo4j-wal-5.26.29.jar
                                                                 [classpath] /var/lib/neo4j/lib/parquet-encoding-1.17.1.jar
                                                                 [classpath] /var/lib/neo4j/lib/shiro-core-3.0.0.jar
                                                                 [classpath] /var/lib/neo4j/lib/cypher-v5-parser-listener-5.26.29.jar
                                                                 [classpath] /var/lib/neo4j/lib/cypher-v25-parser-listener-5.26.29.jar
                                                                 [classpath] /var/lib/neo4j/lib/lucene-backward-codecs-9.11.1.jar
                                                                 [classpath] /var/lib/neo4j/lib/netty-transport-native-unix-common-4.1.136.Final.jar
                                                                 [classpath] /var/lib/neo4j/lib/neo4j-resource-5.26.29.jar
                                                                 [classpath] /var/lib/neo4j/lib/neo4j-import-api-5.26.29.jar
                                                                 [classpath] /var/lib/neo4j/lib/neo4j-bolt-connection-pooled-12.0.0.jar
                                                                 [classpath] /var/lib/neo4j/lib/neo4j-kernel-api-5.26.29.jar
                                                                 [classpath] /var/lib/neo4j/lib/neo4j-storage-engine-util-5.26.29.jar
                                                                 [classpath] /var/lib/neo4j/lib/neo4j-slf4j-provider-5.26.29.jar
                                                                 [classpath] /var/lib/neo4j/lib/neo4j-notifications-5.26.29.jar
                                                                 [classpath] /var/lib/neo4j/lib/neo4j-cypher-planner-spi-5.26.29.jar
                                                                 [classpath] /var/lib/neo4j/lib/scala-collection-contrib_2.13-0.3.0.jar
                                                                 [classpath] /var/lib/neo4j/lib/jetty-ee-webapp-12.1.11.jar
                                                                 [classpath] /var/lib/neo4j/lib/jetty-io-12.1.11.jar
                                                                 [classpath] /var/lib/neo4j/lib/neo4j-bolt-connection-netty-12.0.0.jar
                                                                 [classpath] /var/lib/neo4j/lib/jetty-ee8-security-12.1.11.jar
                                                                 [classpath] /var/lib/neo4j/lib/neo4j-bolt-connection-routed-12.0.0.jar
                                                                 [classpath] /var/lib/neo4j/lib/commons-codec-1.17.1.jar
                                                                 [classpath] /var/lib/neo4j/lib/zstd-proxy-5.26.29.jar
                                                                 [classpath] /var/lib/neo4j/lib/netty-resolver-4.1.136.Final.jar
                                                                 [classpath] /var/lib/neo4j/lib/jPowerShell-3.0.jar
                                                                 [classpath] /var/lib/neo4j/lib/jetty-ee8-servlet-12.1.11.jar
                                                                 [classpath] /var/lib/neo4j/lib/reactive-streams-1.0.4.jar
                                                                 [classpath] /var/lib/neo4j/lib/neo4j-native-5.26.29.jar
                                                                 [classpath] /var/lib/neo4j/lib/server-api-5.26.29.jar
                                                                 [classpath] /var/lib/neo4j/lib/neo4j-import-tool-5.26.29.jar
                                                                 [classpath] /var/lib/neo4j/lib/neo4j-cloud-5.26.29.jar
                                                                 [classpath] /var/lib/neo4j/lib/neo4j-gql-status-5.26.29.jar
                                                                 [classpath] /var/lib/neo4j/lib/neo4j-capabilities-5.26.29.jar
                                                                 [classpath] /var/lib/neo4j/lib/shiro-lang-3.0.0.jar
                                                                 [classpath] /var/lib/neo4j/lib/neo4j-rewriting-5.26.29.jar
                                                                 [classpath] /var/lib/neo4j/lib/jaxb-api-2.2.12.jar
                                                                 [classpath] /var/lib/neo4j/lib/neo4j-index-5.26.29.jar
                                                                 [classpath] /var/lib/neo4j/lib/neo4j-exceptions-5.26.29.jar
                                                                 [classpath] /var/lib/neo4j/lib/netty-codec-4.1.136.Final.jar
                                                                 [classpath] /var/lib/neo4j/lib/jetty-alpn-server-12.1.11.jar
                                                                 [classpath] /var/lib/neo4j/lib/neo4j-cypher-dsl-2024.2.0.jar
                                                                 [classpath] /var/lib/neo4j/lib/cypher-ast-factory-5.26.29.jar
                                                                 [classpath] /var/lib/neo4j/lib/neo4j-server-5.26.29.jar
                                                                 [classpath] /var/lib/neo4j/lib/shiro-event-3.0.0.jar
                                                                 [classpath] /var/lib/neo4j/lib/javax.annotation-api-1.3.2.jar
                                                                 [classpath] /var/lib/neo4j/lib/jna-5.15.0.jar
                                                                 [classpath] /var/lib/neo4j/lib/neo4j-cypher-slotted-runtime-5.26.29.jar
                                                                 [classpath] /var/lib/neo4j/lib/neo4j-import-util-5.26.29.jar
                                                                 [classpath] /var/lib/neo4j/lib/shiro-cache-3.0.0.jar
                                                                 [classpath] /var/lib/neo4j/lib/jersey-common-2.46.jar
                                                                 [classpath] /var/lib/neo4j/lib/neo4j-cypher-ir-5.26.29.jar
                                                                 [classpath] /var/lib/neo4j/lib/log4j-api-2.26.1.jar
                                                                 [classpath] /var/lib/neo4j/lib/cypher-v5-antlr-parser-5.26.29.jar
                                                                 [classpath] /var/lib/neo4j/lib/jersey-client-2.46.jar
                                                                 [classpath] /var/lib/neo4j/lib/neo4j-spatial-index-5.26.29.jar
                                                                 [classpath] /var/lib/neo4j/lib/jersey-hk2-2.46.jar
                                                                 [classpath] /var/lib/neo4j/lib/neo4j-data-collector-5.26.29.jar
                                                                 [classpath] /var/lib/neo4j/lib/jetty-alpn-java-server-12.1.11.jar
                                                                 [classpath] /var/lib/neo4j/lib/netty-common-4.1.136.Final.jar
                                                                 [classpath] /var/lib/neo4j/lib/neo4j-cypher-5.26.29.jar
                                                                 [classpath] /var/lib/neo4j/lib/jersey-server-2.46.jar
                                                                 [classpath] /var/lib/neo4j/lib/cypher-shell-5.26.29.jar
                                                                 [classpath] /var/lib/neo4j/lib/jetty-xml-12.1.11.jar
                                                                 [classpath] /var/lib/neo4j/lib/neo4j-cypher-interpreted-runtime-5.26.29.jar
                                                                 [classpath] /var/lib/neo4j/lib/jline-terminal-jansi-3.21.0.jar
                                                                 [classpath] /var/lib/neo4j/lib/jackson-core-2.22.1.jar
                                                                 [classpath] /var/lib/neo4j/lib/neo4j-java-driver-5.28.14.jar
                                                                 [classpath] /var/lib/neo4j/lib/hk2-api-2.6.1.jar
                                                                 [classpath] /var/lib/neo4j/lib/netty-transport-native-kqueue-4.1.136.Final-osx-x86_64.jar
                                                                 [classpath] /var/lib/neo4j/lib/neo4j-cypher-runtime-util-5.26.29.jar
                                                                 [classpath] /var/lib/neo4j/lib/jetty-http2-common-12.1.11.jar
                                                                 [classpath] /var/lib/neo4j/lib/neo4j-lock-5.26.29.jar
                                                                 [classpath] /var/lib/neo4j/lib/neo4j-collections-5.26.29.jar
                                                                 [classpath] /var/lib/neo4j/lib/neo4j-query-router-5.26.29.jar
                                                                 [classpath] /var/lib/neo4j/lib/jackson-annotations-2.22.jar
                                                                 [classpath] /var/lib/neo4j/lib/neo4j-ast-5.26.29.jar
                                                                 [classpath] /var/lib/neo4j/lib/neo4j-io-5.26.29.jar
                                                                 [classpath] /var/lib/neo4j/lib/parquet-jackson-1.17.1.jar
                                                                 [classpath] /var/lib/neo4j/lib/neo4j-token-api-5.26.29.jar
                                                                 [classpath] /var/lib/neo4j/lib/commons-logging-1.3.4.jar
                                                                 [classpath] /var/lib/neo4j/lib/jakarta.activation-api-1.2.2.jar
                                                                 [classpath] /var/lib/neo4j/plugins/*
                                                                 [classpath] /var/lib/neo4j/lib/jetty-server-12.1.11.jar
                                                                 [classpath] /var/lib/neo4j/lib/commons-configuration2-2.15.1.jar
                                                                 [classpath] /var/lib/neo4j/lib/netty-buffer-4.1.136.Final.jar
                                                                 [classpath] /var/lib/neo4j/lib/jersey-container-servlet-core-2.46.jar
                                                                 [classpath] /var/lib/neo4j/lib/netty-transport-native-epoll-4.1.136.Final-linux-x86_64.jar
                                                                 [classpath] /var/lib/neo4j/lib/neo4j-dbms-5.26.29.jar
                                                                 [classpath] /var/lib/neo4j/lib/netty-codec-http-4.1.136.Final.jar
                                                                 [classpath] /var/lib/neo4j/lib/cypher-v25-antlr-parser-5.26.29.jar
                                                                 [classpath] /var/lib/neo4j/lib/jetty-util-12.1.11.jar
                                                                 [classpath] /var/lib/neo4j/lib/jettison-1.5.4.jar
                                                                 [classpath] /var/lib/neo4j/lib/jakarta.inject-2.6.1.jar
                                                                 [classpath] /var/lib/neo4j/lib/neo4j-push-to-cloud-5.26.29.jar
                                                                 [classpath] /var/lib/neo4j/lib/netty-tcnative-classes-2.0.78.Final.jar
                                                                 [classpath] /var/lib/neo4j/lib/neo4j-graphdb-api-5.26.29.jar
                                                                 [classpath] /var/lib/neo4j/lib/slf4j-api-2.0.9.jar
                                                                 [classpath] /var/lib/neo4j/lib/jline-reader-3.21.0.jar
                                                                 [classpath] /var/lib/neo4j/lib/neo4j-cypher-config-5.26.29.jar
                                                                 [classpath] /var/lib/neo4j/lib/FastInfoset-1.2.16.jar
                                                                 [classpath] /var/lib/neo4j/lib/jackson-jaxrs-json-provider-2.22.1.jar
                                                                 [classpath] /var/lib/neo4j/lib/javassist-3.30.2-GA.jar
                                                                 [classpath] /var/lib/neo4j/lib/neo4j-cypher-cache-5.26.29.jar
                                                                 [classpath] /var/lib/neo4j/lib/neo4j-udc-5.26.29.jar
                                                                 [classpath] /var/lib/neo4j/lib/cypher-parser-factory-5.26.29.jar
                                                                 [classpath] /var/lib/neo4j/lib/cypher-antlr-ast-common-5.26.29.jar
                                                                 [classpath] /var/lib/neo4j/lib/netty-transport-4.1.136.Final.jar
                                                                 [classpath] /var/lib/neo4j/lib/jetty-ee8-webapp-12.1.11.jar
                                                                 [classpath] /var/lib/neo4j/lib/neo4j-cypher-ast-factory-5.26.29.jar
                                                                 [classpath] /var/lib/neo4j/lib/neo4j-util-5.26.29.jar
                                                                 [classpath] /var/lib/neo4j/lib/commons-lang3-3.18.0.jar
                                                                 [classpath] /var/lib/neo4j/lib/neo4j-csv-5.26.29.jar
                                                                 [classpath] /var/lib/neo4j/lib/jackson-databind-2.22.1.jar
                                                                 [classpath] /var/lib/neo4j/lib/scala-reflect-2.13.11.jar
                                                                 [classpath] /var/lib/neo4j/lib/neo4j-cypher-expression-evaluator-5.26.29.jar
                                                                 [classpath] /var/lib/neo4j/lib/jakarta.annotation-api-1.3.5.jar
                                                                 [classpath] /var/lib/neo4j/lib/jctools-core-4.0.5.jar
                                                                 [classpath] /var/lib/neo4j/lib/shiro-crypto-hash-3.0.0.jar
                                                                 [classpath] /var/lib/neo4j/lib/cypher-v25-ast-factory-5.26.29.jar
                                                                 [classpath] /var/lib/neo4j/lib/neo4j-procedure-api-5.26.29.jar
                                                                 [classpath] /var/lib/neo4j/lib/neo4j-common-5.26.29.jar
                                                                 [classpath] /var/lib/neo4j/lib/neo4j-command-line-5.26.29.jar
                                                                 [classpath] /var/lib/neo4j/lib/parquet-hadoop-1.17.1.jar
                                                                 [classpath] /var/lib/neo4j/lib/parquet-format-structures-1.17.1.jar
                                                                 [classpath] /var/lib/neo4j/lib/neo4j-lucene-index-5.26.29.jar
                                                                 [classpath] /var/lib/neo4j/lib/neo4j-procedure-5.26.29.jar
                                                                 [classpath] /var/lib/neo4j/lib/netty-transport-classes-epoll-4.1.136.Final.jar
                                                                 [classpath] /var/lib/neo4j/lib/lucene-core-9.11.1.jar
                                                                
2026-08-25 11:44:45.948+0000 INFO  [o.n.i.d.DiagnosticsManager] 
                                                                --------------------------------------------------------------------------------
                                                                                                [ Library path ]                                
                                                                --------------------------------------------------------------------------------
                                                                /usr/java/packages/lib
                                                                /usr/lib64
                                                                /usr/lib64
                                                                /usr/lib
                                                                /usr/lib
                                                                
2026-08-25 11:44:45.948+0000 INFO  [o.n.i.d.DiagnosticsManager] 
                                                                --------------------------------------------------------------------------------
                                                                                             [ System properties ]                              
                                                                --------------------------------------------------------------------------------
                                                                jdk.tls.rejectClientInitiatedRenegotiation = true
                                                                sun.jnu.encoding = UTF-8
                                                                log4j.layout.jsonTemplate.maxStringLength = 32768
                                                                sun.arch.data.model = 64
                                                                user.timezone = Etc/UTC
                                                                sun.java.launcher = SUN_STANDARD
                                                                sun.boot.library.path = /opt/java/openjdk/lib
                                                                sun.java.command = org.neo4j.server.CommunityEntryPoint --home-dir=/var/lib/neo4j --config-dir=/var/lib/neo4j/conf --console-mode
                                                                jdk.debug = release
                                                                io.netty.tryReflectionSetAccessible = true
                                                                sun.cpu.endian = little
                                                                user.home = /var/lib/neo4j
                                                                user.language = en
                                                                file.separator = /
                                                                jdk.tls.ephemeralDHKeySize = 2048
                                                                sun.management.compiler = HotSpot 64-Bit Tiered Compilers
                                                                user.name = neo4j
                                                                stdout.encoding = UTF-8
                                                                jdk.nio.maxCachedBufferSize = 1024
                                                                path.separator = :
                                                                file.encoding = UTF-8
                                                                jnidispatch.path = /var/lib/neo4j/.cache/JNA/temp/jna1178795054697751912.tmp
                                                                jna.loaded = true
                                                                user.dir = /var/lib/neo4j
                                                                native.encoding = UTF-8
                                                                stderr.encoding = UTF-8
                                                                sun.io.unicode.encoding = UnicodeLittle
                                                                log4j2.disable.jmx = true
                                                                
2026-08-25 11:44:45.948+0000 INFO  [o.n.i.d.DiagnosticsManager] 
                                                                --------------------------------------------------------------------------------
                                                                                      [ (IANA) TimeZone database version ]                      
                                                                --------------------------------------------------------------------------------
                                                                  TimeZone version: 2026b (available for 604 zone identifiers)
                                                                
2026-08-25 11:44:45.948+0000 INFO  [o.n.i.d.DiagnosticsManager] 
                                                                --------------------------------------------------------------------------------
                                                                                            [ Network information ]                             
                                                                --------------------------------------------------------------------------------
                                                                Interface eth0:
                                                                    address: 172.18.0.4
                                                                Interface lo:
                                                                    address: 0:0:0:0:0:0:0:1%lo
                                                                    address: 127.0.0.1
                                                                
2026-08-25 11:44:45.948+0000 INFO  [o.n.i.d.DiagnosticsManager] 
                                                                --------------------------------------------------------------------------------
                                                                                         [ Native access information ]                          
                                                                --------------------------------------------------------------------------------
                                                                Native access details: Linux native access is available.
                                                                
2026-08-25 11:44:45.948+0000 INFO  [o.n.i.d.DiagnosticsManager] 
                                                                --------------------------------------------------------------------------------
                                                                                                [ DBMS config ]                                 
                                                                --------------------------------------------------------------------------------
                                                                DBMS provided settings:
                                                                db.tx_log.rotation.retention_policy=2 days 2G
                                                                server.bolt.enabled=true
                                                                server.default_listen_address=0.0.0.0
                                                                server.directories.import=/var/lib/neo4j/import
                                                                server.directories.logs=/logs
                                                                server.directories.neo4j_home=/var/lib/neo4j
                                                                server.http.enabled=true
                                                                server.https.enabled=false
                                                                server.jvm.additional=-XX:+UseG1GC
-XX:-OmitStackTraceInFastThrow
-XX:+AlwaysPreTouch
-XX:+UnlockExperimentalVMOptions
-XX:+TrustFinalNonStaticFields
-XX:+DisableExplicitGC
-Djdk.nio.maxCachedBufferSize=1024
-Dio.netty.tryReflectionSetAccessible=true
-Djdk.tls.ephemeralDHKeySize=2048
-Djdk.tls.rejectClientInitiatedRenegotiation=true
-XX:FlightRecorderOptions=stackdepth=256
-XX:+UnlockDiagnosticVMOptions
-XX:+DebugNonSafepoints
--add-opens=java.base/java.nio=ALL-UNNAMED
--add-opens=java.base/java.io=ALL-UNNAMED
--add-opens=java.base/sun.nio.ch=ALL-UNNAMED
--enable-native-access=ALL-UNNAMED
-Dlog4j2.disable.jmx=true
-Dlog4j.layout.jsonTemplate.maxStringLength=32768
                                                                server.memory.pagecache.size=512.00MiB
                                                                server.windows_service_name=neo4j
                                                                Directories in use:
                                                                server.directories.data=/var/lib/neo4j/data
                                                                server.directories.dumps.root=/var/lib/neo4j/data/dumps
                                                                server.directories.import=/var/lib/neo4j/import
                                                                server.directories.lib=/var/lib/neo4j/lib
                                                                server.directories.licenses=/var/lib/neo4j/licenses
                                                                server.directories.logs=/logs
                                                                server.directories.neo4j_home=/var/lib/neo4j
                                                                server.directories.plugins=/var/lib/neo4j/plugins
                                                                server.directories.run=/var/lib/neo4j/run
                                                                server.directories.script.root=/var/lib/neo4j/data/scripts
                                                                server.directories.transaction.logs.root=/var/lib/neo4j/data/transactions
                                                                
2026-08-25 11:44:45.948+0000 INFO  [o.n.i.d.DiagnosticsManager] 
                                                                --------------------------------------------------------------------------------
                                                                                                 [ Packaging ]                                  
                                                                --------------------------------------------------------------------------------
                                                                Edition: Community
                                                                Package Type: docker trixie
                                                                
2026-08-25 11:44:45.983+0000 INFO  [o.n.d.i.DefaultIdentityModule] Found ServerId on disk: ServerId{47f3f0d0} (47f3f0d0-ca2e-470e-b67a-d38560e1c59b)
2026-08-25 11:44:45.984+0000 INFO  [o.n.d.i.DefaultIdentityModule] This instance is ServerId{47f3f0d0} (47f3f0d0-ca2e-470e-b67a-d38560e1c59b)
2026-08-25 11:44:46.887+0000 INFO  [o.n.s.CommunityNeoWebServer] ======== Neo4j 5.26.29 ========
2026-08-25 11:44:46.903+0000 INFO  [o.n.d.d.DatabaseLifecycles] Creating 'DatabaseId{00000000[system]}'.
2026-08-25 11:44:47.091+0000 INFO  [o.n.b.BoltServer] Using connector transport epoll
2026-08-25 11:44:47.164+0000 INFO  [o.n.b.BoltServer] Configured external Bolt connector with listener address /0.0.0.0:7687
2026-08-25 11:44:47.166+0000 INFO  [o.n.b.BoltServer] Bolt server loaded
2026-08-25 11:44:47.185+0000 INFO  [o.n.d.d.DatabaseLifecycles] Starting 'DatabaseId{00000000[system]}'.
2026-08-25 11:44:47.840+0000 INFO  [o.n.k.i.t.l.f.c.CheckpointLogFile] [system/00000000] Scanning log file with version 0 for checkpoint entries
2026-08-25 11:44:47.877+0000 INFO  [o.n.k.i.s.f.RecordFormatSelector] [system/00000000] Selected RecordFormat:PageAlignedV5_0[aligned-1.1] record format from store /data/databases/system
2026-08-25 11:44:47.878+0000 INFO  [o.n.k.i.s.f.RecordFormatSelector] [system/00000000] Selected format from the store files: RecordFormat:PageAlignedV5_0[aligned-1.1]
2026-08-25 11:44:48.115+0000 INFO  [o.n.i.d.DiagnosticsManager] [system/00000000] 
                                                                [system/00000000] ********************************************************************************
                                                                [system/00000000]                               [ Database: system ]                              
                                                                [system/00000000] ********************************************************************************
                                                                [system/00000000] --------------------------------------------------------------------------------
                                                                [system/00000000]                                   [ Version ]                                   
                                                                [system/00000000] --------------------------------------------------------------------------------
                                                                [system/00000000] DBMS: community record-aligned-1.1
                                                                [system/00000000] Kernel version: 5.26.29
                                                                [system/00000000] 
                                                                [system/00000000] --------------------------------------------------------------------------------
                                                                [system/00000000]                                 [ Store files ]                                 
                                                                [system/00000000] --------------------------------------------------------------------------------
                                                                [system/00000000] Disk space on partition (Total / Free / Free %): 105086115840 / 70775283712 / 67
                                                                [system/00000000] Storage files stored on file store: ext4
                                                                [system/00000000] Storage files: (filename : modification date - size)
                                                                [system/00000000]   database_lock: 2026-08-23 20:48:37.143+0000 - 0B
                                                                [system/00000000]   neostore: 2026-08-23 20:48:37.038+0000 - 8.000KiB
                                                                [system/00000000]   neostore.counts.db: 2026-08-25 11:44:48.004+0000 - 48.00KiB
                                                                [system/00000000]   neostore.indexstats.db: 2026-08-25 11:44:48.022+0000 - 48.00KiB
                                                                [system/00000000]   neostore.labeltokenstore.db: 2026-08-23 21:03:47.294+0000 - 8.000KiB
                                                                [system/00000000]   neostore.labeltokenstore.db.id: 2026-08-25 11:44:47.979+0000 - 40.00KiB
                                                                [system/00000000]   neostore.labeltokenstore.db.names: 2026-08-23 21:03:47.299+0000 - 8.000KiB
                                                                [system/00000000]   neostore.labeltokenstore.db.names.id: 2026-08-25 11:44:47.977+0000 - 40.00KiB
                                                                [system/00000000]   neostore.nodestore.db: 2026-08-23 21:03:47.301+0000 - 8.000KiB
                                                                [system/00000000]   neostore.nodestore.db.id: 2026-08-25 11:44:47.929+0000 - 40.00KiB
                                                                [system/00000000]   neostore.nodestore.db.labels: 2026-08-23 20:48:36.986+0000 - 8.000KiB
                                                                [system/00000000]   neostore.nodestore.db.labels.id: 2026-08-25 11:44:47.920+0000 - 40.00KiB
                                                                [system/00000000]   neostore.propertystore.db: 2026-08-23 21:03:47.296+0000 - 8.000KiB
                                                                [system/00000000]   neostore.propertystore.db.arrays: 2026-08-23 20:48:37.008+0000 - 8.000KiB
                                                                [system/00000000]   neostore.propertystore.db.arrays.id: 2026-08-25 11:44:47.952+0000 - 40.00KiB
                                                                [system/00000000]   neostore.propertystore.db.id: 2026-08-25 11:44:47.957+0000 - 40.00KiB
                                                                [system/00000000]   neostore.propertystore.db.index: 2026-08-23 21:03:47.297+0000 - 8.000KiB
                                                                [system/00000000]   neostore.propertystore.db.index.id: 2026-08-25 11:44:47.945+0000 - 40.00KiB
                                                                [system/00000000]   neostore.propertystore.db.index.keys: 2026-08-23 21:03:47.304+0000 - 8.000KiB
                                                                [system/00000000]   neostore.propertystore.db.index.keys.id: 2026-08-25 11:44:47.934+0000 - 40.00KiB
                                                                [system/00000000]   neostore.propertystore.db.strings: 2026-08-23 21:03:47.303+0000 - 8.000KiB
                                                                [system/00000000]   neostore.propertystore.db.strings.id: 2026-08-25 11:44:47.949+0000 - 40.00KiB
                                                                [system/00000000]   neostore.relationshipgroupstore.db: 2026-08-23 20:48:37.029+0000 - 8.000KiB
                                                                [system/00000000]   neostore.relationshipgroupstore.db.id: 2026-08-25 11:44:47.985+0000 - 40.00KiB
                                                                [system/00000000]   neostore.relationshipgroupstore.degrees.db: 2026-08-25 11:44:48.015+0000 - 40.00KiB
                                                                [system/00000000]   neostore.relationshipstore.db: 2026-08-23 21:03:47.299+0000 - 8.000KiB
                                                                [system/00000000]   neostore.relationshipstore.db.id: 2026-08-25 11:44:47.960+0000 - 40.00KiB
                                                                [system/00000000]   neostore.relationshiptypestore.db: 2026-08-23 21:03:47.305+0000 - 8.000KiB
                                                                [system/00000000]   neostore.relationshiptypestore.db.id: 2026-08-25 11:44:47.972+0000 - 40.00KiB
                                                                [system/00000000]   neostore.relationshiptypestore.db.names: 2026-08-23 21:03:47.293+0000 - 8.000KiB
                                                                [system/00000000]   neostore.relationshiptypestore.db.names.id: 2026-08-25 11:44:47.963+0000 - 40.00KiB
                                                                [system/00000000]   neostore.schemastore.db: 2026-08-23 21:03:47.298+0000 - 8.000KiB
                                                                [system/00000000]   neostore.schemastore.db.id: 2026-08-25 11:44:47.982+0000 - 40.00KiB
                                                                [system/00000000]   schema:
                                                                [system/00000000]     index:
                                                                [system/00000000]       range-1.0:
                                                                [system/00000000]         3:
                                                                [system/00000000]           index-3: 2026-08-25 11:44:06.115+0000 - 48.00KiB
                                                                [system/00000000]         - Total: 2026-08-23 20:48:37.561+0000 - 48.00KiB
                                                                [system/00000000]         4:
                                                                [system/00000000]           index-4: 2026-08-25 11:44:06.117+0000 - 48.00KiB
                                                                [system/00000000]         - Total: 2026-08-23 20:48:37.606+0000 - 48.00KiB
                                                                [system/00000000]         7:
                                                                [system/00000000]           index-7: 2026-08-25 11:44:06.118+0000 - 48.00KiB
                                                                [system/00000000]         - Total: 2026-08-23 20:48:37.778+0000 - 48.00KiB
                                                                [system/00000000]         8:
                                                                [system/00000000]           index-8: 2026-08-25 11:44:06.119+0000 - 48.00KiB
                                                                [system/00000000]         - Total: 2026-08-23 20:48:37.802+0000 - 48.00KiB
                                                                [system/00000000]         9:
                                                                [system/00000000]           index-9: 2026-08-25 11:44:06.121+0000 - 48.00KiB
                                                                [system/00000000]         - Total: 2026-08-23 20:48:37.827+0000 - 48.00KiB
                                                                [system/00000000]       - Total: 2026-08-23 20:48:37.827+0000 - 240.0KiB
                                                                [system/00000000]       token-lookup-1.0:
                                                                [system/00000000]         1:
                                                                [system/00000000]           index-1: 2026-08-25 11:44:06.112+0000 - 48.00KiB
                                                                [system/00000000]         - Total: 2026-08-23 20:48:37.324+0000 - 48.00KiB
                                                                [system/00000000]         2:
                                                                [system/00000000]           index-2: 2026-08-25 11:44:06.114+0000 - 48.00KiB
                                                                [system/00000000]         - Total: 2026-08-23 20:48:37.364+0000 - 48.00KiB
                                                                [system/00000000]       - Total: 2026-08-23 20:48:37.364+0000 - 96.00KiB
                                                                [system/00000000]     - Total: 2026-08-23 20:48:37.561+0000 - 336.0KiB
                                                                [system/00000000]   - Total: 2026-08-23 20:48:37.322+0000 - 336.0KiB
                                                                [system/00000000] Storage summary: 
                                                                [system/00000000]   Total size of store: 1.125MiB
                                                                [system/00000000]   Total size of mapped files: 456.0KiB
                                                                [system/00000000] 
                                                                [system/00000000] --------------------------------------------------------------------------------
                                                                [system/00000000]                               [ Transaction log ]                               
                                                                [system/00000000] --------------------------------------------------------------------------------
                                                                [system/00000000] Transaction log files stored on file store: ext4
                                                                [system/00000000] Transaction log metadata:
                                                                [system/00000000]  - current kernel version used in transactions: V5_25
                                                                [system/00000000]  - last committed transaction id: 41
                                                                [system/00000000] Transaction log files:
                                                                [system/00000000]  - existing transaction log versions: 0-0
                                                                [system/00000000]  - oldest append index 2 found in log with version 0
                                                                [system/00000000]  - files: (filename : creation date - size)
                                                                [system/00000000]      neostore.transaction.db.0: 2026-08-23 20:48:37.155+0000 - 256.0MiB
                                                                [system/00000000]  - total size of files: 256.0MiB
                                                                [system/00000000] Checkpoint log files:
                                                                [system/00000000]  - existing checkpoint log versions: 0-0
                                                                [system/00000000]  - last checkpoint: CheckpointInfo[oldestNotVisibleTransactionLogPosition=LogPosition{logVersion=0, byteOffset=24028}, transactionLogPosition=LogPosition{logVersion=0, byteOffset=24028}, storeId=StoreId{creationTime=1787518117037, random=-1085881962731566221, storageEngineName='record', formatName='aligned', majorVersion=1, minorVersion=1}, checkpointEntryPosition=LogPosition{logVersion=0, byteOffset=592}, channelPositionAfterCheckpoint=LogPosition{logVersion=0, byteOffset=824}, checkpointFilePostReadPosition=LogPosition{logVersion=0, byteOffset=824}, kernelVersion=KernelVersion{V5_25,version=20}, kernelVersionByte=20, transactionId=TransactionId[id=41, appendIndex=41, kernelVersion=KernelVersion{V5_25,version=20}, checksum=-119534126, commitTimestamp=1787518117868, consensusIndex=-1], appendIndex=41, reason=Checkpoint triggered by "Database shutdown" @ txId: 41, append index: 41, consensusIndexInCheckpoint=true]
                                                                [system/00000000] 
                                                                [system/00000000] --------------------------------------------------------------------------------
                                                                [system/00000000]                                   [ Id usage ]                                  
                                                                [system/00000000] --------------------------------------------------------------------------------
                                                                [system/00000000] ArrayPropertyStore[neostore.nodestore.db.labels]: used=1 high=0
                                                                [system/00000000] NodeStore[neostore.nodestore.db]: used=7 high=6
                                                                [system/00000000] StringPropertyStore[neostore.propertystore.db.index.keys]: used=47 high=46
                                                                [system/00000000] PropertyIndexStore[neostore.propertystore.db.index]: used=33 high=32
                                                                [system/00000000] StringPropertyStore[neostore.propertystore.db.strings]: used=3 high=2
                                                                [system/00000000] ArrayPropertyStore[neostore.propertystore.db.arrays]: used=1 high=0
                                                                [system/00000000] PropertyStore[neostore.propertystore.db]: used=73 high=72
                                                                [system/00000000] RelationshipStore[neostore.relationshipstore.db]: used=3 high=2
                                                                [system/00000000] StringPropertyStore[neostore.relationshiptypestore.db.names]: used=3 high=2
                                                                [system/00000000] RelationshipTypeStore[neostore.relationshiptypestore.db]: used=2 high=1
                                                                [system/00000000] StringPropertyStore[neostore.labeltokenstore.db.names]: used=6 high=5
                                                                [system/00000000] LabelTokenStore[neostore.labeltokenstore.db]: used=5 high=4
                                                                [system/00000000] SchemaStore[neostore.schemastore.db]: used=13 high=12
                                                                [system/00000000] RelationshipGroupStore[neostore.relationshipgroupstore.db]: used=1 high=0
                                                                [system/00000000] NeoStore[neostore]: used=-1 high=-1
                                                                [system/00000000] 
                                                                [system/00000000] --------------------------------------------------------------------------------
                                                                [system/00000000]                                   [ Metadata ]                                  
                                                                [system/00000000] --------------------------------------------------------------------------------
                                                                [system/00000000] EXTERNAL_STORE_UUID (Database identifier exposed as external store identity. Generated on creation and never updated): f5971134-e6be-4e06-b1c0-3e1537d4a1e6
                                                                [system/00000000] DATABASE_ID (The last used DatabaseId for this database): null
                                                                [system/00000000] LEGACY_STORE_VERSION (Legacy store format version. This field is used from 5.0 onwards only to distinguish non-migrated pre 5.0 metadata stores.): -3523014627327384477
                                                                [system/00000000] STORE_ID (Store ID): StoreId{creationTime=1787518117037, random=-1085881962731566221, storageEngineName='record', formatName='aligned', majorVersion=1, minorVersion=1}
                                                                [system/00000000] 
2026-08-25 11:44:48.200+0000 INFO  [o.n.k.i.a.i.IndexingService] [system/00000000] IndexingService.init: indexes not specifically mentioned above are ONLINE. Total 7 indexes. Processed in 49ms
2026-08-25 11:44:48.203+0000 INFO  [o.n.k.a.DatabaseAvailabilityGuard] [system/00000000] Requirement `Database unavailable` makes database system unavailable.
2026-08-25 11:44:48.203+0000 INFO  [o.n.k.a.DatabaseAvailabilityGuard] [system/00000000] DatabaseId{00000000[system]} is unavailable.
2026-08-25 11:44:48.210+0000 INFO  [o.n.k.d.Database] [system/00000000] Starting transaction log [/data/transactions/system/neostore.transaction.db.0] at version=0
2026-08-25 11:44:48.213+0000 INFO  [o.n.k.d.Database] [system/00000000] Starting transaction log [/data/transactions/system/checkpoint.0] at version=0
2026-08-25 11:44:48.213+0000 INFO  [o.n.k.i.t.l.f.c.CheckpointLogFile] [system/00000000] Scanning log file with version 0 for checkpoint entries
2026-08-25 11:44:48.217+0000 INFO  [o.n.k.i.a.i.IndexingService] [system/00000000] IndexingService.start: indexes not specifically mentioned above are ONLINE. Total 7 indexes. Processed in 0ms
2026-08-25 11:44:48.226+0000 INFO  [o.n.k.a.DatabaseAvailabilityGuard] [system/00000000] Fulfilling of requirement 'Database unavailable' makes database system available.
2026-08-25 11:44:48.226+0000 INFO  [o.n.k.a.DatabaseAvailabilityGuard] [system/00000000] DatabaseId{00000000[system]} is ready.
2026-08-25 11:44:48.318+0000 INFO  [o.n.s.s.s.UserSecurityGraphComponent] Performing postInitialization step for component 'security-users' with version 5 and status CURRENT
2026-08-25 11:44:48.318+0000 INFO  [o.n.s.s.s.UserSecurityGraphComponent] Updating the initial password in component 'security-users'
2026-08-25 11:44:48.333+0000 INFO  [o.n.d.d.DatabaseLifecycles] Creating 'DatabaseId{7efa7199[neo4j]}'.
2026-08-25 11:44:48.335+0000 INFO  [o.n.d.d.DatabaseLifecycles] Starting 'DatabaseId{7efa7199[neo4j]}'.
2026-08-25 11:44:48.342+0000 INFO  [o.n.k.i.t.l.f.c.CheckpointLogFile] [neo4j/7efa7199] Scanning log file with version 0 for checkpoint entries
2026-08-25 11:44:48.350+0000 INFO  [o.n.k.i.s.f.RecordFormatSelector] [neo4j/7efa7199] Selected RecordFormat:PageAlignedV5_0[aligned-1.1] record format from store /data/databases/neo4j
2026-08-25 11:44:48.350+0000 INFO  [o.n.k.i.s.f.RecordFormatSelector] [neo4j/7efa7199] Selected format from the store files: RecordFormat:PageAlignedV5_0[aligned-1.1]
2026-08-25 11:44:48.399+0000 INFO  [o.n.i.d.DiagnosticsManager] [neo4j/7efa7199] 
                                                                [neo4j/7efa7199] ********************************************************************************
                                                                [neo4j/7efa7199]                               [ Database: neo4j ]                               
                                                                [neo4j/7efa7199] ********************************************************************************
                                                                [neo4j/7efa7199] --------------------------------------------------------------------------------
                                                                [neo4j/7efa7199]                                   [ Version ]                                   
                                                                [neo4j/7efa7199] --------------------------------------------------------------------------------
                                                                [neo4j/7efa7199] DBMS: community record-aligned-1.1
                                                                [neo4j/7efa7199] Kernel version: 5.26.29
                                                                [neo4j/7efa7199] 
                                                                [neo4j/7efa7199] --------------------------------------------------------------------------------
                                                                [neo4j/7efa7199]                                 [ Store files ]                                 
                                                                [neo4j/7efa7199] --------------------------------------------------------------------------------
                                                                [neo4j/7efa7199] Disk space on partition (Total / Free / Free %): 105086115840 / 70775259136 / 67
                                                                [neo4j/7efa7199] Storage files stored on file store: ext4
                                                                [neo4j/7efa7199] Storage files: (filename : modification date - size)
                                                                [neo4j/7efa7199]   database_lock: 2026-08-23 20:48:37.923+0000 - 0B
                                                                [neo4j/7efa7199]   neostore: 2026-08-23 20:48:37.913+0000 - 8.000KiB
                                                                [neo4j/7efa7199]   neostore.counts.db: 2026-08-25 11:44:48.384+0000 - 48.00KiB
                                                                [neo4j/7efa7199]   neostore.indexstats.db: 2026-08-25 11:44:48.389+0000 - 48.00KiB
                                                                [neo4j/7efa7199]   neostore.labeltokenstore.db: 2026-08-23 21:03:48.023+0000 - 8.000KiB
                                                                [neo4j/7efa7199]   neostore.labeltokenstore.db.id: 2026-08-25 11:44:48.376+0000 - 40.00KiB
                                                                [neo4j/7efa7199]   neostore.labeltokenstore.db.names: 2026-08-23 21:03:48.045+0000 - 8.000KiB
                                                                [neo4j/7efa7199]   neostore.labeltokenstore.db.names.id: 2026-08-25 11:44:48.375+0000 - 40.00KiB
                                                                [neo4j/7efa7199]   neostore.nodestore.db: 2026-08-24 10:21:38.483+0000 - 8.000KiB
                                                                [neo4j/7efa7199]   neostore.nodestore.db.id: 2026-08-25 11:44:48.353+0000 - 40.00KiB
                                                                [neo4j/7efa7199]   neostore.nodestore.db.labels: 2026-08-23 20:48:37.882+0000 - 8.000KiB
                                                                [neo4j/7efa7199]   neostore.nodestore.db.labels.id: 2026-08-25 11:44:48.351+0000 - 40.00KiB
                                                                [neo4j/7efa7199]   neostore.propertystore.db: 2026-08-24 10:21:38.477+0000 - 56.00KiB
                                                                [neo4j/7efa7199]   neostore.propertystore.db.arrays: 2026-08-23 20:48:37.895+0000 - 8.000KiB
                                                                [neo4j/7efa7199]   neostore.propertystore.db.arrays.id: 2026-08-25 11:44:48.363+0000 - 40.00KiB
                                                                [neo4j/7efa7199]   neostore.propertystore.db.id: 2026-08-25 11:44:48.365+0000 - 40.00KiB
                                                                [neo4j/7efa7199]   neostore.propertystore.db.index: 2026-08-23 21:03:48.041+0000 - 8.000KiB
                                                                [neo4j/7efa7199]   neostore.propertystore.db.index.id: 2026-08-25 11:44:48.358+0000 - 48.00KiB
                                                                [neo4j/7efa7199]   neostore.propertystore.db.index.keys: 2026-08-23 21:03:48.044+0000 - 8.000KiB
                                                                [neo4j/7efa7199]   neostore.propertystore.db.index.keys.id: 2026-08-25 11:44:48.355+0000 - 40.00KiB
                                                                [neo4j/7efa7199]   neostore.propertystore.db.strings: 2026-08-24 10:21:38.473+0000 - 64.00KiB
                                                                [neo4j/7efa7199]   neostore.propertystore.db.strings.id: 2026-08-25 11:44:48.360+0000 - 40.00KiB
                                                                [neo4j/7efa7199]   neostore.relationshipgroupstore.db: 2026-08-24 10:21:38.489+0000 - 8.000KiB
                                                                [neo4j/7efa7199]   neostore.relationshipgroupstore.db.id: 2026-08-25 11:44:48.381+0000 - 40.00KiB
                                                                [neo4j/7efa7199]   neostore.relationshipgroupstore.degrees.db: 2026-08-25 11:44:48.386+0000 - 48.00KiB
                                                                [neo4j/7efa7199]   neostore.relationshipstore.db: 2026-08-24 10:21:38.480+0000 - 16.00KiB
                                                                [neo4j/7efa7199]   neostore.relationshipstore.db.id: 2026-08-25 11:44:48.367+0000 - 40.00KiB
                                                                [neo4j/7efa7199]   neostore.relationshiptypestore.db: 2026-08-23 21:03:48.033+0000 - 8.000KiB
                                                                [neo4j/7efa7199]   neostore.relationshiptypestore.db.id: 2026-08-25 11:44:48.372+0000 - 40.00KiB
                                                                [neo4j/7efa7199]   neostore.relationshiptypestore.db.names: 2026-08-23 21:03:48.040+0000 - 8.000KiB
                                                                [neo4j/7efa7199]   neostore.relationshiptypestore.db.names.id: 2026-08-25 11:44:48.370+0000 - 40.00KiB
                                                                [neo4j/7efa7199]   neostore.schemastore.db: 2026-08-23 20:48:38.058+0000 - 8.000KiB
                                                                [neo4j/7efa7199]   neostore.schemastore.db.id: 2026-08-25 11:44:48.378+0000 - 40.00KiB
                                                                [neo4j/7efa7199]   schema:
                                                                [neo4j/7efa7199]     index:
                                                                [neo4j/7efa7199]       token-lookup-1.0:
                                                                [neo4j/7efa7199]         1:
                                                                [neo4j/7efa7199]           index-1: 2026-08-25 11:44:06.004+0000 - 48.00KiB
                                                                [neo4j/7efa7199]         - Total: 2026-08-23 20:48:37.946+0000 - 48.00KiB
                                                                [neo4j/7efa7199]         2:
                                                                [neo4j/7efa7199]           index-2: 2026-08-25 11:44:06.007+0000 - 48.00KiB
                                                                [neo4j/7efa7199]         - Total: 2026-08-23 20:48:37.959+0000 - 48.00KiB
                                                                [neo4j/7efa7199]       - Total: 2026-08-23 20:48:37.959+0000 - 96.00KiB
                                                                [neo4j/7efa7199]     - Total: 2026-08-23 20:48:37.946+0000 - 96.00KiB
                                                                [neo4j/7efa7199]   - Total: 2026-08-23 20:48:37.946+0000 - 96.00KiB
                                                                [neo4j/7efa7199] Storage summary: 
                                                                [neo4j/7efa7199]   Total size of store: 1.016MiB
                                                                [neo4j/7efa7199]   Total size of mapped files: 328.0KiB
                                                                [neo4j/7efa7199] 
                                                                [neo4j/7efa7199] --------------------------------------------------------------------------------
                                                                [neo4j/7efa7199]                               [ Transaction log ]                               
                                                                [neo4j/7efa7199] --------------------------------------------------------------------------------
                                                                [neo4j/7efa7199] Transaction log files stored on file store: ext4
                                                                [neo4j/7efa7199] Transaction log metadata:
                                                                [neo4j/7efa7199]  - current kernel version used in transactions: V5_25
                                                                [neo4j/7efa7199]  - last committed transaction id: 153
                                                                [neo4j/7efa7199] Transaction log files:
                                                                [neo4j/7efa7199]  - existing transaction log versions: 0-0
                                                                [neo4j/7efa7199]  - oldest append index 2 found in log with version 0
                                                                [neo4j/7efa7199]  - files: (filename : creation date - size)
                                                                [neo4j/7efa7199]      neostore.transaction.db.0: 2026-08-23 20:48:37.925+0000 - 256.0MiB
                                                                [neo4j/7efa7199]  - total size of files: 256.0MiB
                                                                [neo4j/7efa7199] Checkpoint log files:
                                                                [neo4j/7efa7199]  - existing checkpoint log versions: 0-0
                                                                [neo4j/7efa7199]  - last checkpoint: CheckpointInfo[oldestNotVisibleTransactionLogPosition=LogPosition{logVersion=0, byteOffset=289177}, transactionLogPosition=LogPosition{logVersion=0, byteOffset=289177}, storeId=StoreId{creationTime=1787518117914, random=1502559886532048127, storageEngineName='record', formatName='aligned', majorVersion=1, minorVersion=1}, checkpointEntryPosition=LogPosition{logVersion=0, byteOffset=824}, channelPositionAfterCheckpoint=LogPosition{logVersion=0, byteOffset=1056}, checkpointFilePostReadPosition=LogPosition{logVersion=0, byteOffset=1056}, kernelVersion=KernelVersion{V5_25,version=20}, kernelVersionByte=20, transactionId=TransactionId[id=153, appendIndex=153, kernelVersion=KernelVersion{V5_25,version=20}, checksum=209435315, commitTimestamp=1787566896190, consensusIndex=-1], appendIndex=153, reason=Checkpoint triggered by "Database shutdown" @ txId: 153, append index: 153, consensusIndexInCheckpoint=true]
                                                                [neo4j/7efa7199] 
                                                                [neo4j/7efa7199] --------------------------------------------------------------------------------
                                                                [neo4j/7efa7199]                                   [ Id usage ]                                  
                                                                [neo4j/7efa7199] --------------------------------------------------------------------------------
                                                                [neo4j/7efa7199] ArrayPropertyStore[neostore.nodestore.db.labels]: used=1 high=0
                                                                [neo4j/7efa7199] NodeStore[neostore.nodestore.db]: used=134 high=133
                                                                [neo4j/7efa7199] StringPropertyStore[neostore.propertystore.db.index.keys]: used=50 high=49
                                                                [neo4j/7efa7199] PropertyIndexStore[neostore.propertystore.db.index]: used=40 high=39
                                                                [neo4j/7efa7199] StringPropertyStore[neostore.propertystore.db.strings]: used=452 high=451
                                                                [neo4j/7efa7199] ArrayPropertyStore[neostore.propertystore.db.arrays]: used=1 high=0
                                                                [neo4j/7efa7199] PropertyStore[neostore.propertystore.db]: used=1278 high=1277
                                                                [neo4j/7efa7199] RelationshipStore[neostore.relationshipstore.db]: used=261 high=260
                                                                [neo4j/7efa7199] StringPropertyStore[neostore.relationshiptypestore.db.names]: used=4 high=3
                                                                [neo4j/7efa7199] RelationshipTypeStore[neostore.relationshiptypestore.db]: used=3 high=2
                                                                [neo4j/7efa7199] StringPropertyStore[neostore.labeltokenstore.db.names]: used=5 high=4
                                                                [neo4j/7efa7199] LabelTokenStore[neostore.labeltokenstore.db]: used=4 high=3
                                                                [neo4j/7efa7199] SchemaStore[neostore.schemastore.db]: used=3 high=2
                                                                [neo4j/7efa7199] RelationshipGroupStore[neostore.relationshipgroupstore.db]: used=5 high=4
                                                                [neo4j/7efa7199] NeoStore[neostore]: used=-1 high=-1
                                                                [neo4j/7efa7199] 
                                                                [neo4j/7efa7199] --------------------------------------------------------------------------------
                                                                [neo4j/7efa7199]                                   [ Metadata ]                                  
                                                                [neo4j/7efa7199] --------------------------------------------------------------------------------
                                                                [neo4j/7efa7199] EXTERNAL_STORE_UUID (Database identifier exposed as external store identity. Generated on creation and never updated): 9398bedf-9e18-4801-997f-e5e31b48f286
                                                                [neo4j/7efa7199] DATABASE_ID (The last used DatabaseId for this database): null
                                                                [neo4j/7efa7199] LEGACY_STORE_VERSION (Legacy store format version. This field is used from 5.0 onwards only to distinguish non-migrated pre 5.0 metadata stores.): -3523014627327384477
                                                                [neo4j/7efa7199] STORE_ID (Store ID): StoreId{creationTime=1787518117914, random=1502559886532048127, storageEngineName='record', formatName='aligned', majorVersion=1, minorVersion=1}
                                                                [neo4j/7efa7199] 
2026-08-25 11:44:48.407+0000 INFO  [o.n.k.i.a.i.IndexingService] [neo4j/7efa7199] IndexingService.init: indexes not specifically mentioned above are ONLINE. Total 2 indexes. Processed in 4ms
2026-08-25 11:44:48.407+0000 INFO  [o.n.k.a.DatabaseAvailabilityGuard] [neo4j/7efa7199] Requirement `Database unavailable` makes database neo4j unavailable.
2026-08-25 11:44:48.407+0000 INFO  [o.n.k.a.DatabaseAvailabilityGuard] [neo4j/7efa7199] DatabaseId{7efa7199[neo4j]} is unavailable.
2026-08-25 11:44:48.408+0000 INFO  [o.n.k.d.Database] [neo4j/7efa7199] Starting transaction log [/data/transactions/neo4j/neostore.transaction.db.0] at version=0
2026-08-25 11:44:48.409+0000 INFO  [o.n.k.d.Database] [neo4j/7efa7199] Starting transaction log [/data/transactions/neo4j/checkpoint.0] at version=0
2026-08-25 11:44:48.410+0000 INFO  [o.n.k.i.t.l.f.c.CheckpointLogFile] [neo4j/7efa7199] Scanning log file with version 0 for checkpoint entries
2026-08-25 11:44:48.412+0000 INFO  [o.n.k.i.a.i.IndexingService] [neo4j/7efa7199] IndexingService.start: indexes not specifically mentioned above are ONLINE. Total 2 indexes. Processed in 0ms
2026-08-25 11:44:48.413+0000 INFO  [o.n.k.a.DatabaseAvailabilityGuard] [neo4j/7efa7199] Fulfilling of requirement 'Database unavailable' makes database neo4j available.
2026-08-25 11:44:48.413+0000 INFO  [o.n.k.a.DatabaseAvailabilityGuard] [neo4j/7efa7199] DatabaseId{7efa7199[neo4j]} is ready.
2026-08-25 11:44:48.413+0000 INFO  [o.n.u.UserDataCollector] Anonymous Usage Data is being sent to Neo4j, see https://neo4j.com/docs/usage-data/
2026-08-25 11:44:48.442+0000 INFO  [o.n.b.p.c.c.n.SocketNettyConnector] Bolt enabled on 0.0.0.0:7687.
2026-08-25 11:44:48.443+0000 WARN  [i.n.b.ServerBootstrap] Unknown channel option 'SO_REUSEADDR' for channel '[id: 0xd7c979ac]' of type 'class io.netty.channel.local.LocalServerChannel'
2026-08-25 11:44:48.448+0000 INFO  [o.n.b.BoltServer] Bolt server started
2026-08-25 11:44:48.448+0000 INFO  [o.n.s.A.ServerComponentsLifecycleAdapter] Starting web server
2026-08-25 11:44:49.703+0000 INFO  [o.n.s.CommunityNeoWebServer] HTTP enabled on 0.0.0.0:7474.
2026-08-25 11:44:49.704+0000 INFO  [o.n.s.CommunityNeoWebServer] Remote interface available at http://localhost:7474/
2026-08-25 11:44:49.704+0000 INFO  [o.n.s.A.ServerComponentsLifecycleAdapter] Web server started.
2026-08-25 11:44:49.706+0000 INFO  [o.n.g.f.DatabaseManagementServiceFactory] id: F2D2C5DE77BE3C34B9607B923BB3D2B15214427F692CFA39DE25B6B8CAB44B79
2026-08-25 11:44:49.706+0000 INFO  [o.n.g.f.DatabaseManagementServiceFactory] name: system
2026-08-25 11:44:49.706+0000 INFO  [o.n.g.f.DatabaseManagementServiceFactory] creationDate: 2026-08-23T20:48:37.037Z
2026-08-25 12:58:46.124+0000 INFO  [o.n.g.f.DatabaseManagementServiceFactory] Shutdown started
2026-08-25 12:58:46.144+0000 INFO  [o.n.b.BoltServer] Requested Bolt server shutdown
2026-08-25 12:58:46.145+0000 INFO  [o.n.b.p.c.c.ConnectionRegistry] Stopping remaining idle connections for connector bolt-local
2026-08-25 12:58:46.146+0000 INFO  [o.n.b.p.c.c.ConnectionRegistry] Stopped 0 idling connections for connector bolt-local
2026-08-25 12:58:46.147+0000 INFO  [o.n.b.p.c.c.ConnectionRegistry] Stopping remaining idle connections for connector bolt
2026-08-25 12:58:46.147+0000 INFO  [o.n.b.p.c.c.ConnectionRegistry] Stopped 0 idling connections for connector bolt
2026-08-25 12:58:46.148+0000 INFO  [o.n.d.d.DatabaseLifecycles] Stopping 'DatabaseId{7efa7199[neo4j]}'.
2026-08-25 12:58:46.154+0000 INFO  [o.n.k.a.DatabaseAvailabilityGuard] [neo4j/7efa7199] Requirement `Database unavailable` makes database neo4j unavailable.
2026-08-25 12:58:46.154+0000 INFO  [o.n.k.a.DatabaseAvailabilityGuard] [neo4j/7efa7199] DatabaseId{7efa7199[neo4j]} is unavailable.
2026-08-25 12:58:46.156+0000 INFO  [o.n.k.d.Database] [neo4j/7efa7199] Waiting for closing transactions.
2026-08-25 12:58:46.156+0000 INFO  [o.n.k.d.Database] [neo4j/7efa7199] All transactions are closed.
2026-08-25 12:58:46.158+0000 INFO  [o.n.k.i.t.l.c.CheckPointerImpl] [neo4j/7efa7199] Checkpoint triggered by "Database shutdown" @ txId: 153, append index: 153 checkpoint started...
2026-08-25 12:58:46.206+0000 INFO  [o.n.k.i.t.l.c.CheckPointerImpl] [neo4j/7efa7199] Checkpoint triggered by "Database shutdown" @ txId: 153, append index: 153 checkpoint completed in 46ms. Checkpoint flushed 23 pages (0% of total available pages), in 23 IOs. Checkpoint performed with IO limit: unlimited, paused in total 0 times( 0 millis).
2026-08-25 12:58:46.209+0000 INFO  [o.n.k.i.t.l.p.LogPruningImpl] [neo4j/7efa7199] No log version pruned. The strategy used was '2 days 2147483648 size'. 
2026-08-25 12:58:46.237+0000 INFO  [o.n.d.d.DatabaseLifecycles] Stopped 'DatabaseId{7efa7199[neo4j]}' successfully.
2026-08-25 12:58:46.237+0000 INFO  [o.n.d.d.DatabaseLifecycles] Stopping 'DatabaseId{00000000[system]}'.
2026-08-25 12:58:46.238+0000 INFO  [o.n.k.a.DatabaseAvailabilityGuard] [system/00000000] Requirement `Database unavailable` makes database system unavailable.
2026-08-25 12:58:46.238+0000 INFO  [o.n.k.a.DatabaseAvailabilityGuard] [system/00000000] DatabaseId{00000000[system]} is unavailable.
2026-08-25 12:58:46.238+0000 INFO  [o.n.k.d.Database] [system/00000000] Waiting for closing transactions.
2026-08-25 12:58:46.240+0000 INFO  [o.n.k.d.Database] [system/00000000] All transactions are closed.
2026-08-25 12:58:46.240+0000 INFO  [o.n.k.i.t.l.c.CheckPointerImpl] [system/00000000] Checkpoint triggered by "Database shutdown" @ txId: 41, append index: 41 checkpoint started...
2026-08-25 12:58:46.271+0000 INFO  [o.n.k.i.t.l.c.CheckPointerImpl] [system/00000000] Checkpoint triggered by "Database shutdown" @ txId: 41, append index: 41 checkpoint completed in 30ms. Checkpoint flushed 28 pages (0% of total available pages), in 28 IOs. Checkpoint performed with IO limit: unlimited, paused in total 0 times( 0 millis).
2026-08-25 12:58:46.271+0000 INFO  [o.n.k.i.t.l.p.LogPruningImpl] [system/00000000] No log version pruned. The strategy used was '2 days 2147483648 size'. 
2026-08-25 12:58:46.300+0000 INFO  [o.n.d.d.DatabaseLifecycles] Stopped 'DatabaseId{00000000[system]}' successfully.
2026-08-25 12:58:46.301+0000 INFO  [o.n.b.BoltServer] Shutting down Bolt server
2026-08-25 12:58:51.313+0000 INFO  [o.n.b.p.c.c.ConnectionRegistry] Stopping 0 connections for connector bolt-local
2026-08-25 12:58:51.314+0000 INFO  [o.n.b.p.c.c.ConnectionRegistry] Stopped all remaining connections for connector bolt-local
2026-08-25 12:58:51.316+0000 INFO  [o.n.b.p.c.c.ConnectionRegistry] Stopping 0 connections for connector bolt
2026-08-25 12:58:51.316+0000 INFO  [o.n.b.p.c.c.ConnectionRegistry] Stopped all remaining connections for connector bolt
2026-08-25 12:59:24.804+0000 INFO  [o.n.g.f.m.GlobalModule] Logging config in use: File '/var/lib/neo4j/conf/server-logs.xml'
2026-08-25 12:59:24.952+0000 WARN  [o.n.k.i.JvmChecker] The max heap memory has not been configured. It is recommended that it is always explicitly configured, to ensure the system has a balanced configuration. Until then, a JVM computed heuristic of 2082471936 bytes is used instead. If you are running neo4j server, you need to configure server.memory.heap.max_size in neo4j.conf. If you are running neo4j embedded, you have to launch the JVM with -Xmx set to a value. You can run neo4j-admin server memory-recommendation for memory configuration suggestions.
2026-08-25 12:59:24.952+0000 WARN  [o.n.k.i.JvmChecker] The initial heap memory has not been configured. It is recommended that it is always explicitly configured, to ensure the system has a balanced configuration. Until then, a JVM computed heuristic of 132120576 bytes is used instead. If you are running neo4j server, you need to configure server.memory.heap.initial_size in neo4j.conf. If you are running neo4j embedded, you have to launch the JVM with -Xms set to a value. You can run neo4j-admin server memory-recommendation for memory configuration suggestions.
2026-08-25 12:59:25.172+0000 INFO  [o.n.i.d.DiagnosticsManager] 
                                                                ********************************************************************************
                                                                                             [ System diagnostics ]                             
                                                                ********************************************************************************
2026-08-25 12:59:25.172+0000 INFO  [o.n.i.d.DiagnosticsManager] 
                                                                --------------------------------------------------------------------------------
                                                                                         [ System memory information ]                          
                                                                --------------------------------------------------------------------------------
                                                                Total Physical memory: 7.755GiB
                                                                Free Physical memory: 1.356GiB
                                                                Committed virtual memory: 5.082GiB
                                                                Total swap space: 4.000GiB
                                                                Free swap space: 3.757GiB
                                                                
2026-08-25 12:59:25.172+0000 INFO  [o.n.i.d.DiagnosticsManager] 
                                                                --------------------------------------------------------------------------------
                                                                                           [ JVM memory information ]                           
                                                                --------------------------------------------------------------------------------
                                                                Free  memory: 42.95MiB
                                                                Total memory: 70.00MiB
                                                                Max   memory: 1.939GiB
                                                                Garbage Collector: G1 Young Generation: [G1 Eden Space, G1 Survivor Space, G1 Old Gen]
                                                                Garbage Collector: G1 Concurrent GC: [G1 Old Gen]
                                                                Garbage Collector: G1 Old Generation: [G1 Eden Space, G1 Survivor Space, G1 Old Gen]
                                                                Memory Pool: CodeHeap 'non-nmethods' (Non-heap memory): committed=2.438MiB, used=1.484MiB, max=5.566MiB, threshold=0B
                                                                Memory Pool: Metaspace (Non-heap memory): committed=22.31MiB, used=21.93MiB, max=-1B, threshold=0B
                                                                Memory Pool: CodeHeap 'profiled nmethods' (Non-heap memory): committed=5.063MiB, used=5.017MiB, max=117.2MiB, threshold=0B
                                                                Memory Pool: Compressed Class Space (Non-heap memory): committed=2.500MiB, used=2.324MiB, max=1.000GiB, threshold=0B
                                                                Memory Pool: G1 Eden Space (Heap memory): committed=42.00MiB, used=7.000MiB, max=-1B, threshold=?
                                                                Memory Pool: G1 Old Gen (Heap memory): committed=23.00MiB, used=15.05MiB, max=1.939GiB, threshold=0B
                                                                Memory Pool: G1 Survivor Space (Heap memory): committed=5.000MiB, used=5.000MiB, max=-1B, threshold=?
                                                                Memory Pool: CodeHeap 'non-profiled nmethods' (Non-heap memory): committed=2.438MiB, used=1.411MiB, max=117.2MiB, threshold=0B
                                                                
2026-08-25 12:59:25.172+0000 INFO  [o.n.i.d.DiagnosticsManager] 
                                                                --------------------------------------------------------------------------------
                                                                                        [ Operating system information ]                        
                                                                --------------------------------------------------------------------------------
                                                                Operating System: Linux; version: 6.8.0-138-generic; arch: amd64; cpus: 4
                                                                Max number of file descriptors: 524288
                                                                Number of open file descriptors: 229
                                                                Process id: 7
                                                                Byte order: LITTLE_ENDIAN
                                                                Local timezone: Etc/UTC
                                                                Memory page size: 4096
                                                                Unaligned memory access allowed: true
                                                                
2026-08-25 12:59:25.172+0000 INFO  [o.n.i.d.DiagnosticsManager] 
                                                                --------------------------------------------------------------------------------
                                                                                              [ JVM information ]                               
                                                                --------------------------------------------------------------------------------
                                                                VM Name: OpenJDK 64-Bit Server VM
                                                                VM Vendor: Eclipse Adoptium
                                                                VM Version: 21.0.12+8-LTS
                                                                JIT compiler: HotSpot 64-Bit Tiered Compilers
                                                                VM Arguments: [-XX:+UseG1GC, -XX:-OmitStackTraceInFastThrow, -XX:+AlwaysPreTouch, -XX:+UnlockExperimentalVMOptions, -XX:+TrustFinalNonStaticFields, -XX:+DisableExplicitGC, -Djdk.nio.maxCachedBufferSize=1024, -Dio.netty.tryReflectionSetAccessible=true, -Djdk.tls.ephemeralDHKeySize=2048, -Djdk.tls.rejectClientInitiatedRenegotiation=true, -XX:FlightRecorderOptions=stackdepth=256, -XX:+UnlockDiagnosticVMOptions, -XX:+DebugNonSafepoints, --add-opens=java.base/java.nio=ALL-UNNAMED, --add-opens=java.base/java.io=ALL-UNNAMED, --add-opens=java.base/sun.nio.ch=ALL-UNNAMED, --enable-native-access=ALL-UNNAMED, -Dlog4j2.disable.jmx=true, -Dlog4j.layout.jsonTemplate.maxStringLength=32768, -Dfile.encoding=UTF-8]
                                                                
2026-08-25 12:59:25.172+0000 INFO  [o.n.i.d.DiagnosticsManager] 
                                                                --------------------------------------------------------------------------------
                                                                                               [ Java classpath ]                               
                                                                --------------------------------------------------------------------------------
                                                                 [classpath] /var/lib/neo4j/lib/jetty-http2-hpack-12.1.11.jar
                                                                 [classpath] /var/lib/neo4j/lib/jetty-security-12.1.11.jar
                                                                 [classpath] /var/lib/neo4j/lib/neo4j-diagnostics-5.26.29.jar
                                                                 [classpath] /var/lib/neo4j/lib/neo4j-expressions-5.26.29.jar
                                                                 [classpath] /var/lib/neo4j/lib/neo4j-codegen-5.26.29.jar
                                                                 [classpath] /var/lib/neo4j/lib/neo4j-logging-5.26.29.jar
                                                                 [classpath] /var/lib/neo4j/lib/jetty-session-12.1.11.jar
                                                                 [classpath] /var/lib/neo4j/lib/neo4j-fabric-5.26.29.jar
                                                                 [classpath] /var/lib/neo4j/lib/neo4j-security-5.26.29.jar
                                                                 [classpath] /var/lib/neo4j/lib/jaxb-runtime-2.3.2.jar
                                                                 [classpath] /var/lib/neo4j/lib/neo4j-cypher-macros-5.26.29.jar
                                                                 [classpath] /var/lib/neo4j/lib/shiro-crypto-core-3.0.0.jar
                                                                 [classpath] /var/lib/neo4j/lib/jackson-jaxrs-base-2.22.1.jar
                                                                 [classpath] /var/lib/neo4j/lib/antlr4-runtime-4.13.2.jar
                                                                 [classpath] /var/lib/neo4j/lib/neo4j-layout-5.26.29.jar
                                                                 [classpath] /var/lib/neo4j/lib/caffeine-3.1.8.jar
                                                                 [classpath] /var/lib/neo4j/lib/magnolia_2.13-1.1.8.jar
                                                                 [classpath] /var/lib/neo4j/lib/scala-library-2.13.11.jar
                                                                 [classpath] /var/lib/neo4j/lib/commons-compress-1.27.1.jar
                                                                 [classpath] /var/lib/neo4j/conf/*
                                                                 [classpath] /var/lib/neo4j/lib/WMI4Java-1.6.3.jar
                                                                 [classpath] /var/lib/neo4j/lib/jakarta.xml.bind-api-2.3.2.jar
                                                                 [classpath] /var/lib/neo4j/lib/neo4j-concurrent-5.26.29.jar
                                                                 [classpath] /var/lib/neo4j/lib/jProcesses-1.6.5.jar
                                                                 [classpath] /var/lib/neo4j/lib/neo4j-monitoring-5.26.29.jar
                                                                 [classpath] /var/lib/neo4j/lib/hk2-locator-2.6.1.jar
                                                                 [classpath] /var/lib/neo4j/lib/shiro-config-core-3.0.0.jar
                                                                 [classpath] /var/lib/neo4j/lib/log4j-core-2.26.1.jar
                                                                 [classpath] /var/lib/neo4j/lib/neo4j-ssl-5.26.29.jar
                                                                 [classpath] /var/lib/neo4j/lib/neo4j-cypher-javacc-parser-5.26.29.jar
                                                                 [classpath] /var/lib/neo4j/lib/neo4j-cypher-rendering-5.26.29.jar
                                                                 [classpath] /var/lib/neo4j/lib/jetty-http-12.1.11.jar
                                                                 [classpath] /var/lib/neo4j/lib/parquet-column-1.17.1.jar
                                                                 [classpath] /var/lib/neo4j/lib/snappy-java-1.1.10.7.jar
                                                                 [classpath] /var/lib/neo4j/lib/annotations-5.26.29.jar
                                                                 [classpath] /var/lib/neo4j/lib/eclipse-collections-api-11.1.0.jar
                                                                 [classpath] /var/lib/neo4j/lib/jersey-container-servlet-2.46.jar
                                                                 [classpath] /var/lib/neo4j/lib/neo4j-configuration-5.26.29.jar
                                                                 [classpath] /var/lib/neo4j/lib/jansi-2.4.0.jar
                                                                 [classpath] /var/lib/neo4j/lib/neo4j-cypher-planner-5.26.29.jar
                                                                 [classpath] /var/lib/neo4j/lib/jline-terminal-3.21.0.jar
                                                                 [classpath] /var/lib/neo4j/lib/ipaddress-5.5.1.jar
                                                                 [classpath] /var/lib/neo4j/lib/netty-transport-native-epoll-4.1.136.Final-linux-aarch_64.jar
                                                                 [classpath] /var/lib/neo4j/lib/lucene-queryparser-9.11.1.jar
                                                                 [classpath] /var/lib/neo4j/lib/neo4j-bolt-connection-12.0.0.jar
                                                                 [classpath] /var/lib/neo4j/lib/jetty-ee8-nested-12.1.11.jar
                                                                 [classpath] /var/lib/neo4j/lib/neo4j-id-generator-5.26.29.jar
                                                                 [classpath] /var/lib/neo4j/lib/jetty-servlet-api-4.0.9.jar
                                                                 [classpath] /var/lib/neo4j/lib/neo4j-values-5.26.29.jar
                                                                 [classpath] /var/lib/neo4j/lib/cypher-antlr-common-5.26.29.jar
                                                                 [classpath] /var/lib/neo4j/lib/reactor-core-3.7.12.jar
                                                                 [classpath] /var/lib/neo4j/lib/jetty-http2-server-12.1.11.jar
                                                                 [classpath] /var/lib/neo4j/lib/netty-transport-classes-kqueue-4.1.136.Final.jar
                                                                 [classpath] /var/lib/neo4j/lib/zstd-jni-1.5.6-6.jar
                                                                 [classpath] /var/lib/neo4j/lib/jakarta.ws.rs-api-2.1.6.jar
                                                                 [classpath] /var/lib/neo4j/lib/kiama_2.13-2.5.1.jar
                                                                 [classpath] /var/lib/neo4j/lib/neo4j-unsafe-5.26.29.jar
                                                                 [classpath] /var/lib/neo4j/lib/neo4j-cypher-logical-plans-5.26.29.jar
                                                                 [classpath] /var/lib/neo4j/lib/lucene-analysis-common-9.11.1.jar
                                                                 [classpath] /var/lib/neo4j/lib/neo4j-bolt-5.26.29.jar
                                                                 [classpath] /var/lib/neo4j/lib/istack-commons-runtime-3.0.8.jar
                                                                 [classpath] /var/lib/neo4j/lib/shiro-crypto-cipher-3.0.0.jar
                                                                 [classpath] /var/lib/neo4j/lib/eclipse-collections-11.1.0.jar
                                                                 [classpath] /var/lib/neo4j/lib/netty-handler-4.1.136.Final.jar
                                                                 [classpath] /var/lib/neo4j/lib/parquet-floor-1.62.jar
                                                                 [classpath] /var/lib/neo4j/lib/log4j-layout-template-json-2.26.1.jar
                                                                 [classpath] /var/lib/neo4j/lib/neo4j-front-end-5.26.29.jar
                                                                 [classpath] /var/lib/neo4j/lib/commons-text-1.12.0.jar
                                                                 [classpath] /var/lib/neo4j/lib/neo4j-fulltext-index-5.26.29.jar
                                                                 [classpath] /var/lib/neo4j/lib/neo4j-5.26.29.jar
                                                                 [classpath] /var/lib/neo4j/lib/jts-core-1.20.0.jar
                                                                 [classpath] /var/lib/neo4j/lib/parquet-common-1.17.1.jar
                                                                 [classpath] /var/lib/neo4j/lib/neo4j-consistency-check-5.26.29.jar
                                                                 [classpath] /var/lib/neo4j/lib/cypher-parser-ast-common-5.26.29.jar
                                                                 [classpath] /var/lib/neo4j/lib/jakarta.validation-api-2.0.2.jar
                                                                 [classpath] /var/lib/neo4j/lib/picocli-4.7.6.jar
                                                                 [classpath] /var/lib/neo4j/lib/cypher-v5-literal-interpreter-5.26.29.jar
                                                                 [classpath] /var/lib/neo4j/lib/hk2-utils-2.6.1.jar
                                                                 [classpath] /var/lib/neo4j/lib/stax-ex-1.8.1.jar
                                                                 [classpath] /var/lib/neo4j/lib/txw2-2.3.2.jar
                                                                 [classpath] /var/lib/neo4j/lib/neo4j-graph-algo-5.26.29.jar
                                                                 [classpath] /var/lib/neo4j/lib/jackson-module-jaxb-annotations-2.22.1.jar
                                                                 [classpath] /var/lib/neo4j/lib/neo4j-cypher-physical-planning-5.26.29.jar
                                                                 [classpath] /var/lib/neo4j/lib/commons-io-2.17.0.jar
                                                                 [classpath] /var/lib/neo4j/lib/argparse4j-0.9.0.jar
                                                                 [classpath] /var/lib/neo4j/lib/neo4j-bootcheck-5.26.29.jar
                                                                 [classpath] /var/lib/neo4j/lib/neo4j-kernel-5.26.29.jar
                                                                 [classpath] /var/lib/neo4j/lib/neo4j-record-storage-engine-5.26.29.jar
                                                                 [classpath] /var/lib/neo4j/lib/netty-transport-native-kqueue-4.1.136.Final-osx-aarch_64.jar
                                                                 [classpath] /var/lib/neo4j/lib/cypher-v5-ast-factory-5.26.29.jar
                                                                 [classpath] /var/lib/neo4j/lib/cypher-parser-common-5.26.29.jar
                                                                 [classpath] /var/lib/neo4j/lib/neo4j-schema-5.26.29.jar
                                                                 [classpath] /var/lib/neo4j/lib/neo4j-wal-5.26.29.jar
                                                                 [classpath] /var/lib/neo4j/lib/parquet-encoding-1.17.1.jar
                                                                 [classpath] /var/lib/neo4j/lib/shiro-core-3.0.0.jar
                                                                 [classpath] /var/lib/neo4j/lib/cypher-v5-parser-listener-5.26.29.jar
                                                                 [classpath] /var/lib/neo4j/lib/cypher-v25-parser-listener-5.26.29.jar
                                                                 [classpath] /var/lib/neo4j/lib/lucene-backward-codecs-9.11.1.jar
                                                                 [classpath] /var/lib/neo4j/lib/netty-transport-native-unix-common-4.1.136.Final.jar
                                                                 [classpath] /var/lib/neo4j/lib/neo4j-resource-5.26.29.jar
                                                                 [classpath] /var/lib/neo4j/lib/neo4j-import-api-5.26.29.jar
                                                                 [classpath] /var/lib/neo4j/lib/neo4j-bolt-connection-pooled-12.0.0.jar
                                                                 [classpath] /var/lib/neo4j/lib/neo4j-kernel-api-5.26.29.jar
                                                                 [classpath] /var/lib/neo4j/lib/neo4j-storage-engine-util-5.26.29.jar
                                                                 [classpath] /var/lib/neo4j/lib/neo4j-slf4j-provider-5.26.29.jar
                                                                 [classpath] /var/lib/neo4j/lib/neo4j-notifications-5.26.29.jar
                                                                 [classpath] /var/lib/neo4j/lib/neo4j-cypher-planner-spi-5.26.29.jar
                                                                 [classpath] /var/lib/neo4j/lib/scala-collection-contrib_2.13-0.3.0.jar
                                                                 [classpath] /var/lib/neo4j/lib/jetty-ee-webapp-12.1.11.jar
                                                                 [classpath] /var/lib/neo4j/lib/jetty-io-12.1.11.jar
                                                                 [classpath] /var/lib/neo4j/lib/neo4j-bolt-connection-netty-12.0.0.jar
                                                                 [classpath] /var/lib/neo4j/lib/jetty-ee8-security-12.1.11.jar
                                                                 [classpath] /var/lib/neo4j/lib/neo4j-bolt-connection-routed-12.0.0.jar
                                                                 [classpath] /var/lib/neo4j/lib/commons-codec-1.17.1.jar
                                                                 [classpath] /var/lib/neo4j/lib/zstd-proxy-5.26.29.jar
                                                                 [classpath] /var/lib/neo4j/lib/netty-resolver-4.1.136.Final.jar
                                                                 [classpath] /var/lib/neo4j/lib/jPowerShell-3.0.jar
                                                                 [classpath] /var/lib/neo4j/lib/jetty-ee8-servlet-12.1.11.jar
                                                                 [classpath] /var/lib/neo4j/lib/reactive-streams-1.0.4.jar
                                                                 [classpath] /var/lib/neo4j/lib/neo4j-native-5.26.29.jar
                                                                 [classpath] /var/lib/neo4j/lib/server-api-5.26.29.jar
                                                                 [classpath] /var/lib/neo4j/lib/neo4j-import-tool-5.26.29.jar
                                                                 [classpath] /var/lib/neo4j/lib/neo4j-cloud-5.26.29.jar
                                                                 [classpath] /var/lib/neo4j/lib/neo4j-gql-status-5.26.29.jar
                                                                 [classpath] /var/lib/neo4j/lib/neo4j-capabilities-5.26.29.jar
                                                                 [classpath] /var/lib/neo4j/lib/shiro-lang-3.0.0.jar
                                                                 [classpath] /var/lib/neo4j/lib/neo4j-rewriting-5.26.29.jar
                                                                 [classpath] /var/lib/neo4j/lib/jaxb-api-2.2.12.jar
                                                                 [classpath] /var/lib/neo4j/lib/neo4j-index-5.26.29.jar
                                                                 [classpath] /var/lib/neo4j/lib/neo4j-exceptions-5.26.29.jar
                                                                 [classpath] /var/lib/neo4j/lib/netty-codec-4.1.136.Final.jar
                                                                 [classpath] /var/lib/neo4j/lib/jetty-alpn-server-12.1.11.jar
                                                                 [classpath] /var/lib/neo4j/lib/neo4j-cypher-dsl-2024.2.0.jar
                                                                 [classpath] /var/lib/neo4j/lib/cypher-ast-factory-5.26.29.jar
                                                                 [classpath] /var/lib/neo4j/lib/neo4j-server-5.26.29.jar
                                                                 [classpath] /var/lib/neo4j/lib/shiro-event-3.0.0.jar
                                                                 [classpath] /var/lib/neo4j/lib/javax.annotation-api-1.3.2.jar
                                                                 [classpath] /var/lib/neo4j/lib/jna-5.15.0.jar
                                                                 [classpath] /var/lib/neo4j/lib/neo4j-cypher-slotted-runtime-5.26.29.jar
                                                                 [classpath] /var/lib/neo4j/lib/neo4j-import-util-5.26.29.jar
                                                                 [classpath] /var/lib/neo4j/lib/shiro-cache-3.0.0.jar
                                                                 [classpath] /var/lib/neo4j/lib/jersey-common-2.46.jar
                                                                 [classpath] /var/lib/neo4j/lib/neo4j-cypher-ir-5.26.29.jar
                                                                 [classpath] /var/lib/neo4j/lib/log4j-api-2.26.1.jar
                                                                 [classpath] /var/lib/neo4j/lib/cypher-v5-antlr-parser-5.26.29.jar
                                                                 [classpath] /var/lib/neo4j/lib/jersey-client-2.46.jar
                                                                 [classpath] /var/lib/neo4j/lib/neo4j-spatial-index-5.26.29.jar
                                                                 [classpath] /var/lib/neo4j/lib/jersey-hk2-2.46.jar
                                                                 [classpath] /var/lib/neo4j/lib/neo4j-data-collector-5.26.29.jar
                                                                 [classpath] /var/lib/neo4j/lib/jetty-alpn-java-server-12.1.11.jar
                                                                 [classpath] /var/lib/neo4j/lib/netty-common-4.1.136.Final.jar
                                                                 [classpath] /var/lib/neo4j/lib/neo4j-cypher-5.26.29.jar
                                                                 [classpath] /var/lib/neo4j/lib/jersey-server-2.46.jar
                                                                 [classpath] /var/lib/neo4j/lib/cypher-shell-5.26.29.jar
                                                                 [classpath] /var/lib/neo4j/lib/jetty-xml-12.1.11.jar
                                                                 [classpath] /var/lib/neo4j/lib/neo4j-cypher-interpreted-runtime-5.26.29.jar
                                                                 [classpath] /var/lib/neo4j/lib/jline-terminal-jansi-3.21.0.jar
                                                                 [classpath] /var/lib/neo4j/lib/jackson-core-2.22.1.jar
                                                                 [classpath] /var/lib/neo4j/lib/neo4j-java-driver-5.28.14.jar
                                                                 [classpath] /var/lib/neo4j/lib/hk2-api-2.6.1.jar
                                                                 [classpath] /var/lib/neo4j/lib/netty-transport-native-kqueue-4.1.136.Final-osx-x86_64.jar
                                                                 [classpath] /var/lib/neo4j/lib/neo4j-cypher-runtime-util-5.26.29.jar
                                                                 [classpath] /var/lib/neo4j/lib/jetty-http2-common-12.1.11.jar
                                                                 [classpath] /var/lib/neo4j/lib/neo4j-lock-5.26.29.jar
                                                                 [classpath] /var/lib/neo4j/lib/neo4j-collections-5.26.29.jar
                                                                 [classpath] /var/lib/neo4j/lib/neo4j-query-router-5.26.29.jar
                                                                 [classpath] /var/lib/neo4j/lib/jackson-annotations-2.22.jar
                                                                 [classpath] /var/lib/neo4j/lib/neo4j-ast-5.26.29.jar
                                                                 [classpath] /var/lib/neo4j/lib/neo4j-io-5.26.29.jar
                                                                 [classpath] /var/lib/neo4j/lib/parquet-jackson-1.17.1.jar
                                                                 [classpath] /var/lib/neo4j/lib/neo4j-token-api-5.26.29.jar
                                                                 [classpath] /var/lib/neo4j/lib/commons-logging-1.3.4.jar
                                                                 [classpath] /var/lib/neo4j/lib/jakarta.activation-api-1.2.2.jar
                                                                 [classpath] /var/lib/neo4j/plugins/*
                                                                 [classpath] /var/lib/neo4j/lib/jetty-server-12.1.11.jar
                                                                 [classpath] /var/lib/neo4j/lib/commons-configuration2-2.15.1.jar
                                                                 [classpath] /var/lib/neo4j/lib/netty-buffer-4.1.136.Final.jar
                                                                 [classpath] /var/lib/neo4j/lib/jersey-container-servlet-core-2.46.jar
                                                                 [classpath] /var/lib/neo4j/lib/netty-transport-native-epoll-4.1.136.Final-linux-x86_64.jar
                                                                 [classpath] /var/lib/neo4j/lib/neo4j-dbms-5.26.29.jar
                                                                 [classpath] /var/lib/neo4j/lib/netty-codec-http-4.1.136.Final.jar
                                                                 [classpath] /var/lib/neo4j/lib/cypher-v25-antlr-parser-5.26.29.jar
                                                                 [classpath] /var/lib/neo4j/lib/jetty-util-12.1.11.jar
                                                                 [classpath] /var/lib/neo4j/lib/jettison-1.5.4.jar
                                                                 [classpath] /var/lib/neo4j/lib/jakarta.inject-2.6.1.jar
                                                                 [classpath] /var/lib/neo4j/lib/neo4j-push-to-cloud-5.26.29.jar
                                                                 [classpath] /var/lib/neo4j/lib/netty-tcnative-classes-2.0.78.Final.jar
                                                                 [classpath] /var/lib/neo4j/lib/neo4j-graphdb-api-5.26.29.jar
                                                                 [classpath] /var/lib/neo4j/lib/slf4j-api-2.0.9.jar
                                                                 [classpath] /var/lib/neo4j/lib/jline-reader-3.21.0.jar
                                                                 [classpath] /var/lib/neo4j/lib/neo4j-cypher-config-5.26.29.jar
                                                                 [classpath] /var/lib/neo4j/lib/FastInfoset-1.2.16.jar
                                                                 [classpath] /var/lib/neo4j/lib/jackson-jaxrs-json-provider-2.22.1.jar
                                                                 [classpath] /var/lib/neo4j/lib/javassist-3.30.2-GA.jar
                                                                 [classpath] /var/lib/neo4j/lib/neo4j-cypher-cache-5.26.29.jar
                                                                 [classpath] /var/lib/neo4j/lib/neo4j-udc-5.26.29.jar
                                                                 [classpath] /var/lib/neo4j/lib/cypher-parser-factory-5.26.29.jar
                                                                 [classpath] /var/lib/neo4j/lib/cypher-antlr-ast-common-5.26.29.jar
                                                                 [classpath] /var/lib/neo4j/lib/netty-transport-4.1.136.Final.jar
                                                                 [classpath] /var/lib/neo4j/lib/jetty-ee8-webapp-12.1.11.jar
                                                                 [classpath] /var/lib/neo4j/lib/neo4j-cypher-ast-factory-5.26.29.jar
                                                                 [classpath] /var/lib/neo4j/lib/neo4j-util-5.26.29.jar
                                                                 [classpath] /var/lib/neo4j/lib/commons-lang3-3.18.0.jar
                                                                 [classpath] /var/lib/neo4j/lib/neo4j-csv-5.26.29.jar
                                                                 [classpath] /var/lib/neo4j/lib/jackson-databind-2.22.1.jar
                                                                 [classpath] /var/lib/neo4j/lib/scala-reflect-2.13.11.jar
                                                                 [classpath] /var/lib/neo4j/lib/neo4j-cypher-expression-evaluator-5.26.29.jar
                                                                 [classpath] /var/lib/neo4j/lib/jakarta.annotation-api-1.3.5.jar
                                                                 [classpath] /var/lib/neo4j/lib/jctools-core-4.0.5.jar
                                                                 [classpath] /var/lib/neo4j/lib/shiro-crypto-hash-3.0.0.jar
                                                                 [classpath] /var/lib/neo4j/lib/cypher-v25-ast-factory-5.26.29.jar
                                                                 [classpath] /var/lib/neo4j/lib/neo4j-procedure-api-5.26.29.jar
                                                                 [classpath] /var/lib/neo4j/lib/neo4j-common-5.26.29.jar
                                                                 [classpath] /var/lib/neo4j/lib/neo4j-command-line-5.26.29.jar
                                                                 [classpath] /var/lib/neo4j/lib/parquet-hadoop-1.17.1.jar
                                                                 [classpath] /var/lib/neo4j/lib/parquet-format-structures-1.17.1.jar
                                                                 [classpath] /var/lib/neo4j/lib/neo4j-lucene-index-5.26.29.jar
                                                                 [classpath] /var/lib/neo4j/lib/neo4j-procedure-5.26.29.jar
                                                                 [classpath] /var/lib/neo4j/lib/netty-transport-classes-epoll-4.1.136.Final.jar
                                                                 [classpath] /var/lib/neo4j/lib/lucene-core-9.11.1.jar
                                                                
2026-08-25 12:59:25.172+0000 INFO  [o.n.i.d.DiagnosticsManager] 
                                                                --------------------------------------------------------------------------------
                                                                                                [ Library path ]                                
                                                                --------------------------------------------------------------------------------
                                                                /usr/java/packages/lib
                                                                /usr/lib64
                                                                /usr/lib64
                                                                /usr/lib
                                                                /usr/lib
                                                                
2026-08-25 12:59:25.173+0000 INFO  [o.n.i.d.DiagnosticsManager] 
                                                                --------------------------------------------------------------------------------
                                                                                             [ System properties ]                              
                                                                --------------------------------------------------------------------------------
                                                                jdk.tls.rejectClientInitiatedRenegotiation = true
                                                                sun.jnu.encoding = UTF-8
                                                                log4j.layout.jsonTemplate.maxStringLength = 32768
                                                                sun.arch.data.model = 64
                                                                user.timezone = Etc/UTC
                                                                sun.java.launcher = SUN_STANDARD
                                                                sun.boot.library.path = /opt/java/openjdk/lib
                                                                sun.java.command = org.neo4j.server.CommunityEntryPoint --home-dir=/var/lib/neo4j --config-dir=/var/lib/neo4j/conf --console-mode
                                                                jdk.debug = release
                                                                io.netty.tryReflectionSetAccessible = true
                                                                sun.cpu.endian = little
                                                                user.home = /var/lib/neo4j
                                                                user.language = en
                                                                file.separator = /
                                                                jdk.tls.ephemeralDHKeySize = 2048
                                                                sun.management.compiler = HotSpot 64-Bit Tiered Compilers
                                                                user.name = neo4j
                                                                stdout.encoding = UTF-8
                                                                jdk.nio.maxCachedBufferSize = 1024
                                                                path.separator = :
                                                                file.encoding = UTF-8
                                                                jnidispatch.path = /var/lib/neo4j/.cache/JNA/temp/jna17444319096798168711.tmp
                                                                jna.loaded = true
                                                                user.dir = /var/lib/neo4j
                                                                native.encoding = UTF-8
                                                                stderr.encoding = UTF-8
                                                                sun.io.unicode.encoding = UnicodeLittle
                                                                log4j2.disable.jmx = true
                                                                
2026-08-25 12:59:25.173+0000 INFO  [o.n.i.d.DiagnosticsManager] 
                                                                --------------------------------------------------------------------------------
                                                                                      [ (IANA) TimeZone database version ]                      
                                                                --------------------------------------------------------------------------------
                                                                  TimeZone version: 2026b (available for 604 zone identifiers)
                                                                
2026-08-25 12:59:25.173+0000 INFO  [o.n.i.d.DiagnosticsManager] 
                                                                --------------------------------------------------------------------------------
                                                                                            [ Network information ]                             
                                                                --------------------------------------------------------------------------------
                                                                Interface eth0:
                                                                    address: 172.18.0.4
                                                                Interface lo:
                                                                    address: 0:0:0:0:0:0:0:1%lo
                                                                    address: 127.0.0.1
                                                                
2026-08-25 12:59:25.173+0000 INFO  [o.n.i.d.DiagnosticsManager] 
                                                                --------------------------------------------------------------------------------
                                                                                         [ Native access information ]                          
                                                                --------------------------------------------------------------------------------
                                                                Native access details: Linux native access is available.
                                                                
2026-08-25 12:59:25.173+0000 INFO  [o.n.i.d.DiagnosticsManager] 
                                                                --------------------------------------------------------------------------------
                                                                                                [ DBMS config ]                                 
                                                                --------------------------------------------------------------------------------
                                                                DBMS provided settings:
                                                                db.tx_log.rotation.retention_policy=2 days 2G
                                                                server.bolt.enabled=true
                                                                server.default_listen_address=0.0.0.0
                                                                server.directories.import=/var/lib/neo4j/import
                                                                server.directories.logs=/logs
                                                                server.directories.neo4j_home=/var/lib/neo4j
                                                                server.http.enabled=true
                                                                server.https.enabled=false
                                                                server.jvm.additional=-XX:+UseG1GC
-XX:-OmitStackTraceInFastThrow
-XX:+AlwaysPreTouch
-XX:+UnlockExperimentalVMOptions
-XX:+TrustFinalNonStaticFields
-XX:+DisableExplicitGC
-Djdk.nio.maxCachedBufferSize=1024
-Dio.netty.tryReflectionSetAccessible=true
-Djdk.tls.ephemeralDHKeySize=2048
-Djdk.tls.rejectClientInitiatedRenegotiation=true
-XX:FlightRecorderOptions=stackdepth=256
-XX:+UnlockDiagnosticVMOptions
-XX:+DebugNonSafepoints
--add-opens=java.base/java.nio=ALL-UNNAMED
--add-opens=java.base/java.io=ALL-UNNAMED
--add-opens=java.base/sun.nio.ch=ALL-UNNAMED
--enable-native-access=ALL-UNNAMED
-Dlog4j2.disable.jmx=true
-Dlog4j.layout.jsonTemplate.maxStringLength=32768
                                                                server.memory.pagecache.size=512.00MiB
                                                                server.windows_service_name=neo4j
                                                                Directories in use:
                                                                server.directories.data=/var/lib/neo4j/data
                                                                server.directories.dumps.root=/var/lib/neo4j/data/dumps
                                                                server.directories.import=/var/lib/neo4j/import
                                                                server.directories.lib=/var/lib/neo4j/lib
                                                                server.directories.licenses=/var/lib/neo4j/licenses
                                                                server.directories.logs=/logs
                                                                server.directories.neo4j_home=/var/lib/neo4j
                                                                server.directories.plugins=/var/lib/neo4j/plugins
                                                                server.directories.run=/var/lib/neo4j/run
                                                                server.directories.script.root=/var/lib/neo4j/data/scripts
                                                                server.directories.transaction.logs.root=/var/lib/neo4j/data/transactions
                                                                
2026-08-25 12:59:25.173+0000 INFO  [o.n.i.d.DiagnosticsManager] 
                                                                --------------------------------------------------------------------------------
                                                                                                 [ Packaging ]                                  
                                                                --------------------------------------------------------------------------------
                                                                Edition: Community
                                                                Package Type: docker trixie
                                                                
2026-08-25 12:59:25.197+0000 INFO  [o.n.d.i.DefaultIdentityModule] Found ServerId on disk: ServerId{47f3f0d0} (47f3f0d0-ca2e-470e-b67a-d38560e1c59b)
2026-08-25 12:59:25.198+0000 INFO  [o.n.d.i.DefaultIdentityModule] This instance is ServerId{47f3f0d0} (47f3f0d0-ca2e-470e-b67a-d38560e1c59b)
2026-08-25 12:59:26.122+0000 INFO  [o.n.s.CommunityNeoWebServer] ======== Neo4j 5.26.29 ========
2026-08-25 12:59:26.136+0000 INFO  [o.n.d.d.DatabaseLifecycles] Creating 'DatabaseId{00000000[system]}'.
2026-08-25 12:59:26.308+0000 INFO  [o.n.b.BoltServer] Using connector transport epoll
2026-08-25 12:59:26.361+0000 INFO  [o.n.b.BoltServer] Configured external Bolt connector with listener address /0.0.0.0:7687
2026-08-25 12:59:26.362+0000 INFO  [o.n.b.BoltServer] Bolt server loaded
2026-08-25 12:59:26.380+0000 INFO  [o.n.d.d.DatabaseLifecycles] Starting 'DatabaseId{00000000[system]}'.
2026-08-25 12:59:26.993+0000 INFO  [o.n.k.i.t.l.f.c.CheckpointLogFile] [system/00000000] Scanning log file with version 0 for checkpoint entries
2026-08-25 12:59:27.024+0000 INFO  [o.n.k.i.s.f.RecordFormatSelector] [system/00000000] Selected RecordFormat:PageAlignedV5_0[aligned-1.1] record format from store /data/databases/system
2026-08-25 12:59:27.024+0000 INFO  [o.n.k.i.s.f.RecordFormatSelector] [system/00000000] Selected format from the store files: RecordFormat:PageAlignedV5_0[aligned-1.1]
2026-08-25 12:59:27.217+0000 INFO  [o.n.i.d.DiagnosticsManager] [system/00000000] 
                                                                [system/00000000] ********************************************************************************
                                                                [system/00000000]                               [ Database: system ]                              
                                                                [system/00000000] ********************************************************************************
                                                                [system/00000000] --------------------------------------------------------------------------------
                                                                [system/00000000]                                   [ Version ]                                   
                                                                [system/00000000] --------------------------------------------------------------------------------
                                                                [system/00000000] DBMS: community record-aligned-1.1
                                                                [system/00000000] Kernel version: 5.26.29
                                                                [system/00000000] 
                                                                [system/00000000] --------------------------------------------------------------------------------
                                                                [system/00000000]                                 [ Store files ]                                 
                                                                [system/00000000] --------------------------------------------------------------------------------
                                                                [system/00000000] Disk space on partition (Total / Free / Free %): 105086115840 / 70504722432 / 67
                                                                [system/00000000] Storage files stored on file store: ext4
                                                                [system/00000000] Storage files: (filename : modification date - size)
                                                                [system/00000000]   database_lock: 2026-08-23 20:48:37.143+0000 - 0B
                                                                [system/00000000]   neostore: 2026-08-23 20:48:37.038+0000 - 8.000KiB
                                                                [system/00000000]   neostore.counts.db: 2026-08-25 12:59:27.117+0000 - 48.00KiB
                                                                [system/00000000]   neostore.indexstats.db: 2026-08-25 12:59:27.132+0000 - 48.00KiB
                                                                [system/00000000]   neostore.labeltokenstore.db: 2026-08-23 21:03:47.294+0000 - 8.000KiB
                                                                [system/00000000]   neostore.labeltokenstore.db.id: 2026-08-25 12:59:27.095+0000 - 40.00KiB
                                                                [system/00000000]   neostore.labeltokenstore.db.names: 2026-08-23 21:03:47.299+0000 - 8.000KiB
                                                                [system/00000000]   neostore.labeltokenstore.db.names.id: 2026-08-25 12:59:27.092+0000 - 40.00KiB
                                                                [system/00000000]   neostore.nodestore.db: 2026-08-23 21:03:47.301+0000 - 8.000KiB
                                                                [system/00000000]   neostore.nodestore.db.id: 2026-08-25 12:59:27.072+0000 - 40.00KiB
                                                                [system/00000000]   neostore.nodestore.db.labels: 2026-08-23 20:48:36.986+0000 - 8.000KiB
                                                                [system/00000000]   neostore.nodestore.db.labels.id: 2026-08-25 12:59:27.058+0000 - 40.00KiB
                                                                [system/00000000]   neostore.propertystore.db: 2026-08-23 21:03:47.296+0000 - 8.000KiB
                                                                [system/00000000]   neostore.propertystore.db.arrays: 2026-08-23 20:48:37.008+0000 - 8.000KiB
                                                                [system/00000000]   neostore.propertystore.db.arrays.id: 2026-08-25 12:59:27.081+0000 - 40.00KiB
                                                                [system/00000000]   neostore.propertystore.db.id: 2026-08-25 12:59:27.084+0000 - 40.00KiB
                                                                [system/00000000]   neostore.propertystore.db.index: 2026-08-23 21:03:47.297+0000 - 8.000KiB
                                                                [system/00000000]   neostore.propertystore.db.index.id: 2026-08-25 12:59:27.077+0000 - 40.00KiB
                                                                [system/00000000]   neostore.propertystore.db.index.keys: 2026-08-23 21:03:47.304+0000 - 8.000KiB
                                                                [system/00000000]   neostore.propertystore.db.index.keys.id: 2026-08-25 12:59:27.074+0000 - 40.00KiB
                                                                [system/00000000]   neostore.propertystore.db.strings: 2026-08-23 21:03:47.303+0000 - 8.000KiB
                                                                [system/00000000]   neostore.propertystore.db.strings.id: 2026-08-25 12:59:27.079+0000 - 40.00KiB
                                                                [system/00000000]   neostore.relationshipgroupstore.db: 2026-08-23 20:48:37.029+0000 - 8.000KiB
                                                                [system/00000000]   neostore.relationshipgroupstore.db.id: 2026-08-25 12:59:27.099+0000 - 40.00KiB
                                                                [system/00000000]   neostore.relationshipgroupstore.degrees.db: 2026-08-25 12:59:27.127+0000 - 40.00KiB
                                                                [system/00000000]   neostore.relationshipstore.db: 2026-08-23 21:03:47.299+0000 - 8.000KiB
                                                                [system/00000000]   neostore.relationshipstore.db.id: 2026-08-25 12:59:27.086+0000 - 40.00KiB
                                                                [system/00000000]   neostore.relationshiptypestore.db: 2026-08-23 21:03:47.305+0000 - 8.000KiB
                                                                [system/00000000]   neostore.relationshiptypestore.db.id: 2026-08-25 12:59:27.090+0000 - 40.00KiB
                                                                [system/00000000]   neostore.relationshiptypestore.db.names: 2026-08-23 21:03:47.293+0000 - 8.000KiB
                                                                [system/00000000]   neostore.relationshiptypestore.db.names.id: 2026-08-25 12:59:27.088+0000 - 40.00KiB
                                                                [system/00000000]   neostore.schemastore.db: 2026-08-23 21:03:47.298+0000 - 8.000KiB
                                                                [system/00000000]   neostore.schemastore.db.id: 2026-08-25 12:59:27.097+0000 - 40.00KiB
                                                                [system/00000000]   schema:
                                                                [system/00000000]     index:
                                                                [system/00000000]       range-1.0:
                                                                [system/00000000]         3:
                                                                [system/00000000]           index-3: 2026-08-25 12:58:46.273+0000 - 48.00KiB
                                                                [system/00000000]         - Total: 2026-08-23 20:48:37.561+0000 - 48.00KiB
                                                                [system/00000000]         4:
                                                                [system/00000000]           index-4: 2026-08-25 12:58:46.274+0000 - 48.00KiB
                                                                [system/00000000]         - Total: 2026-08-23 20:48:37.606+0000 - 48.00KiB
                                                                [system/00000000]         7:
                                                                [system/00000000]           index-7: 2026-08-25 12:58:46.275+0000 - 48.00KiB
                                                                [system/00000000]         - Total: 2026-08-23 20:48:37.778+0000 - 48.00KiB
                                                                [system/00000000]         8:
                                                                [system/00000000]           index-8: 2026-08-25 12:58:46.277+0000 - 48.00KiB
                                                                [system/00000000]         - Total: 2026-08-23 20:48:37.802+0000 - 48.00KiB
                                                                [system/00000000]         9:
                                                                [system/00000000]           index-9: 2026-08-25 12:58:46.278+0000 - 48.00KiB
                                                                [system/00000000]         - Total: 2026-08-23 20:48:37.827+0000 - 48.00KiB
                                                                [system/00000000]       - Total: 2026-08-23 20:48:37.827+0000 - 240.0KiB
                                                                [system/00000000]       token-lookup-1.0:
                                                                [system/00000000]         1:
                                                                [system/00000000]           index-1: 2026-08-25 12:58:46.270+0000 - 48.00KiB
                                                                [system/00000000]         - Total: 2026-08-23 20:48:37.324+0000 - 48.00KiB
                                                                [system/00000000]         2:
                                                                [system/00000000]           index-2: 2026-08-25 12:58:46.272+0000 - 48.00KiB
                                                                [system/00000000]         - Total: 2026-08-23 20:48:37.364+0000 - 48.00KiB
                                                                [system/00000000]       - Total: 2026-08-23 20:48:37.364+0000 - 96.00KiB
                                                                [system/00000000]     - Total: 2026-08-23 20:48:37.561+0000 - 336.0KiB
                                                                [system/00000000]   - Total: 2026-08-23 20:48:37.322+0000 - 336.0KiB
                                                                [system/00000000] Storage summary: 
                                                                [system/00000000]   Total size of store: 1.125MiB
                                                                [system/00000000]   Total size of mapped files: 456.0KiB
                                                                [system/00000000] 
                                                                [system/00000000] --------------------------------------------------------------------------------
                                                                [system/00000000]                               [ Transaction log ]                               
                                                                [system/00000000] --------------------------------------------------------------------------------
                                                                [system/00000000] Transaction log files stored on file store: ext4
                                                                [system/00000000] Transaction log metadata:
                                                                [system/00000000]  - current kernel version used in transactions: V5_25
                                                                [system/00000000]  - last committed transaction id: 41
                                                                [system/00000000] Transaction log files:
                                                                [system/00000000]  - existing transaction log versions: 0-0
                                                                [system/00000000]  - oldest append index 2 found in log with version 0
                                                                [system/00000000]  - files: (filename : creation date - size)
                                                                [system/00000000]      neostore.transaction.db.0: 2026-08-23 20:48:37.155+0000 - 256.0MiB
                                                                [system/00000000]  - total size of files: 256.0MiB
                                                                [system/00000000] Checkpoint log files:
                                                                [system/00000000]  - existing checkpoint log versions: 0-0
                                                                [system/00000000]  - last checkpoint: CheckpointInfo[oldestNotVisibleTransactionLogPosition=LogPosition{logVersion=0, byteOffset=24028}, transactionLogPosition=LogPosition{logVersion=0, byteOffset=24028}, storeId=StoreId{creationTime=1787518117037, random=-1085881962731566221, storageEngineName='record', formatName='aligned', majorVersion=1, minorVersion=1}, checkpointEntryPosition=LogPosition{logVersion=0, byteOffset=824}, channelPositionAfterCheckpoint=LogPosition{logVersion=0, byteOffset=1056}, checkpointFilePostReadPosition=LogPosition{logVersion=0, byteOffset=1056}, kernelVersion=KernelVersion{V5_25,version=20}, kernelVersionByte=20, transactionId=TransactionId[id=41, appendIndex=41, kernelVersion=KernelVersion{V5_25,version=20}, checksum=-119534126, commitTimestamp=1787518117868, consensusIndex=-1], appendIndex=41, reason=Checkpoint triggered by "Database shutdown" @ txId: 41, append index: 41, consensusIndexInCheckpoint=true]
                                                                [system/00000000] 
                                                                [system/00000000] --------------------------------------------------------------------------------
                                                                [system/00000000]                                   [ Id usage ]                                  
                                                                [system/00000000] --------------------------------------------------------------------------------
                                                                [system/00000000] ArrayPropertyStore[neostore.nodestore.db.labels]: used=1 high=0
                                                                [system/00000000] NodeStore[neostore.nodestore.db]: used=7 high=6
                                                                [system/00000000] StringPropertyStore[neostore.propertystore.db.index.keys]: used=47 high=46
                                                                [system/00000000] PropertyIndexStore[neostore.propertystore.db.index]: used=33 high=32
                                                                [system/00000000] StringPropertyStore[neostore.propertystore.db.strings]: used=3 high=2
                                                                [system/00000000] ArrayPropertyStore[neostore.propertystore.db.arrays]: used=1 high=0
                                                                [system/00000000] PropertyStore[neostore.propertystore.db]: used=73 high=72
                                                                [system/00000000] RelationshipStore[neostore.relationshipstore.db]: used=3 high=2
                                                                [system/00000000] StringPropertyStore[neostore.relationshiptypestore.db.names]: used=3 high=2
                                                                [system/00000000] RelationshipTypeStore[neostore.relationshiptypestore.db]: used=2 high=1
                                                                [system/00000000] StringPropertyStore[neostore.labeltokenstore.db.names]: used=6 high=5
                                                                [system/00000000] LabelTokenStore[neostore.labeltokenstore.db]: used=5 high=4
                                                                [system/00000000] SchemaStore[neostore.schemastore.db]: used=13 high=12
                                                                [system/00000000] RelationshipGroupStore[neostore.relationshipgroupstore.db]: used=1 high=0
                                                                [system/00000000] NeoStore[neostore]: used=-1 high=-1
                                                                [system/00000000] 
                                                                [system/00000000] --------------------------------------------------------------------------------
                                                                [system/00000000]                                   [ Metadata ]                                  
                                                                [system/00000000] --------------------------------------------------------------------------------
                                                                [system/00000000] EXTERNAL_STORE_UUID (Database identifier exposed as external store identity. Generated on creation and never updated): f5971134-e6be-4e06-b1c0-3e1537d4a1e6
                                                                [system/00000000] DATABASE_ID (The last used DatabaseId for this database): null
                                                                [system/00000000] LEGACY_STORE_VERSION (Legacy store format version. This field is used from 5.0 onwards only to distinguish non-migrated pre 5.0 metadata stores.): -3523014627327384477
                                                                [system/00000000] STORE_ID (Store ID): StoreId{creationTime=1787518117037, random=-1085881962731566221, storageEngineName='record', formatName='aligned', majorVersion=1, minorVersion=1}
                                                                [system/00000000] 
2026-08-25 12:59:27.286+0000 INFO  [o.n.k.i.a.i.IndexingService] [system/00000000] IndexingService.init: indexes not specifically mentioned above are ONLINE. Total 7 indexes. Processed in 37ms
2026-08-25 12:59:27.288+0000 INFO  [o.n.k.a.DatabaseAvailabilityGuard] [system/00000000] Requirement `Database unavailable` makes database system unavailable.
2026-08-25 12:59:27.289+0000 INFO  [o.n.k.a.DatabaseAvailabilityGuard] [system/00000000] DatabaseId{00000000[system]} is unavailable.
2026-08-25 12:59:27.293+0000 INFO  [o.n.k.d.Database] [system/00000000] Starting transaction log [/data/transactions/system/neostore.transaction.db.0] at version=0
2026-08-25 12:59:27.296+0000 INFO  [o.n.k.d.Database] [system/00000000] Starting transaction log [/data/transactions/system/checkpoint.0] at version=0
2026-08-25 12:59:27.297+0000 INFO  [o.n.k.i.t.l.f.c.CheckpointLogFile] [system/00000000] Scanning log file with version 0 for checkpoint entries
2026-08-25 12:59:27.300+0000 INFO  [o.n.k.i.a.i.IndexingService] [system/00000000] IndexingService.start: indexes not specifically mentioned above are ONLINE. Total 7 indexes. Processed in 0ms
2026-08-25 12:59:27.306+0000 INFO  [o.n.k.a.DatabaseAvailabilityGuard] [system/00000000] Fulfilling of requirement 'Database unavailable' makes database system available.
2026-08-25 12:59:27.306+0000 INFO  [o.n.k.a.DatabaseAvailabilityGuard] [system/00000000] DatabaseId{00000000[system]} is ready.
2026-08-25 12:59:27.397+0000 INFO  [o.n.s.s.s.UserSecurityGraphComponent] Performing postInitialization step for component 'security-users' with version 5 and status CURRENT
2026-08-25 12:59:27.397+0000 INFO  [o.n.s.s.s.UserSecurityGraphComponent] Updating the initial password in component 'security-users'
2026-08-25 12:59:27.411+0000 INFO  [o.n.d.d.DatabaseLifecycles] Creating 'DatabaseId{7efa7199[neo4j]}'.
2026-08-25 12:59:27.413+0000 INFO  [o.n.d.d.DatabaseLifecycles] Starting 'DatabaseId{7efa7199[neo4j]}'.
2026-08-25 12:59:27.420+0000 INFO  [o.n.k.i.t.l.f.c.CheckpointLogFile] [neo4j/7efa7199] Scanning log file with version 0 for checkpoint entries
2026-08-25 12:59:27.428+0000 INFO  [o.n.k.i.s.f.RecordFormatSelector] [neo4j/7efa7199] Selected RecordFormat:PageAlignedV5_0[aligned-1.1] record format from store /data/databases/neo4j
2026-08-25 12:59:27.428+0000 INFO  [o.n.k.i.s.f.RecordFormatSelector] [neo4j/7efa7199] Selected format from the store files: RecordFormat:PageAlignedV5_0[aligned-1.1]
2026-08-25 12:59:27.467+0000 INFO  [o.n.i.d.DiagnosticsManager] [neo4j/7efa7199] 
                                                                [neo4j/7efa7199] ********************************************************************************
                                                                [neo4j/7efa7199]                               [ Database: neo4j ]                               
                                                                [neo4j/7efa7199] ********************************************************************************
                                                                [neo4j/7efa7199] --------------------------------------------------------------------------------
                                                                [neo4j/7efa7199]                                   [ Version ]                                   
                                                                [neo4j/7efa7199] --------------------------------------------------------------------------------
                                                                [neo4j/7efa7199] DBMS: community record-aligned-1.1
                                                                [neo4j/7efa7199] Kernel version: 5.26.29
                                                                [neo4j/7efa7199] 
                                                                [neo4j/7efa7199] --------------------------------------------------------------------------------
                                                                [neo4j/7efa7199]                                 [ Store files ]                                 
                                                                [neo4j/7efa7199] --------------------------------------------------------------------------------
                                                                [neo4j/7efa7199] Disk space on partition (Total / Free / Free %): 105086115840 / 70504701952 / 67
                                                                [neo4j/7efa7199] Storage files stored on file store: ext4
                                                                [neo4j/7efa7199] Storage files: (filename : modification date - size)
                                                                [neo4j/7efa7199]   database_lock: 2026-08-23 20:48:37.923+0000 - 0B
                                                                [neo4j/7efa7199]   neostore: 2026-08-23 20:48:37.913+0000 - 8.000KiB
                                                                [neo4j/7efa7199]   neostore.counts.db: 2026-08-25 12:59:27.452+0000 - 48.00KiB
                                                                [neo4j/7efa7199]   neostore.indexstats.db: 2026-08-25 12:59:27.456+0000 - 48.00KiB
                                                                [neo4j/7efa7199]   neostore.labeltokenstore.db: 2026-08-23 21:03:48.023+0000 - 8.000KiB
                                                                [neo4j/7efa7199]   neostore.labeltokenstore.db.id: 2026-08-25 12:59:27.446+0000 - 40.00KiB
                                                                [neo4j/7efa7199]   neostore.labeltokenstore.db.names: 2026-08-23 21:03:48.045+0000 - 8.000KiB
                                                                [neo4j/7efa7199]   neostore.labeltokenstore.db.names.id: 2026-08-25 12:59:27.445+0000 - 40.00KiB
                                                                [neo4j/7efa7199]   neostore.nodestore.db: 2026-08-24 10:21:38.483+0000 - 8.000KiB
                                                                [neo4j/7efa7199]   neostore.nodestore.db.id: 2026-08-25 12:59:27.430+0000 - 40.00KiB
                                                                [neo4j/7efa7199]   neostore.nodestore.db.labels: 2026-08-23 20:48:37.882+0000 - 8.000KiB
                                                                [neo4j/7efa7199]   neostore.nodestore.db.labels.id: 2026-08-25 12:59:27.428+0000 - 40.00KiB
                                                                [neo4j/7efa7199]   neostore.propertystore.db: 2026-08-24 10:21:38.477+0000 - 56.00KiB
                                                                [neo4j/7efa7199]   neostore.propertystore.db.arrays: 2026-08-23 20:48:37.895+0000 - 8.000KiB
                                                                [neo4j/7efa7199]   neostore.propertystore.db.arrays.id: 2026-08-25 12:59:27.437+0000 - 40.00KiB
                                                                [neo4j/7efa7199]   neostore.propertystore.db.id: 2026-08-25 12:59:27.438+0000 - 40.00KiB
                                                                [neo4j/7efa7199]   neostore.propertystore.db.index: 2026-08-23 21:03:48.041+0000 - 8.000KiB
                                                                [neo4j/7efa7199]   neostore.propertystore.db.index.id: 2026-08-25 12:59:27.433+0000 - 48.00KiB
                                                                [neo4j/7efa7199]   neostore.propertystore.db.index.keys: 2026-08-23 21:03:48.044+0000 - 8.000KiB
                                                                [neo4j/7efa7199]   neostore.propertystore.db.index.keys.id: 2026-08-25 12:59:27.432+0000 - 40.00KiB
                                                                [neo4j/7efa7199]   neostore.propertystore.db.strings: 2026-08-24 10:21:38.473+0000 - 64.00KiB
                                                                [neo4j/7efa7199]   neostore.propertystore.db.strings.id: 2026-08-25 12:59:27.435+0000 - 40.00KiB
                                                                [neo4j/7efa7199]   neostore.relationshipgroupstore.db: 2026-08-24 10:21:38.489+0000 - 8.000KiB
                                                                [neo4j/7efa7199]   neostore.relationshipgroupstore.db.id: 2026-08-25 12:59:27.449+0000 - 40.00KiB
                                                                [neo4j/7efa7199]   neostore.relationshipgroupstore.degrees.db: 2026-08-25 12:59:27.454+0000 - 48.00KiB
                                                                [neo4j/7efa7199]   neostore.relationshipstore.db: 2026-08-24 10:21:38.480+0000 - 16.00KiB
                                                                [neo4j/7efa7199]   neostore.relationshipstore.db.id: 2026-08-25 12:59:27.440+0000 - 40.00KiB
                                                                [neo4j/7efa7199]   neostore.relationshiptypestore.db: 2026-08-23 21:03:48.033+0000 - 8.000KiB
                                                                [neo4j/7efa7199]   neostore.relationshiptypestore.db.id: 2026-08-25 12:59:27.443+0000 - 40.00KiB
                                                                [neo4j/7efa7199]   neostore.relationshiptypestore.db.names: 2026-08-23 21:03:48.040+0000 - 8.000KiB
                                                                [neo4j/7efa7199]   neostore.relationshiptypestore.db.names.id: 2026-08-25 12:59:27.441+0000 - 40.00KiB
                                                                [neo4j/7efa7199]   neostore.schemastore.db: 2026-08-23 20:48:38.058+0000 - 8.000KiB
                                                                [neo4j/7efa7199]   neostore.schemastore.db.id: 2026-08-25 12:59:27.448+0000 - 40.00KiB
                                                                [neo4j/7efa7199]   schema:
                                                                [neo4j/7efa7199]     index:
                                                                [neo4j/7efa7199]       token-lookup-1.0:
                                                                [neo4j/7efa7199]         1:
                                                                [neo4j/7efa7199]           index-1: 2026-08-25 12:58:46.209+0000 - 48.00KiB
                                                                [neo4j/7efa7199]         - Total: 2026-08-23 20:48:37.946+0000 - 48.00KiB
                                                                [neo4j/7efa7199]         2:
                                                                [neo4j/7efa7199]           index-2: 2026-08-25 12:58:46.211+0000 - 48.00KiB
                                                                [neo4j/7efa7199]         - Total: 2026-08-23 20:48:37.959+0000 - 48.00KiB
                                                                [neo4j/7efa7199]       - Total: 2026-08-23 20:48:37.959+0000 - 96.00KiB
                                                                [neo4j/7efa7199]     - Total: 2026-08-23 20:48:37.946+0000 - 96.00KiB
                                                                [neo4j/7efa7199]   - Total: 2026-08-23 20:48:37.946+0000 - 96.00KiB
                                                                [neo4j/7efa7199] Storage summary: 
                                                                [neo4j/7efa7199]   Total size of store: 1.016MiB
                                                                [neo4j/7efa7199]   Total size of mapped files: 328.0KiB
                                                                [neo4j/7efa7199] 
                                                                [neo4j/7efa7199] --------------------------------------------------------------------------------
                                                                [neo4j/7efa7199]                               [ Transaction log ]                               
                                                                [neo4j/7efa7199] --------------------------------------------------------------------------------
                                                                [neo4j/7efa7199] Transaction log files stored on file store: ext4
                                                                [neo4j/7efa7199] Transaction log metadata:
                                                                [neo4j/7efa7199]  - current kernel version used in transactions: V5_25
                                                                [neo4j/7efa7199]  - last committed transaction id: 153
                                                                [neo4j/7efa7199] Transaction log files:
                                                                [neo4j/7efa7199]  - existing transaction log versions: 0-0
                                                                [neo4j/7efa7199]  - oldest append index 2 found in log with version 0
                                                                [neo4j/7efa7199]  - files: (filename : creation date - size)
                                                                [neo4j/7efa7199]      neostore.transaction.db.0: 2026-08-23 20:48:37.925+0000 - 256.0MiB
                                                                [neo4j/7efa7199]  - total size of files: 256.0MiB
                                                                [neo4j/7efa7199] Checkpoint log files:
                                                                [neo4j/7efa7199]  - existing checkpoint log versions: 0-0
                                                                [neo4j/7efa7199]  - last checkpoint: CheckpointInfo[oldestNotVisibleTransactionLogPosition=LogPosition{logVersion=0, byteOffset=289177}, transactionLogPosition=LogPosition{logVersion=0, byteOffset=289177}, storeId=StoreId{creationTime=1787518117914, random=1502559886532048127, storageEngineName='record', formatName='aligned', majorVersion=1, minorVersion=1}, checkpointEntryPosition=LogPosition{logVersion=0, byteOffset=1056}, channelPositionAfterCheckpoint=LogPosition{logVersion=0, byteOffset=1288}, checkpointFilePostReadPosition=LogPosition{logVersion=0, byteOffset=1288}, kernelVersion=KernelVersion{V5_25,version=20}, kernelVersionByte=20, transactionId=TransactionId[id=153, appendIndex=153, kernelVersion=KernelVersion{V5_25,version=20}, checksum=209435315, commitTimestamp=1787566896190, consensusIndex=-1], appendIndex=153, reason=Checkpoint triggered by "Database shutdown" @ txId: 153, append index: 153, consensusIndexInCheckpoint=true]
                                                                [neo4j/7efa7199] 
                                                                [neo4j/7efa7199] --------------------------------------------------------------------------------
                                                                [neo4j/7efa7199]                                   [ Id usage ]                                  
                                                                [neo4j/7efa7199] --------------------------------------------------------------------------------
                                                                [neo4j/7efa7199] ArrayPropertyStore[neostore.nodestore.db.labels]: used=1 high=0
                                                                [neo4j/7efa7199] NodeStore[neostore.nodestore.db]: used=134 high=133
                                                                [neo4j/7efa7199] StringPropertyStore[neostore.propertystore.db.index.keys]: used=50 high=49
                                                                [neo4j/7efa7199] PropertyIndexStore[neostore.propertystore.db.index]: used=40 high=39
                                                                [neo4j/7efa7199] StringPropertyStore[neostore.propertystore.db.strings]: used=452 high=451
                                                                [neo4j/7efa7199] ArrayPropertyStore[neostore.propertystore.db.arrays]: used=1 high=0
                                                                [neo4j/7efa7199] PropertyStore[neostore.propertystore.db]: used=1278 high=1277
                                                                [neo4j/7efa7199] RelationshipStore[neostore.relationshipstore.db]: used=261 high=260
                                                                [neo4j/7efa7199] StringPropertyStore[neostore.relationshiptypestore.db.names]: used=4 high=3
                                                                [neo4j/7efa7199] RelationshipTypeStore[neostore.relationshiptypestore.db]: used=3 high=2
                                                                [neo4j/7efa7199] StringPropertyStore[neostore.labeltokenstore.db.names]: used=5 high=4
                                                                [neo4j/7efa7199] LabelTokenStore[neostore.labeltokenstore.db]: used=4 high=3
                                                                [neo4j/7efa7199] SchemaStore[neostore.schemastore.db]: used=3 high=2
                                                                [neo4j/7efa7199] RelationshipGroupStore[neostore.relationshipgroupstore.db]: used=5 high=4
                                                                [neo4j/7efa7199] NeoStore[neostore]: used=-1 high=-1
                                                                [neo4j/7efa7199] 
                                                                [neo4j/7efa7199] --------------------------------------------------------------------------------
                                                                [neo4j/7efa7199]                                   [ Metadata ]                                  
                                                                [neo4j/7efa7199] --------------------------------------------------------------------------------
                                                                [neo4j/7efa7199] EXTERNAL_STORE_UUID (Database identifier exposed as external store identity. Generated on creation and never updated): 9398bedf-9e18-4801-997f-e5e31b48f286
                                                                [neo4j/7efa7199] DATABASE_ID (The last used DatabaseId for this database): null
                                                                [neo4j/7efa7199] LEGACY_STORE_VERSION (Legacy store format version. This field is used from 5.0 onwards only to distinguish non-migrated pre 5.0 metadata stores.): -3523014627327384477
                                                                [neo4j/7efa7199] STORE_ID (Store ID): StoreId{creationTime=1787518117914, random=1502559886532048127, storageEngineName='record', formatName='aligned', majorVersion=1, minorVersion=1}
                                                                [neo4j/7efa7199] 
2026-08-25 12:59:27.473+0000 INFO  [o.n.k.i.a.i.IndexingService] [neo4j/7efa7199] IndexingService.init: indexes not specifically mentioned above are ONLINE. Total 2 indexes. Processed in 4ms
2026-08-25 12:59:27.474+0000 INFO  [o.n.k.a.DatabaseAvailabilityGuard] [neo4j/7efa7199] Requirement `Database unavailable` makes database neo4j unavailable.
2026-08-25 12:59:27.474+0000 INFO  [o.n.k.a.DatabaseAvailabilityGuard] [neo4j/7efa7199] DatabaseId{7efa7199[neo4j]} is unavailable.
2026-08-25 12:59:27.475+0000 INFO  [o.n.k.d.Database] [neo4j/7efa7199] Starting transaction log [/data/transactions/neo4j/neostore.transaction.db.0] at version=0
2026-08-25 12:59:27.476+0000 INFO  [o.n.k.d.Database] [neo4j/7efa7199] Starting transaction log [/data/transactions/neo4j/checkpoint.0] at version=0
2026-08-25 12:59:27.476+0000 INFO  [o.n.k.i.t.l.f.c.CheckpointLogFile] [neo4j/7efa7199] Scanning log file with version 0 for checkpoint entries
2026-08-25 12:59:27.479+0000 INFO  [o.n.k.i.a.i.IndexingService] [neo4j/7efa7199] IndexingService.start: indexes not specifically mentioned above are ONLINE. Total 2 indexes. Processed in 0ms
2026-08-25 12:59:27.480+0000 INFO  [o.n.k.a.DatabaseAvailabilityGuard] [neo4j/7efa7199] Fulfilling of requirement 'Database unavailable' makes database neo4j available.
2026-08-25 12:59:27.480+0000 INFO  [o.n.k.a.DatabaseAvailabilityGuard] [neo4j/7efa7199] DatabaseId{7efa7199[neo4j]} is ready.
2026-08-25 12:59:27.480+0000 INFO  [o.n.u.UserDataCollector] Anonymous Usage Data is being sent to Neo4j, see https://neo4j.com/docs/usage-data/
2026-08-25 12:59:27.511+0000 INFO  [o.n.b.p.c.c.n.SocketNettyConnector] Bolt enabled on 0.0.0.0:7687.
2026-08-25 12:59:27.512+0000 WARN  [i.n.b.ServerBootstrap] Unknown channel option 'SO_REUSEADDR' for channel '[id: 0x0732ca5f]' of type 'class io.netty.channel.local.LocalServerChannel'
2026-08-25 12:59:27.517+0000 INFO  [o.n.b.BoltServer] Bolt server started
2026-08-25 12:59:27.517+0000 INFO  [o.n.s.A.ServerComponentsLifecycleAdapter] Starting web server
2026-08-25 12:59:28.674+0000 INFO  [o.n.s.CommunityNeoWebServer] HTTP enabled on 0.0.0.0:7474.
2026-08-25 12:59:28.675+0000 INFO  [o.n.s.CommunityNeoWebServer] Remote interface available at http://localhost:7474/
2026-08-25 12:59:28.675+0000 INFO  [o.n.s.A.ServerComponentsLifecycleAdapter] Web server started.
2026-08-25 12:59:28.677+0000 INFO  [o.n.g.f.DatabaseManagementServiceFactory] id: F2D2C5DE77BE3C34B9607B923BB3D2B15214427F692CFA39DE25B6B8CAB44B79
2026-08-25 12:59:28.677+0000 INFO  [o.n.g.f.DatabaseManagementServiceFactory] name: system
2026-08-25 12:59:28.678+0000 INFO  [o.n.g.f.DatabaseManagementServiceFactory] creationDate: 2026-08-23T20:48:37.037Z
2026-08-25 13:21:57.503+0000 INFO  [o.n.k.i.t.l.c.CheckPointerImpl] [neo4j/7efa7199] Checkpoint triggered by "Scheduled checkpoint for every 15 minutes threshold" @ txId: 251, append index: 251 checkpoint started...
2026-08-25 13:21:57.584+0000 INFO  [o.n.k.i.t.l.c.CheckPointerImpl] [neo4j/7efa7199] Checkpoint triggered by "Scheduled checkpoint for every 15 minutes threshold" @ txId: 251, append index: 251 checkpoint completed in 80ms. Checkpoint flushed 64 pages (0% of total available pages), in 57 IOs. Checkpoint performed with IO limit: unlimited, paused in total 0 times( 0 millis).
2026-08-25 13:21:57.587+0000 INFO  [o.n.k.i.t.l.p.LogPruningImpl] [neo4j/7efa7199] No log version pruned. The strategy used was '2 days 2147483648 size'. 
2026-08-25 14:07:57.914+0000 INFO  [o.n.c.i.c.CypherQueryCaches] [neo4j/7efa7199] Discarded stale query from the query cache after 3553 seconds. Reason: CardinalityByLabelsAndRelationshipType(None,Some(RelTypeId(1)),None) changed from 131.0 to 232.0, which is a divergence of 0.4353448275862069 which is greater than threshold 0.3917783592708026. Query id: 101.
2026-08-25 14:08:07.630+0000 INFO  [o.n.k.i.t.l.c.CheckPointerImpl] [neo4j/7efa7199] Checkpoint triggered by "Scheduled checkpoint for every 15 minutes threshold" @ txId: 348, append index: 348 checkpoint started...
2026-08-25 14:08:07.680+0000 INFO  [o.n.k.i.t.l.c.CheckPointerImpl] [neo4j/7efa7199] Checkpoint triggered by "Scheduled checkpoint for every 15 minutes threshold" @ txId: 348, append index: 348 checkpoint completed in 49ms. Checkpoint flushed 61 pages (0% of total available pages), in 55 IOs. Checkpoint performed with IO limit: unlimited, paused in total 0 times( 0 millis).
2026-08-25 14:08:07.680+0000 INFO  [o.n.k.i.t.l.p.LogPruningImpl] [neo4j/7efa7199] No log version pruned. The strategy used was '2 days 2147483648 size'. 
2026-08-25 14:23:07.693+0000 INFO  [o.n.k.i.t.l.c.CheckPointerImpl] [neo4j/7efa7199] Checkpoint triggered by "Scheduled checkpoint for every 15 minutes threshold" @ txId: 356, append index: 356 checkpoint started...
2026-08-25 14:23:07.759+0000 INFO  [o.n.k.i.t.l.c.CheckPointerImpl] [neo4j/7efa7199] Checkpoint triggered by "Scheduled checkpoint for every 15 minutes threshold" @ txId: 356, append index: 356 checkpoint completed in 65ms. Checkpoint flushed 84 pages (0% of total available pages), in 78 IOs. Checkpoint performed with IO limit: unlimited, paused in total 0 times( 0 millis).
2026-08-25 14:23:07.759+0000 INFO  [o.n.k.i.t.l.p.LogPruningImpl] [neo4j/7efa7199] No log version pruned. The strategy used was '2 days 2147483648 size'. 
2026-08-25 14:32:21.354+0000 INFO  [o.n.g.f.DatabaseManagementServiceFactory] Shutdown started
2026-08-25 14:32:21.371+0000 INFO  [o.n.b.BoltServer] Requested Bolt server shutdown
2026-08-25 14:32:21.372+0000 INFO  [o.n.b.p.c.c.ConnectionRegistry] Stopping remaining idle connections for connector bolt-local
2026-08-25 14:32:21.372+0000 INFO  [o.n.b.p.c.c.ConnectionRegistry] Stopped 0 idling connections for connector bolt-local
2026-08-25 14:32:21.372+0000 INFO  [o.n.b.p.c.c.ConnectionRegistry] Stopping remaining idle connections for connector bolt
2026-08-25 14:32:21.373+0000 INFO  [o.n.b.p.c.c.ConnectionRegistry] Stopped 0 idling connections for connector bolt
2026-08-25 14:32:21.373+0000 INFO  [o.n.d.d.DatabaseLifecycles] Stopping 'DatabaseId{7efa7199[neo4j]}'.
2026-08-25 14:32:21.456+0000 INFO  [o.n.k.a.DatabaseAvailabilityGuard] [neo4j/7efa7199] Requirement `Database unavailable` makes database neo4j unavailable.
2026-08-25 14:32:21.457+0000 INFO  [o.n.k.a.DatabaseAvailabilityGuard] [neo4j/7efa7199] DatabaseId{7efa7199[neo4j]} is unavailable.
2026-08-25 14:32:21.457+0000 INFO  [o.n.k.d.Database] [neo4j/7efa7199] Waiting for closing transactions.
2026-08-25 14:32:21.458+0000 INFO  [o.n.k.d.Database] [neo4j/7efa7199] All transactions are closed.
2026-08-25 14:32:21.458+0000 INFO  [o.n.k.i.t.l.c.CheckPointerImpl] [neo4j/7efa7199] Checkpoint triggered by "Database shutdown" @ txId: 356, append index: 356 checkpoint started...
2026-08-25 14:32:21.483+0000 INFO  [o.n.k.i.t.l.c.CheckPointerImpl] [neo4j/7efa7199] Checkpoint triggered by "Database shutdown" @ txId: 356, append index: 356 checkpoint completed in 24ms. Checkpoint flushed 23 pages (0% of total available pages), in 22 IOs. Checkpoint performed with IO limit: unlimited, paused in total 0 times( 0 millis).
2026-08-25 14:32:21.483+0000 INFO  [o.n.k.i.t.l.p.LogPruningImpl] [neo4j/7efa7199] No log version pruned. The strategy used was '2 days 2147483648 size'. 
2026-08-25 14:32:21.511+0000 INFO  [o.n.d.d.DatabaseLifecycles] Stopped 'DatabaseId{7efa7199[neo4j]}' successfully.
2026-08-25 14:32:21.511+0000 INFO  [o.n.d.d.DatabaseLifecycles] Stopping 'DatabaseId{00000000[system]}'.
2026-08-25 14:32:21.511+0000 INFO  [o.n.k.a.DatabaseAvailabilityGuard] [system/00000000] Requirement `Database unavailable` makes database system unavailable.
2026-08-25 14:32:21.511+0000 INFO  [o.n.k.a.DatabaseAvailabilityGuard] [system/00000000] DatabaseId{00000000[system]} is unavailable.
2026-08-25 14:32:21.512+0000 INFO  [o.n.k.d.Database] [system/00000000] Waiting for closing transactions.
2026-08-25 14:32:21.512+0000 INFO  [o.n.k.d.Database] [system/00000000] All transactions are closed.
2026-08-25 14:32:21.512+0000 INFO  [o.n.k.i.t.l.c.CheckPointerImpl] [system/00000000] Checkpoint triggered by "Database shutdown" @ txId: 41, append index: 41 checkpoint started...
2026-08-25 14:32:21.540+0000 INFO  [o.n.k.i.t.l.c.CheckPointerImpl] [system/00000000] Checkpoint triggered by "Database shutdown" @ txId: 41, append index: 41 checkpoint completed in 27ms. Checkpoint flushed 28 pages (0% of total available pages), in 28 IOs. Checkpoint performed with IO limit: unlimited, paused in total 0 times( 0 millis).
2026-08-25 14:32:21.540+0000 INFO  [o.n.k.i.t.l.p.LogPruningImpl] [system/00000000] No log version pruned. The strategy used was '2 days 2147483648 size'. 
2026-08-25 14:32:21.566+0000 INFO  [o.n.d.d.DatabaseLifecycles] Stopped 'DatabaseId{00000000[system]}' successfully.
2026-08-25 14:32:21.568+0000 INFO  [o.n.b.BoltServer] Shutting down Bolt server
2026-08-25 14:32:26.577+0000 INFO  [o.n.b.p.c.c.ConnectionRegistry] Stopping 0 connections for connector bolt-local
2026-08-25 14:32:26.578+0000 INFO  [o.n.b.p.c.c.ConnectionRegistry] Stopped all remaining connections for connector bolt-local
2026-08-25 14:32:26.578+0000 INFO  [o.n.b.p.c.c.ConnectionRegistry] Stopping 0 connections for connector bolt
2026-08-25 14:32:26.578+0000 INFO  [o.n.b.p.c.c.ConnectionRegistry] Stopped all remaining connections for connector bolt
2026-08-25 14:34:01.637+0000 INFO  [o.n.g.f.m.GlobalModule] Logging config in use: File '/var/lib/neo4j/conf/server-logs.xml'
2026-08-25 14:34:01.879+0000 WARN  [o.n.k.i.JvmChecker] The max heap memory has not been configured. It is recommended that it is always explicitly configured, to ensure the system has a balanced configuration. Until then, a JVM computed heuristic of 2082471936 bytes is used instead. If you are running neo4j server, you need to configure server.memory.heap.max_size in neo4j.conf. If you are running neo4j embedded, you have to launch the JVM with -Xmx set to a value. You can run neo4j-admin server memory-recommendation for memory configuration suggestions.
2026-08-25 14:34:01.879+0000 WARN  [o.n.k.i.JvmChecker] The initial heap memory has not been configured. It is recommended that it is always explicitly configured, to ensure the system has a balanced configuration. Until then, a JVM computed heuristic of 132120576 bytes is used instead. If you are running neo4j server, you need to configure server.memory.heap.initial_size in neo4j.conf. If you are running neo4j embedded, you have to launch the JVM with -Xms set to a value. You can run neo4j-admin server memory-recommendation for memory configuration suggestions.
2026-08-25 14:34:02.163+0000 INFO  [o.n.i.d.DiagnosticsManager] 
                                                                ********************************************************************************
                                                                                             [ System diagnostics ]                             
                                                                ********************************************************************************
2026-08-25 14:34:02.163+0000 INFO  [o.n.i.d.DiagnosticsManager] 
                                                                --------------------------------------------------------------------------------
                                                                                         [ System memory information ]                          
                                                                --------------------------------------------------------------------------------
                                                                Total Physical memory: 7.755GiB
                                                                Free Physical memory: 1.111GiB
                                                                Committed virtual memory: 5.082GiB
                                                                Total swap space: 4.000GiB
                                                                Free swap space: 3.485GiB
                                                                
2026-08-25 14:34:02.163+0000 INFO  [o.n.i.d.DiagnosticsManager] 
                                                                --------------------------------------------------------------------------------
                                                                                           [ JVM memory information ]                           
                                                                --------------------------------------------------------------------------------
                                                                Free  memory: 48.64MiB
                                                                Total memory: 77.00MiB
                                                                Max   memory: 1.939GiB
                                                                Garbage Collector: G1 Young Generation: [G1 Eden Space, G1 Survivor Space, G1 Old Gen]
                                                                Garbage Collector: G1 Concurrent GC: [G1 Old Gen]
                                                                Garbage Collector: G1 Old Generation: [G1 Eden Space, G1 Survivor Space, G1 Old Gen]
                                                                Memory Pool: CodeHeap 'non-nmethods' (Non-heap memory): committed=2.438MiB, used=1.482MiB, max=5.566MiB, threshold=0B
                                                                Memory Pool: Metaspace (Non-heap memory): committed=22.31MiB, used=21.94MiB, max=-1B, threshold=0B
                                                                Memory Pool: CodeHeap 'profiled nmethods' (Non-heap memory): committed=5.063MiB, used=5.002MiB, max=117.2MiB, threshold=0B
                                                                Memory Pool: Compressed Class Space (Non-heap memory): committed=2.500MiB, used=2.324MiB, max=1.000GiB, threshold=0B
                                                                Memory Pool: G1 Eden Space (Heap memory): committed=48.00MiB, used=6.000MiB, max=-1B, threshold=?
                                                                Memory Pool: G1 Old Gen (Heap memory): committed=26.00MiB, used=18.73MiB, max=1.939GiB, threshold=0B
                                                                Memory Pool: G1 Survivor Space (Heap memory): committed=3.000MiB, used=2.627MiB, max=-1B, threshold=?
                                                                Memory Pool: CodeHeap 'non-profiled nmethods' (Non-heap memory): committed=2.438MiB, used=1.402MiB, max=117.2MiB, threshold=0B
                                                                
2026-08-25 14:34:02.163+0000 INFO  [o.n.i.d.DiagnosticsManager] 
                                                                --------------------------------------------------------------------------------
                                                                                        [ Operating system information ]                        
                                                                --------------------------------------------------------------------------------
                                                                Operating System: Linux; version: 6.8.0-138-generic; arch: amd64; cpus: 4
                                                                Max number of file descriptors: 524288
                                                                Number of open file descriptors: 229
                                                                Process id: 7
                                                                Byte order: LITTLE_ENDIAN
                                                                Local timezone: Etc/UTC
                                                                Memory page size: 4096
                                                                Unaligned memory access allowed: true
                                                                
2026-08-25 14:34:02.163+0000 INFO  [o.n.i.d.DiagnosticsManager] 
                                                                --------------------------------------------------------------------------------
                                                                                              [ JVM information ]                               
                                                                --------------------------------------------------------------------------------
                                                                VM Name: OpenJDK 64-Bit Server VM
                                                                VM Vendor: Eclipse Adoptium
                                                                VM Version: 21.0.12+8-LTS
                                                                JIT compiler: HotSpot 64-Bit Tiered Compilers
                                                                VM Arguments: [-XX:+UseG1GC, -XX:-OmitStackTraceInFastThrow, -XX:+AlwaysPreTouch, -XX:+UnlockExperimentalVMOptions, -XX:+TrustFinalNonStaticFields, -XX:+DisableExplicitGC, -Djdk.nio.maxCachedBufferSize=1024, -Dio.netty.tryReflectionSetAccessible=true, -Djdk.tls.ephemeralDHKeySize=2048, -Djdk.tls.rejectClientInitiatedRenegotiation=true, -XX:FlightRecorderOptions=stackdepth=256, -XX:+UnlockDiagnosticVMOptions, -XX:+DebugNonSafepoints, --add-opens=java.base/java.nio=ALL-UNNAMED, --add-opens=java.base/java.io=ALL-UNNAMED, --add-opens=java.base/sun.nio.ch=ALL-UNNAMED, --enable-native-access=ALL-UNNAMED, -Dlog4j2.disable.jmx=true, -Dlog4j.layout.jsonTemplate.maxStringLength=32768, -Dfile.encoding=UTF-8]
                                                                
2026-08-25 14:34:02.163+0000 INFO  [o.n.i.d.DiagnosticsManager] 
                                                                --------------------------------------------------------------------------------
                                                                                               [ Java classpath ]                               
                                                                --------------------------------------------------------------------------------
                                                                 [classpath] /var/lib/neo4j/lib/jetty-http2-hpack-12.1.11.jar
                                                                 [classpath] /var/lib/neo4j/lib/jetty-security-12.1.11.jar
                                                                 [classpath] /var/lib/neo4j/lib/neo4j-diagnostics-5.26.29.jar
                                                                 [classpath] /var/lib/neo4j/lib/neo4j-expressions-5.26.29.jar
                                                                 [classpath] /var/lib/neo4j/lib/neo4j-codegen-5.26.29.jar
                                                                 [classpath] /var/lib/neo4j/lib/neo4j-logging-5.26.29.jar
                                                                 [classpath] /var/lib/neo4j/lib/jetty-session-12.1.11.jar
                                                                 [classpath] /var/lib/neo4j/lib/neo4j-fabric-5.26.29.jar
                                                                 [classpath] /var/lib/neo4j/lib/neo4j-security-5.26.29.jar
                                                                 [classpath] /var/lib/neo4j/lib/jaxb-runtime-2.3.2.jar
                                                                 [classpath] /var/lib/neo4j/lib/neo4j-cypher-macros-5.26.29.jar
                                                                 [classpath] /var/lib/neo4j/lib/shiro-crypto-core-3.0.0.jar
                                                                 [classpath] /var/lib/neo4j/lib/jackson-jaxrs-base-2.22.1.jar
                                                                 [classpath] /var/lib/neo4j/lib/antlr4-runtime-4.13.2.jar
                                                                 [classpath] /var/lib/neo4j/lib/neo4j-layout-5.26.29.jar
                                                                 [classpath] /var/lib/neo4j/lib/caffeine-3.1.8.jar
                                                                 [classpath] /var/lib/neo4j/lib/magnolia_2.13-1.1.8.jar
                                                                 [classpath] /var/lib/neo4j/lib/scala-library-2.13.11.jar
                                                                 [classpath] /var/lib/neo4j/lib/commons-compress-1.27.1.jar
                                                                 [classpath] /var/lib/neo4j/conf/*
                                                                 [classpath] /var/lib/neo4j/lib/WMI4Java-1.6.3.jar
                                                                 [classpath] /var/lib/neo4j/lib/jakarta.xml.bind-api-2.3.2.jar
                                                                 [classpath] /var/lib/neo4j/lib/neo4j-concurrent-5.26.29.jar
                                                                 [classpath] /var/lib/neo4j/lib/jProcesses-1.6.5.jar
                                                                 [classpath] /var/lib/neo4j/lib/neo4j-monitoring-5.26.29.jar
                                                                 [classpath] /var/lib/neo4j/lib/hk2-locator-2.6.1.jar
                                                                 [classpath] /var/lib/neo4j/lib/shiro-config-core-3.0.0.jar
                                                                 [classpath] /var/lib/neo4j/lib/log4j-core-2.26.1.jar
                                                                 [classpath] /var/lib/neo4j/lib/neo4j-ssl-5.26.29.jar
                                                                 [classpath] /var/lib/neo4j/lib/neo4j-cypher-javacc-parser-5.26.29.jar
                                                                 [classpath] /var/lib/neo4j/lib/neo4j-cypher-rendering-5.26.29.jar
                                                                 [classpath] /var/lib/neo4j/lib/jetty-http-12.1.11.jar
                                                                 [classpath] /var/lib/neo4j/lib/parquet-column-1.17.1.jar
                                                                 [classpath] /var/lib/neo4j/lib/snappy-java-1.1.10.7.jar
                                                                 [classpath] /var/lib/neo4j/lib/annotations-5.26.29.jar
                                                                 [classpath] /var/lib/neo4j/lib/eclipse-collections-api-11.1.0.jar
                                                                 [classpath] /var/lib/neo4j/lib/jersey-container-servlet-2.46.jar
                                                                 [classpath] /var/lib/neo4j/lib/neo4j-configuration-5.26.29.jar
                                                                 [classpath] /var/lib/neo4j/lib/jansi-2.4.0.jar
                                                                 [classpath] /var/lib/neo4j/lib/neo4j-cypher-planner-5.26.29.jar
                                                                 [classpath] /var/lib/neo4j/lib/jline-terminal-3.21.0.jar
                                                                 [classpath] /var/lib/neo4j/lib/ipaddress-5.5.1.jar
                                                                 [classpath] /var/lib/neo4j/lib/netty-transport-native-epoll-4.1.136.Final-linux-aarch_64.jar
                                                                 [classpath] /var/lib/neo4j/lib/lucene-queryparser-9.11.1.jar
                                                                 [classpath] /var/lib/neo4j/lib/neo4j-bolt-connection-12.0.0.jar
                                                                 [classpath] /var/lib/neo4j/lib/jetty-ee8-nested-12.1.11.jar
                                                                 [classpath] /var/lib/neo4j/lib/neo4j-id-generator-5.26.29.jar
                                                                 [classpath] /var/lib/neo4j/lib/jetty-servlet-api-4.0.9.jar
                                                                 [classpath] /var/lib/neo4j/lib/neo4j-values-5.26.29.jar
                                                                 [classpath] /var/lib/neo4j/lib/cypher-antlr-common-5.26.29.jar
                                                                 [classpath] /var/lib/neo4j/lib/reactor-core-3.7.12.jar
                                                                 [classpath] /var/lib/neo4j/lib/jetty-http2-server-12.1.11.jar
                                                                 [classpath] /var/lib/neo4j/lib/netty-transport-classes-kqueue-4.1.136.Final.jar
                                                                 [classpath] /var/lib/neo4j/lib/zstd-jni-1.5.6-6.jar
                                                                 [classpath] /var/lib/neo4j/lib/jakarta.ws.rs-api-2.1.6.jar
                                                                 [classpath] /var/lib/neo4j/lib/kiama_2.13-2.5.1.jar
                                                                 [classpath] /var/lib/neo4j/lib/neo4j-unsafe-5.26.29.jar
                                                                 [classpath] /var/lib/neo4j/lib/neo4j-cypher-logical-plans-5.26.29.jar
                                                                 [classpath] /var/lib/neo4j/lib/lucene-analysis-common-9.11.1.jar
                                                                 [classpath] /var/lib/neo4j/lib/neo4j-bolt-5.26.29.jar
                                                                 [classpath] /var/lib/neo4j/lib/istack-commons-runtime-3.0.8.jar
                                                                 [classpath] /var/lib/neo4j/lib/shiro-crypto-cipher-3.0.0.jar
                                                                 [classpath] /var/lib/neo4j/lib/eclipse-collections-11.1.0.jar
                                                                 [classpath] /var/lib/neo4j/lib/netty-handler-4.1.136.Final.jar
                                                                 [classpath] /var/lib/neo4j/lib/parquet-floor-1.62.jar
                                                                 [classpath] /var/lib/neo4j/lib/log4j-layout-template-json-2.26.1.jar
                                                                 [classpath] /var/lib/neo4j/lib/neo4j-front-end-5.26.29.jar
                                                                 [classpath] /var/lib/neo4j/lib/commons-text-1.12.0.jar
                                                                 [classpath] /var/lib/neo4j/lib/neo4j-fulltext-index-5.26.29.jar
                                                                 [classpath] /var/lib/neo4j/lib/neo4j-5.26.29.jar
                                                                 [classpath] /var/lib/neo4j/lib/jts-core-1.20.0.jar
                                                                 [classpath] /var/lib/neo4j/lib/parquet-common-1.17.1.jar
                                                                 [classpath] /var/lib/neo4j/lib/neo4j-consistency-check-5.26.29.jar
                                                                 [classpath] /var/lib/neo4j/lib/cypher-parser-ast-common-5.26.29.jar
                                                                 [classpath] /var/lib/neo4j/lib/jakarta.validation-api-2.0.2.jar
                                                                 [classpath] /var/lib/neo4j/lib/picocli-4.7.6.jar
                                                                 [classpath] /var/lib/neo4j/lib/cypher-v5-literal-interpreter-5.26.29.jar
                                                                 [classpath] /var/lib/neo4j/lib/hk2-utils-2.6.1.jar
                                                                 [classpath] /var/lib/neo4j/lib/stax-ex-1.8.1.jar
                                                                 [classpath] /var/lib/neo4j/lib/txw2-2.3.2.jar
                                                                 [classpath] /var/lib/neo4j/lib/neo4j-graph-algo-5.26.29.jar
                                                                 [classpath] /var/lib/neo4j/lib/jackson-module-jaxb-annotations-2.22.1.jar
                                                                 [classpath] /var/lib/neo4j/lib/neo4j-cypher-physical-planning-5.26.29.jar
                                                                 [classpath] /var/lib/neo4j/lib/commons-io-2.17.0.jar
                                                                 [classpath] /var/lib/neo4j/lib/argparse4j-0.9.0.jar
                                                                 [classpath] /var/lib/neo4j/lib/neo4j-bootcheck-5.26.29.jar
                                                                 [classpath] /var/lib/neo4j/lib/neo4j-kernel-5.26.29.jar
                                                                 [classpath] /var/lib/neo4j/lib/neo4j-record-storage-engine-5.26.29.jar
                                                                 [classpath] /var/lib/neo4j/lib/netty-transport-native-kqueue-4.1.136.Final-osx-aarch_64.jar
                                                                 [classpath] /var/lib/neo4j/lib/cypher-v5-ast-factory-5.26.29.jar
                                                                 [classpath] /var/lib/neo4j/lib/cypher-parser-common-5.26.29.jar
                                                                 [classpath] /var/lib/neo4j/lib/neo4j-schema-5.26.29.jar
                                                                 [classpath] /var/lib/neo4j/lib/neo4j-wal-5.26.29.jar
                                                                 [classpath] /var/lib/neo4j/lib/parquet-encoding-1.17.1.jar
                                                                 [classpath] /var/lib/neo4j/lib/shiro-core-3.0.0.jar
                                                                 [classpath] /var/lib/neo4j/lib/cypher-v5-parser-listener-5.26.29.jar
                                                                 [classpath] /var/lib/neo4j/lib/cypher-v25-parser-listener-5.26.29.jar
                                                                 [classpath] /var/lib/neo4j/lib/lucene-backward-codecs-9.11.1.jar
                                                                 [classpath] /var/lib/neo4j/lib/netty-transport-native-unix-common-4.1.136.Final.jar
                                                                 [classpath] /var/lib/neo4j/lib/neo4j-resource-5.26.29.jar
                                                                 [classpath] /var/lib/neo4j/lib/neo4j-import-api-5.26.29.jar
                                                                 [classpath] /var/lib/neo4j/lib/neo4j-bolt-connection-pooled-12.0.0.jar
                                                                 [classpath] /var/lib/neo4j/lib/neo4j-kernel-api-5.26.29.jar
                                                                 [classpath] /var/lib/neo4j/lib/neo4j-storage-engine-util-5.26.29.jar
                                                                 [classpath] /var/lib/neo4j/lib/neo4j-slf4j-provider-5.26.29.jar
                                                                 [classpath] /var/lib/neo4j/lib/neo4j-notifications-5.26.29.jar
                                                                 [classpath] /var/lib/neo4j/lib/neo4j-cypher-planner-spi-5.26.29.jar
                                                                 [classpath] /var/lib/neo4j/lib/scala-collection-contrib_2.13-0.3.0.jar
                                                                 [classpath] /var/lib/neo4j/lib/jetty-ee-webapp-12.1.11.jar
                                                                 [classpath] /var/lib/neo4j/lib/jetty-io-12.1.11.jar
                                                                 [classpath] /var/lib/neo4j/lib/neo4j-bolt-connection-netty-12.0.0.jar
                                                                 [classpath] /var/lib/neo4j/lib/jetty-ee8-security-12.1.11.jar
                                                                 [classpath] /var/lib/neo4j/lib/neo4j-bolt-connection-routed-12.0.0.jar
                                                                 [classpath] /var/lib/neo4j/lib/commons-codec-1.17.1.jar
                                                                 [classpath] /var/lib/neo4j/lib/zstd-proxy-5.26.29.jar
                                                                 [classpath] /var/lib/neo4j/lib/netty-resolver-4.1.136.Final.jar
                                                                 [classpath] /var/lib/neo4j/lib/jPowerShell-3.0.jar
                                                                 [classpath] /var/lib/neo4j/lib/jetty-ee8-servlet-12.1.11.jar
                                                                 [classpath] /var/lib/neo4j/lib/reactive-streams-1.0.4.jar
                                                                 [classpath] /var/lib/neo4j/lib/neo4j-native-5.26.29.jar
                                                                 [classpath] /var/lib/neo4j/lib/server-api-5.26.29.jar
                                                                 [classpath] /var/lib/neo4j/lib/neo4j-import-tool-5.26.29.jar
                                                                 [classpath] /var/lib/neo4j/lib/neo4j-cloud-5.26.29.jar
                                                                 [classpath] /var/lib/neo4j/lib/neo4j-gql-status-5.26.29.jar
                                                                 [classpath] /var/lib/neo4j/lib/neo4j-capabilities-5.26.29.jar
                                                                 [classpath] /var/lib/neo4j/lib/shiro-lang-3.0.0.jar
                                                                 [classpath] /var/lib/neo4j/lib/neo4j-rewriting-5.26.29.jar
                                                                 [classpath] /var/lib/neo4j/lib/jaxb-api-2.2.12.jar
                                                                 [classpath] /var/lib/neo4j/lib/neo4j-index-5.26.29.jar
                                                                 [classpath] /var/lib/neo4j/lib/neo4j-exceptions-5.26.29.jar
                                                                 [classpath] /var/lib/neo4j/lib/netty-codec-4.1.136.Final.jar
                                                                 [classpath] /var/lib/neo4j/lib/jetty-alpn-server-12.1.11.jar
                                                                 [classpath] /var/lib/neo4j/lib/neo4j-cypher-dsl-2024.2.0.jar
                                                                 [classpath] /var/lib/neo4j/lib/cypher-ast-factory-5.26.29.jar
                                                                 [classpath] /var/lib/neo4j/lib/neo4j-server-5.26.29.jar
                                                                 [classpath] /var/lib/neo4j/lib/shiro-event-3.0.0.jar
                                                                 [classpath] /var/lib/neo4j/lib/javax.annotation-api-1.3.2.jar
                                                                 [classpath] /var/lib/neo4j/lib/jna-5.15.0.jar
                                                                 [classpath] /var/lib/neo4j/lib/neo4j-cypher-slotted-runtime-5.26.29.jar
                                                                 [classpath] /var/lib/neo4j/lib/neo4j-import-util-5.26.29.jar
                                                                 [classpath] /var/lib/neo4j/lib/shiro-cache-3.0.0.jar
                                                                 [classpath] /var/lib/neo4j/lib/jersey-common-2.46.jar
                                                                 [classpath] /var/lib/neo4j/lib/neo4j-cypher-ir-5.26.29.jar
                                                                 [classpath] /var/lib/neo4j/lib/log4j-api-2.26.1.jar
                                                                 [classpath] /var/lib/neo4j/lib/cypher-v5-antlr-parser-5.26.29.jar
                                                                 [classpath] /var/lib/neo4j/lib/jersey-client-2.46.jar
                                                                 [classpath] /var/lib/neo4j/lib/neo4j-spatial-index-5.26.29.jar
                                                                 [classpath] /var/lib/neo4j/lib/jersey-hk2-2.46.jar
                                                                 [classpath] /var/lib/neo4j/lib/neo4j-data-collector-5.26.29.jar
                                                                 [classpath] /var/lib/neo4j/lib/jetty-alpn-java-server-12.1.11.jar
                                                                 [classpath] /var/lib/neo4j/lib/netty-common-4.1.136.Final.jar
                                                                 [classpath] /var/lib/neo4j/lib/neo4j-cypher-5.26.29.jar
                                                                 [classpath] /var/lib/neo4j/lib/jersey-server-2.46.jar
                                                                 [classpath] /var/lib/neo4j/lib/cypher-shell-5.26.29.jar
                                                                 [classpath] /var/lib/neo4j/lib/jetty-xml-12.1.11.jar
                                                                 [classpath] /var/lib/neo4j/lib/neo4j-cypher-interpreted-runtime-5.26.29.jar
                                                                 [classpath] /var/lib/neo4j/lib/jline-terminal-jansi-3.21.0.jar
                                                                 [classpath] /var/lib/neo4j/lib/jackson-core-2.22.1.jar
                                                                 [classpath] /var/lib/neo4j/lib/neo4j-java-driver-5.28.14.jar
                                                                 [classpath] /var/lib/neo4j/lib/hk2-api-2.6.1.jar
                                                                 [classpath] /var/lib/neo4j/lib/netty-transport-native-kqueue-4.1.136.Final-osx-x86_64.jar
                                                                 [classpath] /var/lib/neo4j/lib/neo4j-cypher-runtime-util-5.26.29.jar
                                                                 [classpath] /var/lib/neo4j/lib/jetty-http2-common-12.1.11.jar
                                                                 [classpath] /var/lib/neo4j/lib/neo4j-lock-5.26.29.jar
                                                                 [classpath] /var/lib/neo4j/lib/neo4j-collections-5.26.29.jar
                                                                 [classpath] /var/lib/neo4j/lib/neo4j-query-router-5.26.29.jar
                                                                 [classpath] /var/lib/neo4j/lib/jackson-annotations-2.22.jar
                                                                 [classpath] /var/lib/neo4j/lib/neo4j-ast-5.26.29.jar
                                                                 [classpath] /var/lib/neo4j/lib/neo4j-io-5.26.29.jar
                                                                 [classpath] /var/lib/neo4j/lib/parquet-jackson-1.17.1.jar
                                                                 [classpath] /var/lib/neo4j/lib/neo4j-token-api-5.26.29.jar
                                                                 [classpath] /var/lib/neo4j/lib/commons-logging-1.3.4.jar
                                                                 [classpath] /var/lib/neo4j/lib/jakarta.activation-api-1.2.2.jar
                                                                 [classpath] /var/lib/neo4j/plugins/*
                                                                 [classpath] /var/lib/neo4j/lib/jetty-server-12.1.11.jar
                                                                 [classpath] /var/lib/neo4j/lib/commons-configuration2-2.15.1.jar
                                                                 [classpath] /var/lib/neo4j/lib/netty-buffer-4.1.136.Final.jar
                                                                 [classpath] /var/lib/neo4j/lib/jersey-container-servlet-core-2.46.jar
                                                                 [classpath] /var/lib/neo4j/lib/netty-transport-native-epoll-4.1.136.Final-linux-x86_64.jar
                                                                 [classpath] /var/lib/neo4j/lib/neo4j-dbms-5.26.29.jar
                                                                 [classpath] /var/lib/neo4j/lib/netty-codec-http-4.1.136.Final.jar
                                                                 [classpath] /var/lib/neo4j/lib/cypher-v25-antlr-parser-5.26.29.jar
                                                                 [classpath] /var/lib/neo4j/lib/jetty-util-12.1.11.jar
                                                                 [classpath] /var/lib/neo4j/lib/jettison-1.5.4.jar
                                                                 [classpath] /var/lib/neo4j/lib/jakarta.inject-2.6.1.jar
                                                                 [classpath] /var/lib/neo4j/lib/neo4j-push-to-cloud-5.26.29.jar
                                                                 [classpath] /var/lib/neo4j/lib/netty-tcnative-classes-2.0.78.Final.jar
                                                                 [classpath] /var/lib/neo4j/lib/neo4j-graphdb-api-5.26.29.jar
                                                                 [classpath] /var/lib/neo4j/lib/slf4j-api-2.0.9.jar
                                                                 [classpath] /var/lib/neo4j/lib/jline-reader-3.21.0.jar
                                                                 [classpath] /var/lib/neo4j/lib/neo4j-cypher-config-5.26.29.jar
                                                                 [classpath] /var/lib/neo4j/lib/FastInfoset-1.2.16.jar
                                                                 [classpath] /var/lib/neo4j/lib/jackson-jaxrs-json-provider-2.22.1.jar
                                                                 [classpath] /var/lib/neo4j/lib/javassist-3.30.2-GA.jar
                                                                 [classpath] /var/lib/neo4j/lib/neo4j-cypher-cache-5.26.29.jar
                                                                 [classpath] /var/lib/neo4j/lib/neo4j-udc-5.26.29.jar
                                                                 [classpath] /var/lib/neo4j/lib/cypher-parser-factory-5.26.29.jar
                                                                 [classpath] /var/lib/neo4j/lib/cypher-antlr-ast-common-5.26.29.jar
                                                                 [classpath] /var/lib/neo4j/lib/netty-transport-4.1.136.Final.jar
                                                                 [classpath] /var/lib/neo4j/lib/jetty-ee8-webapp-12.1.11.jar
                                                                 [classpath] /var/lib/neo4j/lib/neo4j-cypher-ast-factory-5.26.29.jar
                                                                 [classpath] /var/lib/neo4j/lib/neo4j-util-5.26.29.jar
                                                                 [classpath] /var/lib/neo4j/lib/commons-lang3-3.18.0.jar
                                                                 [classpath] /var/lib/neo4j/lib/neo4j-csv-5.26.29.jar
                                                                 [classpath] /var/lib/neo4j/lib/jackson-databind-2.22.1.jar
                                                                 [classpath] /var/lib/neo4j/lib/scala-reflect-2.13.11.jar
                                                                 [classpath] /var/lib/neo4j/lib/neo4j-cypher-expression-evaluator-5.26.29.jar
                                                                 [classpath] /var/lib/neo4j/lib/jakarta.annotation-api-1.3.5.jar
                                                                 [classpath] /var/lib/neo4j/lib/jctools-core-4.0.5.jar
                                                                 [classpath] /var/lib/neo4j/lib/shiro-crypto-hash-3.0.0.jar
                                                                 [classpath] /var/lib/neo4j/lib/cypher-v25-ast-factory-5.26.29.jar
                                                                 [classpath] /var/lib/neo4j/lib/neo4j-procedure-api-5.26.29.jar
                                                                 [classpath] /var/lib/neo4j/lib/neo4j-common-5.26.29.jar
                                                                 [classpath] /var/lib/neo4j/lib/neo4j-command-line-5.26.29.jar
                                                                 [classpath] /var/lib/neo4j/lib/parquet-hadoop-1.17.1.jar
                                                                 [classpath] /var/lib/neo4j/lib/parquet-format-structures-1.17.1.jar
                                                                 [classpath] /var/lib/neo4j/lib/neo4j-lucene-index-5.26.29.jar
                                                                 [classpath] /var/lib/neo4j/lib/neo4j-procedure-5.26.29.jar
                                                                 [classpath] /var/lib/neo4j/lib/netty-transport-classes-epoll-4.1.136.Final.jar
                                                                 [classpath] /var/lib/neo4j/lib/lucene-core-9.11.1.jar
                                                                
2026-08-25 14:34:02.163+0000 INFO  [o.n.i.d.DiagnosticsManager] 
                                                                --------------------------------------------------------------------------------
                                                                                                [ Library path ]                                
                                                                --------------------------------------------------------------------------------
                                                                /usr/java/packages/lib
                                                                /usr/lib64
                                                                /usr/lib64
                                                                /usr/lib
                                                                /usr/lib
                                                                
2026-08-25 14:34:02.163+0000 INFO  [o.n.i.d.DiagnosticsManager] 
                                                                --------------------------------------------------------------------------------
                                                                                             [ System properties ]                              
                                                                --------------------------------------------------------------------------------
                                                                jdk.tls.rejectClientInitiatedRenegotiation = true
                                                                sun.jnu.encoding = UTF-8
                                                                log4j.layout.jsonTemplate.maxStringLength = 32768
                                                                sun.arch.data.model = 64
                                                                user.timezone = Etc/UTC
                                                                sun.java.launcher = SUN_STANDARD
                                                                sun.boot.library.path = /opt/java/openjdk/lib
                                                                sun.java.command = org.neo4j.server.CommunityEntryPoint --home-dir=/var/lib/neo4j --config-dir=/var/lib/neo4j/conf --console-mode
                                                                jdk.debug = release
                                                                io.netty.tryReflectionSetAccessible = true
                                                                sun.cpu.endian = little
                                                                user.home = /var/lib/neo4j
                                                                user.language = en
                                                                file.separator = /
                                                                jdk.tls.ephemeralDHKeySize = 2048
                                                                sun.management.compiler = HotSpot 64-Bit Tiered Compilers
                                                                user.name = neo4j
                                                                stdout.encoding = UTF-8
                                                                jdk.nio.maxCachedBufferSize = 1024
                                                                path.separator = :
                                                                file.encoding = UTF-8
                                                                jnidispatch.path = /var/lib/neo4j/.cache/JNA/temp/jna11814941983036076018.tmp
                                                                jna.loaded = true
                                                                user.dir = /var/lib/neo4j
                                                                native.encoding = UTF-8
                                                                stderr.encoding = UTF-8
                                                                sun.io.unicode.encoding = UnicodeLittle
                                                                log4j2.disable.jmx = true
                                                                
2026-08-25 14:34:02.163+0000 INFO  [o.n.i.d.DiagnosticsManager] 
                                                                --------------------------------------------------------------------------------
                                                                                      [ (IANA) TimeZone database version ]                      
                                                                --------------------------------------------------------------------------------
                                                                  TimeZone version: 2026b (available for 604 zone identifiers)
                                                                
2026-08-25 14:34:02.163+0000 INFO  [o.n.i.d.DiagnosticsManager] 
                                                                --------------------------------------------------------------------------------
                                                                                            [ Network information ]                             
                                                                --------------------------------------------------------------------------------
                                                                Interface eth0:
                                                                    address: 172.18.0.4
                                                                Interface lo:
                                                                    address: 0:0:0:0:0:0:0:1%lo
                                                                    address: 127.0.0.1
                                                                
2026-08-25 14:34:02.163+0000 INFO  [o.n.i.d.DiagnosticsManager] 
                                                                --------------------------------------------------------------------------------
                                                                                         [ Native access information ]                          
                                                                --------------------------------------------------------------------------------
                                                                Native access details: Linux native access is available.
                                                                
2026-08-25 14:34:02.163+0000 INFO  [o.n.i.d.DiagnosticsManager] 
                                                                --------------------------------------------------------------------------------
                                                                                                [ DBMS config ]                                 
                                                                --------------------------------------------------------------------------------
                                                                DBMS provided settings:
                                                                db.tx_log.rotation.retention_policy=2 days 2G
                                                                server.bolt.enabled=true
                                                                server.default_listen_address=0.0.0.0
                                                                server.directories.import=/var/lib/neo4j/import
                                                                server.directories.logs=/logs
                                                                server.directories.neo4j_home=/var/lib/neo4j
                                                                server.http.enabled=true
                                                                server.https.enabled=false
                                                                server.jvm.additional=-XX:+UseG1GC
-XX:-OmitStackTraceInFastThrow
-XX:+AlwaysPreTouch
-XX:+UnlockExperimentalVMOptions
-XX:+TrustFinalNonStaticFields
-XX:+DisableExplicitGC
-Djdk.nio.maxCachedBufferSize=1024
-Dio.netty.tryReflectionSetAccessible=true
-Djdk.tls.ephemeralDHKeySize=2048
-Djdk.tls.rejectClientInitiatedRenegotiation=true
-XX:FlightRecorderOptions=stackdepth=256
-XX:+UnlockDiagnosticVMOptions
-XX:+DebugNonSafepoints
--add-opens=java.base/java.nio=ALL-UNNAMED
--add-opens=java.base/java.io=ALL-UNNAMED
--add-opens=java.base/sun.nio.ch=ALL-UNNAMED
--enable-native-access=ALL-UNNAMED
-Dlog4j2.disable.jmx=true
-Dlog4j.layout.jsonTemplate.maxStringLength=32768
                                                                server.memory.pagecache.size=512.00MiB
                                                                server.windows_service_name=neo4j
                                                                Directories in use:
                                                                server.directories.data=/var/lib/neo4j/data
                                                                server.directories.dumps.root=/var/lib/neo4j/data/dumps
                                                                server.directories.import=/var/lib/neo4j/import
                                                                server.directories.lib=/var/lib/neo4j/lib
                                                                server.directories.licenses=/var/lib/neo4j/licenses
                                                                server.directories.logs=/logs
                                                                server.directories.neo4j_home=/var/lib/neo4j
                                                                server.directories.plugins=/var/lib/neo4j/plugins
                                                                server.directories.run=/var/lib/neo4j/run
                                                                server.directories.script.root=/var/lib/neo4j/data/scripts
                                                                server.directories.transaction.logs.root=/var/lib/neo4j/data/transactions
                                                                
2026-08-25 14:34:02.163+0000 INFO  [o.n.i.d.DiagnosticsManager] 
                                                                --------------------------------------------------------------------------------
                                                                                                 [ Packaging ]                                  
                                                                --------------------------------------------------------------------------------
                                                                Edition: Community
                                                                Package Type: docker trixie
                                                                
2026-08-25 14:34:02.193+0000 INFO  [o.n.d.i.DefaultIdentityModule] Found ServerId on disk: ServerId{47f3f0d0} (47f3f0d0-ca2e-470e-b67a-d38560e1c59b)
2026-08-25 14:34:02.194+0000 INFO  [o.n.d.i.DefaultIdentityModule] This instance is ServerId{47f3f0d0} (47f3f0d0-ca2e-470e-b67a-d38560e1c59b)
2026-08-25 14:34:03.108+0000 INFO  [o.n.s.CommunityNeoWebServer] ======== Neo4j 5.26.29 ========
2026-08-25 14:34:03.122+0000 INFO  [o.n.d.d.DatabaseLifecycles] Creating 'DatabaseId{00000000[system]}'.
2026-08-25 14:34:03.302+0000 INFO  [o.n.b.BoltServer] Using connector transport epoll
2026-08-25 14:34:03.354+0000 INFO  [o.n.b.BoltServer] Configured external Bolt connector with listener address /0.0.0.0:7687
2026-08-25 14:34:03.355+0000 INFO  [o.n.b.BoltServer] Bolt server loaded
2026-08-25 14:34:03.374+0000 INFO  [o.n.d.d.DatabaseLifecycles] Starting 'DatabaseId{00000000[system]}'.
2026-08-25 14:34:03.992+0000 INFO  [o.n.k.i.t.l.f.c.CheckpointLogFile] [system/00000000] Scanning log file with version 0 for checkpoint entries
2026-08-25 14:34:04.022+0000 INFO  [o.n.k.i.s.f.RecordFormatSelector] [system/00000000] Selected RecordFormat:PageAlignedV5_0[aligned-1.1] record format from store /data/databases/system
2026-08-25 14:34:04.023+0000 INFO  [o.n.k.i.s.f.RecordFormatSelector] [system/00000000] Selected format from the store files: RecordFormat:PageAlignedV5_0[aligned-1.1]
2026-08-25 14:34:04.234+0000 INFO  [o.n.i.d.DiagnosticsManager] [system/00000000] 
                                                                [system/00000000] ********************************************************************************
                                                                [system/00000000]                               [ Database: system ]                              
                                                                [system/00000000] ********************************************************************************
                                                                [system/00000000] --------------------------------------------------------------------------------
                                                                [system/00000000]                                   [ Version ]                                   
                                                                [system/00000000] --------------------------------------------------------------------------------
                                                                [system/00000000] DBMS: community record-aligned-1.1
                                                                [system/00000000] Kernel version: 5.26.29
                                                                [system/00000000] 
                                                                [system/00000000] --------------------------------------------------------------------------------
                                                                [system/00000000]                                 [ Store files ]                                 
                                                                [system/00000000] --------------------------------------------------------------------------------
                                                                [system/00000000] Disk space on partition (Total / Free / Free %): 105086115840 / 69729656832 / 66
                                                                [system/00000000] Storage files stored on file store: ext4
                                                                [system/00000000] Storage files: (filename : modification date - size)
                                                                [system/00000000]   database_lock: 2026-08-23 20:48:37.143+0000 - 0B
                                                                [system/00000000]   neostore: 2026-08-23 20:48:37.038+0000 - 8.000KiB
                                                                [system/00000000]   neostore.counts.db: 2026-08-25 14:34:04.121+0000 - 48.00KiB
                                                                [system/00000000]   neostore.indexstats.db: 2026-08-25 14:34:04.145+0000 - 48.00KiB
                                                                [system/00000000]   neostore.labeltokenstore.db: 2026-08-23 21:03:47.294+0000 - 8.000KiB
                                                                [system/00000000]   neostore.labeltokenstore.db.id: 2026-08-25 14:34:04.090+0000 - 40.00KiB
                                                                [system/00000000]   neostore.labeltokenstore.db.names: 2026-08-23 21:03:47.299+0000 - 8.000KiB
                                                                [system/00000000]   neostore.labeltokenstore.db.names.id: 2026-08-25 14:34:04.088+0000 - 40.00KiB
                                                                [system/00000000]   neostore.nodestore.db: 2026-08-23 21:03:47.301+0000 - 8.000KiB
                                                                [system/00000000]   neostore.nodestore.db.id: 2026-08-25 14:34:04.061+0000 - 40.00KiB
                                                                [system/00000000]   neostore.nodestore.db.labels: 2026-08-23 20:48:36.986+0000 - 8.000KiB
                                                                [system/00000000]   neostore.nodestore.db.labels.id: 2026-08-25 14:34:04.054+0000 - 40.00KiB
                                                                [system/00000000]   neostore.propertystore.db: 2026-08-23 21:03:47.296+0000 - 8.000KiB
                                                                [system/00000000]   neostore.propertystore.db.arrays: 2026-08-23 20:48:37.008+0000 - 8.000KiB
                                                                [system/00000000]   neostore.propertystore.db.arrays.id: 2026-08-25 14:34:04.074+0000 - 40.00KiB
                                                                [system/00000000]   neostore.propertystore.db.id: 2026-08-25 14:34:04.077+0000 - 40.00KiB
                                                                [system/00000000]   neostore.propertystore.db.index: 2026-08-23 21:03:47.297+0000 - 8.000KiB
                                                                [system/00000000]   neostore.propertystore.db.index.id: 2026-08-25 14:34:04.067+0000 - 40.00KiB
                                                                [system/00000000]   neostore.propertystore.db.index.keys: 2026-08-23 21:03:47.304+0000 - 8.000KiB
                                                                [system/00000000]   neostore.propertystore.db.index.keys.id: 2026-08-25 14:34:04.064+0000 - 40.00KiB
                                                                [system/00000000]   neostore.propertystore.db.strings: 2026-08-23 21:03:47.303+0000 - 8.000KiB
                                                                [system/00000000]   neostore.propertystore.db.strings.id: 2026-08-25 14:34:04.071+0000 - 40.00KiB
                                                                [system/00000000]   neostore.relationshipgroupstore.db: 2026-08-23 20:48:37.029+0000 - 8.000KiB
                                                                [system/00000000]   neostore.relationshipgroupstore.db.id: 2026-08-25 14:34:04.096+0000 - 40.00KiB
                                                                [system/00000000]   neostore.relationshipgroupstore.degrees.db: 2026-08-25 14:34:04.132+0000 - 40.00KiB
                                                                [system/00000000]   neostore.relationshipstore.db: 2026-08-23 21:03:47.299+0000 - 8.000KiB
                                                                [system/00000000]   neostore.relationshipstore.db.id: 2026-08-25 14:34:04.079+0000 - 40.00KiB
                                                                [system/00000000]   neostore.relationshiptypestore.db: 2026-08-23 21:03:47.305+0000 - 8.000KiB
                                                                [system/00000000]   neostore.relationshiptypestore.db.id: 2026-08-25 14:34:04.084+0000 - 40.00KiB
                                                                [system/00000000]   neostore.relationshiptypestore.db.names: 2026-08-23 21:03:47.293+0000 - 8.000KiB
                                                                [system/00000000]   neostore.relationshiptypestore.db.names.id: 2026-08-25 14:34:04.082+0000 - 40.00KiB
                                                                [system/00000000]   neostore.schemastore.db: 2026-08-23 21:03:47.298+0000 - 8.000KiB
                                                                [system/00000000]   neostore.schemastore.db.id: 2026-08-25 14:34:04.093+0000 - 40.00KiB
                                                                [system/00000000]   schema:
                                                                [system/00000000]     index:
                                                                [system/00000000]       range-1.0:
                                                                [system/00000000]         3:
                                                                [system/00000000]           index-3: 2026-08-25 14:32:21.541+0000 - 48.00KiB
                                                                [system/00000000]         - Total: 2026-08-23 20:48:37.561+0000 - 48.00KiB
                                                                [system/00000000]         4:
                                                                [system/00000000]           index-4: 2026-08-25 14:32:21.542+0000 - 48.00KiB
                                                                [system/00000000]         - Total: 2026-08-23 20:48:37.606+0000 - 48.00KiB
                                                                [system/00000000]         7:
                                                                [system/00000000]           index-7: 2026-08-25 14:32:21.543+0000 - 48.00KiB
                                                                [system/00000000]         - Total: 2026-08-23 20:48:37.778+0000 - 48.00KiB
                                                                [system/00000000]         8:
                                                                [system/00000000]           index-8: 2026-08-25 14:32:21.544+0000 - 48.00KiB
                                                                [system/00000000]         - Total: 2026-08-23 20:48:37.802+0000 - 48.00KiB
                                                                [system/00000000]         9:
                                                                [system/00000000]           index-9: 2026-08-25 14:32:21.545+0000 - 48.00KiB
                                                                [system/00000000]         - Total: 2026-08-23 20:48:37.827+0000 - 48.00KiB
                                                                [system/00000000]       - Total: 2026-08-23 20:48:37.827+0000 - 240.0KiB
                                                                [system/00000000]       token-lookup-1.0:
                                                                [system/00000000]         1:
                                                                [system/00000000]           index-1: 2026-08-25 14:32:21.539+0000 - 48.00KiB
                                                                [system/00000000]         - Total: 2026-08-23 20:48:37.324+0000 - 48.00KiB
                                                                [system/00000000]         2:
                                                                [system/00000000]           index-2: 2026-08-25 14:32:21.540+0000 - 48.00KiB
                                                                [system/00000000]         - Total: 2026-08-23 20:48:37.364+0000 - 48.00KiB
                                                                [system/00000000]       - Total: 2026-08-23 20:48:37.364+0000 - 96.00KiB
                                                                [system/00000000]     - Total: 2026-08-23 20:48:37.561+0000 - 336.0KiB
                                                                [system/00000000]   - Total: 2026-08-23 20:48:37.322+0000 - 336.0KiB
                                                                [system/00000000] Storage summary: 
                                                                [system/00000000]   Total size of store: 1.125MiB
                                                                [system/00000000]   Total size of mapped files: 456.0KiB
                                                                [system/00000000] 
                                                                [system/00000000] --------------------------------------------------------------------------------
                                                                [system/00000000]                               [ Transaction log ]                               
                                                                [system/00000000] --------------------------------------------------------------------------------
                                                                [system/00000000] Transaction log files stored on file store: ext4
                                                                [system/00000000] Transaction log metadata:
                                                                [system/00000000]  - current kernel version used in transactions: V5_25
                                                                [system/00000000]  - last committed transaction id: 41
                                                                [system/00000000] Transaction log files:
                                                                [system/00000000]  - existing transaction log versions: 0-0
                                                                [system/00000000]  - oldest append index 2 found in log with version 0
                                                                [system/00000000]  - files: (filename : creation date - size)
                                                                [system/00000000]      neostore.transaction.db.0: 2026-08-23 20:48:37.155+0000 - 256.0MiB
                                                                [system/00000000]  - total size of files: 256.0MiB
                                                                [system/00000000] Checkpoint log files:
                                                                [system/00000000]  - existing checkpoint log versions: 0-0
                                                                [system/00000000]  - last checkpoint: CheckpointInfo[oldestNotVisibleTransactionLogPosition=LogPosition{logVersion=0, byteOffset=24028}, transactionLogPosition=LogPosition{logVersion=0, byteOffset=24028}, storeId=StoreId{creationTime=1787518117037, random=-1085881962731566221, storageEngineName='record', formatName='aligned', majorVersion=1, minorVersion=1}, checkpointEntryPosition=LogPosition{logVersion=0, byteOffset=1056}, channelPositionAfterCheckpoint=LogPosition{logVersion=0, byteOffset=1288}, checkpointFilePostReadPosition=LogPosition{logVersion=0, byteOffset=1288}, kernelVersion=KernelVersion{V5_25,version=20}, kernelVersionByte=20, transactionId=TransactionId[id=41, appendIndex=41, kernelVersion=KernelVersion{V5_25,version=20}, checksum=-119534126, commitTimestamp=1787518117868, consensusIndex=-1], appendIndex=41, reason=Checkpoint triggered by "Database shutdown" @ txId: 41, append index: 41, consensusIndexInCheckpoint=true]
                                                                [system/00000000] 
                                                                [system/00000000] --------------------------------------------------------------------------------
                                                                [system/00000000]                                   [ Id usage ]                                  
                                                                [system/00000000] --------------------------------------------------------------------------------
                                                                [system/00000000] ArrayPropertyStore[neostore.nodestore.db.labels]: used=1 high=0
                                                                [system/00000000] NodeStore[neostore.nodestore.db]: used=7 high=6
                                                                [system/00000000] StringPropertyStore[neostore.propertystore.db.index.keys]: used=47 high=46
                                                                [system/00000000] PropertyIndexStore[neostore.propertystore.db.index]: used=33 high=32
                                                                [system/00000000] StringPropertyStore[neostore.propertystore.db.strings]: used=3 high=2
                                                                [system/00000000] ArrayPropertyStore[neostore.propertystore.db.arrays]: used=1 high=0
                                                                [system/00000000] PropertyStore[neostore.propertystore.db]: used=73 high=72
                                                                [system/00000000] RelationshipStore[neostore.relationshipstore.db]: used=3 high=2
                                                                [system/00000000] StringPropertyStore[neostore.relationshiptypestore.db.names]: used=3 high=2
                                                                [system/00000000] RelationshipTypeStore[neostore.relationshiptypestore.db]: used=2 high=1
                                                                [system/00000000] StringPropertyStore[neostore.labeltokenstore.db.names]: used=6 high=5
                                                                [system/00000000] LabelTokenStore[neostore.labeltokenstore.db]: used=5 high=4
                                                                [system/00000000] SchemaStore[neostore.schemastore.db]: used=13 high=12
                                                                [system/00000000] RelationshipGroupStore[neostore.relationshipgroupstore.db]: used=1 high=0
                                                                [system/00000000] NeoStore[neostore]: used=-1 high=-1
                                                                [system/00000000] 
                                                                [system/00000000] --------------------------------------------------------------------------------
                                                                [system/00000000]                                   [ Metadata ]                                  
                                                                [system/00000000] --------------------------------------------------------------------------------
                                                                [system/00000000] EXTERNAL_STORE_UUID (Database identifier exposed as external store identity. Generated on creation and never updated): f5971134-e6be-4e06-b1c0-3e1537d4a1e6
                                                                [system/00000000] DATABASE_ID (The last used DatabaseId for this database): null
                                                                [system/00000000] LEGACY_STORE_VERSION (Legacy store format version. This field is used from 5.0 onwards only to distinguish non-migrated pre 5.0 metadata stores.): -3523014627327384477
                                                                [system/00000000] STORE_ID (Store ID): StoreId{creationTime=1787518117037, random=-1085881962731566221, storageEngineName='record', formatName='aligned', majorVersion=1, minorVersion=1}
                                                                [system/00000000] 
2026-08-25 14:34:04.316+0000 INFO  [o.n.k.i.a.i.IndexingService] [system/00000000] IndexingService.init: indexes not specifically mentioned above are ONLINE. Total 7 indexes. Processed in 41ms
2026-08-25 14:34:04.318+0000 INFO  [o.n.k.a.DatabaseAvailabilityGuard] [system/00000000] Requirement `Database unavailable` makes database system unavailable.
2026-08-25 14:34:04.318+0000 INFO  [o.n.k.a.DatabaseAvailabilityGuard] [system/00000000] DatabaseId{00000000[system]} is unavailable.
2026-08-25 14:34:04.324+0000 INFO  [o.n.k.d.Database] [system/00000000] Starting transaction log [/data/transactions/system/neostore.transaction.db.0] at version=0
2026-08-25 14:34:04.329+0000 INFO  [o.n.k.d.Database] [system/00000000] Starting transaction log [/data/transactions/system/checkpoint.0] at version=0
2026-08-25 14:34:04.330+0000 INFO  [o.n.k.i.t.l.f.c.CheckpointLogFile] [system/00000000] Scanning log file with version 0 for checkpoint entries
2026-08-25 14:34:04.334+0000 INFO  [o.n.k.i.a.i.IndexingService] [system/00000000] IndexingService.start: indexes not specifically mentioned above are ONLINE. Total 7 indexes. Processed in 0ms
2026-08-25 14:34:04.341+0000 INFO  [o.n.k.a.DatabaseAvailabilityGuard] [system/00000000] Fulfilling of requirement 'Database unavailable' makes database system available.
2026-08-25 14:34:04.341+0000 INFO  [o.n.k.a.DatabaseAvailabilityGuard] [system/00000000] DatabaseId{00000000[system]} is ready.
2026-08-25 14:34:04.444+0000 INFO  [o.n.s.s.s.UserSecurityGraphComponent] Performing postInitialization step for component 'security-users' with version 5 and status CURRENT
2026-08-25 14:34:04.445+0000 INFO  [o.n.s.s.s.UserSecurityGraphComponent] Updating the initial password in component 'security-users'
2026-08-25 14:34:04.460+0000 INFO  [o.n.d.d.DatabaseLifecycles] Creating 'DatabaseId{7efa7199[neo4j]}'.
2026-08-25 14:34:04.463+0000 INFO  [o.n.d.d.DatabaseLifecycles] Starting 'DatabaseId{7efa7199[neo4j]}'.
2026-08-25 14:34:04.471+0000 INFO  [o.n.k.i.t.l.f.c.CheckpointLogFile] [neo4j/7efa7199] Scanning log file with version 0 for checkpoint entries
2026-08-25 14:34:04.482+0000 INFO  [o.n.k.i.s.f.RecordFormatSelector] [neo4j/7efa7199] Selected RecordFormat:PageAlignedV5_0[aligned-1.1] record format from store /data/databases/neo4j
2026-08-25 14:34:04.483+0000 INFO  [o.n.k.i.s.f.RecordFormatSelector] [neo4j/7efa7199] Selected format from the store files: RecordFormat:PageAlignedV5_0[aligned-1.1]
2026-08-25 14:34:04.536+0000 INFO  [o.n.i.d.DiagnosticsManager] [neo4j/7efa7199] 
                                                                [neo4j/7efa7199] ********************************************************************************
                                                                [neo4j/7efa7199]                               [ Database: neo4j ]                               
                                                                [neo4j/7efa7199] ********************************************************************************
                                                                [neo4j/7efa7199] --------------------------------------------------------------------------------
                                                                [neo4j/7efa7199]                                   [ Version ]                                   
                                                                [neo4j/7efa7199] --------------------------------------------------------------------------------
                                                                [neo4j/7efa7199] DBMS: community record-aligned-1.1
                                                                [neo4j/7efa7199] Kernel version: 5.26.29
                                                                [neo4j/7efa7199] 
                                                                [neo4j/7efa7199] --------------------------------------------------------------------------------
                                                                [neo4j/7efa7199]                                 [ Store files ]                                 
                                                                [neo4j/7efa7199] --------------------------------------------------------------------------------
                                                                [neo4j/7efa7199] Disk space on partition (Total / Free / Free %): 105086115840 / 69729636352 / 66
                                                                [neo4j/7efa7199] Storage files stored on file store: ext4
                                                                [neo4j/7efa7199] Storage files: (filename : modification date - size)
                                                                [neo4j/7efa7199]   database_lock: 2026-08-23 20:48:37.923+0000 - 0B
                                                                [neo4j/7efa7199]   neostore: 2026-08-23 20:48:37.913+0000 - 8.000KiB
                                                                [neo4j/7efa7199]   neostore.counts.db: 2026-08-25 14:34:04.518+0000 - 48.00KiB
                                                                [neo4j/7efa7199]   neostore.indexstats.db: 2026-08-25 14:34:04.523+0000 - 48.00KiB
                                                                [neo4j/7efa7199]   neostore.labeltokenstore.db: 2026-08-23 21:03:48.023+0000 - 8.000KiB
                                                                [neo4j/7efa7199]   neostore.labeltokenstore.db.id: 2026-08-25 14:34:04.510+0000 - 40.00KiB
                                                                [neo4j/7efa7199]   neostore.labeltokenstore.db.names: 2026-08-23 21:03:48.045+0000 - 8.000KiB
                                                                [neo4j/7efa7199]   neostore.labeltokenstore.db.names.id: 2026-08-25 14:34:04.508+0000 - 40.00KiB
                                                                [neo4j/7efa7199]   neostore.nodestore.db: 2026-08-25 14:23:07.754+0000 - 8.000KiB
                                                                [neo4j/7efa7199]   neostore.nodestore.db.id: 2026-08-25 14:34:04.486+0000 - 48.00KiB
                                                                [neo4j/7efa7199]   neostore.nodestore.db.labels: 2026-08-23 20:48:37.882+0000 - 8.000KiB
                                                                [neo4j/7efa7199]   neostore.nodestore.db.labels.id: 2026-08-25 14:34:04.484+0000 - 40.00KiB
                                                                [neo4j/7efa7199]   neostore.propertystore.db: 2026-08-25 14:23:07.750+0000 - 128.0KiB
                                                                [neo4j/7efa7199]   neostore.propertystore.db.arrays: 2026-08-23 20:48:37.895+0000 - 8.000KiB
                                                                [neo4j/7efa7199]   neostore.propertystore.db.arrays.id: 2026-08-25 14:34:04.497+0000 - 40.00KiB
                                                                [neo4j/7efa7199]   neostore.propertystore.db.id: 2026-08-25 14:34:04.499+0000 - 48.00KiB
                                                                [neo4j/7efa7199]   neostore.propertystore.db.index: 2026-08-25 14:23:07.753+0000 - 8.000KiB
                                                                [neo4j/7efa7199]   neostore.propertystore.db.index.id: 2026-08-25 14:34:04.491+0000 - 48.00KiB
                                                                [neo4j/7efa7199]   neostore.propertystore.db.index.keys: 2026-08-25 14:23:07.756+0000 - 8.000KiB
                                                                [neo4j/7efa7199]   neostore.propertystore.db.index.keys.id: 2026-08-25 14:34:04.489+0000 - 40.00KiB
                                                                [neo4j/7efa7199]   neostore.propertystore.db.strings: 2026-08-25 14:23:07.748+0000 - 168.0KiB
                                                                [neo4j/7efa7199]   neostore.propertystore.db.strings.id: 2026-08-25 14:34:04.494+0000 - 48.00KiB
                                                                [neo4j/7efa7199]   neostore.relationshipgroupstore.db: 2026-08-25 14:23:07.755+0000 - 8.000KiB
                                                                [neo4j/7efa7199]   neostore.relationshipgroupstore.db.id: 2026-08-25 14:34:04.514+0000 - 48.00KiB
                                                                [neo4j/7efa7199]   neostore.relationshipgroupstore.degrees.db: 2026-08-25 14:34:04.520+0000 - 48.00KiB
                                                                [neo4j/7efa7199]   neostore.relationshipstore.db: 2026-08-25 14:23:07.752+0000 - 24.00KiB
                                                                [neo4j/7efa7199]   neostore.relationshipstore.db.id: 2026-08-25 14:34:04.501+0000 - 48.00KiB
                                                                [neo4j/7efa7199]   neostore.relationshiptypestore.db: 2026-08-23 21:03:48.033+0000 - 8.000KiB
                                                                [neo4j/7efa7199]   neostore.relationshiptypestore.db.id: 2026-08-25 14:34:04.506+0000 - 40.00KiB
                                                                [neo4j/7efa7199]   neostore.relationshiptypestore.db.names: 2026-08-23 21:03:48.040+0000 - 8.000KiB
                                                                [neo4j/7efa7199]   neostore.relationshiptypestore.db.names.id: 2026-08-25 14:34:04.504+0000 - 40.00KiB
                                                                [neo4j/7efa7199]   neostore.schemastore.db: 2026-08-23 20:48:38.058+0000 - 8.000KiB
                                                                [neo4j/7efa7199]   neostore.schemastore.db.id: 2026-08-25 14:34:04.512+0000 - 40.00KiB
                                                                [neo4j/7efa7199]   schema:
                                                                [neo4j/7efa7199]     index:
                                                                [neo4j/7efa7199]       token-lookup-1.0:
                                                                [neo4j/7efa7199]         1:
                                                                [neo4j/7efa7199]           index-1: 2026-08-25 14:32:21.484+0000 - 48.00KiB
                                                                [neo4j/7efa7199]         - Total: 2026-08-23 20:48:37.946+0000 - 48.00KiB
                                                                [neo4j/7efa7199]         2:
                                                                [neo4j/7efa7199]           index-2: 2026-08-25 14:32:21.485+0000 - 48.00KiB
                                                                [neo4j/7efa7199]         - Total: 2026-08-23 20:48:37.959+0000 - 48.00KiB
                                                                [neo4j/7efa7199]       - Total: 2026-08-23 20:48:37.959+0000 - 96.00KiB
                                                                [neo4j/7efa7199]     - Total: 2026-08-23 20:48:37.946+0000 - 96.00KiB
                                                                [neo4j/7efa7199]   - Total: 2026-08-23 20:48:37.946+0000 - 96.00KiB
                                                                [neo4j/7efa7199] Storage summary: 
                                                                [neo4j/7efa7199]   Total size of store: 1.234MiB
                                                                [neo4j/7efa7199]   Total size of mapped files: 512.0KiB
                                                                [neo4j/7efa7199] 
                                                                [neo4j/7efa7199] --------------------------------------------------------------------------------
                                                                [neo4j/7efa7199]                               [ Transaction log ]                               
                                                                [neo4j/7efa7199] --------------------------------------------------------------------------------
                                                                [neo4j/7efa7199] Transaction log files stored on file store: ext4
                                                                [neo4j/7efa7199] Transaction log metadata:
                                                                [neo4j/7efa7199]  - current kernel version used in transactions: V5_25
                                                                [neo4j/7efa7199]  - last committed transaction id: 356
                                                                [neo4j/7efa7199] Transaction log files:
                                                                [neo4j/7efa7199]  - existing transaction log versions: 0-0
                                                                [neo4j/7efa7199]  - oldest append index 2 found in log with version 0
                                                                [neo4j/7efa7199]  - files: (filename : creation date - size)
                                                                [neo4j/7efa7199]      neostore.transaction.db.0: 2026-08-23 20:48:37.925+0000 - 256.0MiB
                                                                [neo4j/7efa7199]  - total size of files: 256.0MiB
                                                                [neo4j/7efa7199] Checkpoint log files:
                                                                [neo4j/7efa7199]  - existing checkpoint log versions: 0-0
                                                                [neo4j/7efa7199]  - last checkpoint: CheckpointInfo[oldestNotVisibleTransactionLogPosition=LogPosition{logVersion=0, byteOffset=993677}, transactionLogPosition=LogPosition{logVersion=0, byteOffset=993677}, storeId=StoreId{creationTime=1787518117914, random=1502559886532048127, storageEngineName='record', formatName='aligned', majorVersion=1, minorVersion=1}, checkpointEntryPosition=LogPosition{logVersion=0, byteOffset=1984}, channelPositionAfterCheckpoint=LogPosition{logVersion=0, byteOffset=2216}, checkpointFilePostReadPosition=LogPosition{logVersion=0, byteOffset=2216}, kernelVersion=KernelVersion{V5_25,version=20}, kernelVersionByte=20, transactionId=TransactionId[id=356, appendIndex=356, kernelVersion=KernelVersion{V5_25,version=20}, checksum=1191415409, commitTimestamp=1787667100651, consensusIndex=-1], appendIndex=356, reason=Checkpoint triggered by "Database shutdown" @ txId: 356, append index: 356, consensusIndexInCheckpoint=true]
                                                                [neo4j/7efa7199] 
                                                                [neo4j/7efa7199] --------------------------------------------------------------------------------
                                                                [neo4j/7efa7199]                                   [ Id usage ]                                  
                                                                [neo4j/7efa7199] --------------------------------------------------------------------------------
                                                                [neo4j/7efa7199] ArrayPropertyStore[neostore.nodestore.db.labels]: used=1 high=0
                                                                [neo4j/7efa7199] NodeStore[neostore.nodestore.db]: used=335 high=334
                                                                [neo4j/7efa7199] StringPropertyStore[neostore.propertystore.db.index.keys]: used=53 high=52
                                                                [neo4j/7efa7199] PropertyIndexStore[neostore.propertystore.db.index]: used=43 high=42
                                                                [neo4j/7efa7199] StringPropertyStore[neostore.propertystore.db.strings]: used=1312 high=1311
                                                                [neo4j/7efa7199] ArrayPropertyStore[neostore.propertystore.db.arrays]: used=1 high=0
                                                                [neo4j/7efa7199] PropertyStore[neostore.propertystore.db]: used=3165 high=3164
                                                                [neo4j/7efa7199] RelationshipStore[neostore.relationshipstore.db]: used=655 high=654
                                                                [neo4j/7efa7199] StringPropertyStore[neostore.relationshiptypestore.db.names]: used=4 high=3
                                                                [neo4j/7efa7199] RelationshipTypeStore[neostore.relationshiptypestore.db]: used=3 high=2
                                                                [neo4j/7efa7199] StringPropertyStore[neostore.labeltokenstore.db.names]: used=5 high=4
                                                                [neo4j/7efa7199] LabelTokenStore[neostore.labeltokenstore.db]: used=4 high=3
                                                                [neo4j/7efa7199] SchemaStore[neostore.schemastore.db]: used=3 high=2
                                                                [neo4j/7efa7199] RelationshipGroupStore[neostore.relationshipgroupstore.db]: used=11 high=10
                                                                [neo4j/7efa7199] NeoStore[neostore]: used=-1 high=-1
                                                                [neo4j/7efa7199] 
                                                                [neo4j/7efa7199] --------------------------------------------------------------------------------
                                                                [neo4j/7efa7199]                                   [ Metadata ]                                  
                                                                [neo4j/7efa7199] --------------------------------------------------------------------------------
                                                                [neo4j/7efa7199] EXTERNAL_STORE_UUID (Database identifier exposed as external store identity. Generated on creation and never updated): 9398bedf-9e18-4801-997f-e5e31b48f286
                                                                [neo4j/7efa7199] DATABASE_ID (The last used DatabaseId for this database): null
                                                                [neo4j/7efa7199] LEGACY_STORE_VERSION (Legacy store format version. This field is used from 5.0 onwards only to distinguish non-migrated pre 5.0 metadata stores.): -3523014627327384477
                                                                [neo4j/7efa7199] STORE_ID (Store ID): StoreId{creationTime=1787518117914, random=1502559886532048127, storageEngineName='record', formatName='aligned', majorVersion=1, minorVersion=1}
                                                                [neo4j/7efa7199] 
2026-08-25 14:34:04.545+0000 INFO  [o.n.k.i.a.i.IndexingService] [neo4j/7efa7199] IndexingService.init: indexes not specifically mentioned above are ONLINE. Total 2 indexes. Processed in 5ms
2026-08-25 14:34:04.546+0000 INFO  [o.n.k.a.DatabaseAvailabilityGuard] [neo4j/7efa7199] Requirement `Database unavailable` makes database neo4j unavailable.
2026-08-25 14:34:04.546+0000 INFO  [o.n.k.a.DatabaseAvailabilityGuard] [neo4j/7efa7199] DatabaseId{7efa7199[neo4j]} is unavailable.
2026-08-25 14:34:04.547+0000 INFO  [o.n.k.d.Database] [neo4j/7efa7199] Starting transaction log [/data/transactions/neo4j/neostore.transaction.db.0] at version=0
2026-08-25 14:34:04.549+0000 INFO  [o.n.k.d.Database] [neo4j/7efa7199] Starting transaction log [/data/transactions/neo4j/checkpoint.0] at version=0
2026-08-25 14:34:04.550+0000 INFO  [o.n.k.i.t.l.f.c.CheckpointLogFile] [neo4j/7efa7199] Scanning log file with version 0 for checkpoint entries
2026-08-25 14:34:04.553+0000 INFO  [o.n.k.i.a.i.IndexingService] [neo4j/7efa7199] IndexingService.start: indexes not specifically mentioned above are ONLINE. Total 2 indexes. Processed in 0ms
2026-08-25 14:34:04.554+0000 INFO  [o.n.k.a.DatabaseAvailabilityGuard] [neo4j/7efa7199] Fulfilling of requirement 'Database unavailable' makes database neo4j available.
2026-08-25 14:34:04.554+0000 INFO  [o.n.k.a.DatabaseAvailabilityGuard] [neo4j/7efa7199] DatabaseId{7efa7199[neo4j]} is ready.
2026-08-25 14:34:04.555+0000 INFO  [o.n.u.UserDataCollector] Anonymous Usage Data is being sent to Neo4j, see https://neo4j.com/docs/usage-data/
2026-08-25 14:34:04.593+0000 INFO  [o.n.b.p.c.c.n.SocketNettyConnector] Bolt enabled on 0.0.0.0:7687.
2026-08-25 14:34:04.594+0000 WARN  [i.n.b.ServerBootstrap] Unknown channel option 'SO_REUSEADDR' for channel '[id: 0x57116cc9]' of type 'class io.netty.channel.local.LocalServerChannel'
2026-08-25 14:34:04.599+0000 INFO  [o.n.b.BoltServer] Bolt server started
2026-08-25 14:34:04.599+0000 INFO  [o.n.s.A.ServerComponentsLifecycleAdapter] Starting web server
2026-08-25 14:34:05.885+0000 INFO  [o.n.s.CommunityNeoWebServer] HTTP enabled on 0.0.0.0:7474.
2026-08-25 14:34:05.886+0000 INFO  [o.n.s.CommunityNeoWebServer] Remote interface available at http://localhost:7474/
2026-08-25 14:34:05.886+0000 INFO  [o.n.s.A.ServerComponentsLifecycleAdapter] Web server started.
2026-08-25 14:34:05.888+0000 INFO  [o.n.g.f.DatabaseManagementServiceFactory] id: F2D2C5DE77BE3C34B9607B923BB3D2B15214427F692CFA39DE25B6B8CAB44B79
2026-08-25 14:34:05.888+0000 INFO  [o.n.g.f.DatabaseManagementServiceFactory] name: system
2026-08-25 14:34:05.888+0000 INFO  [o.n.g.f.DatabaseManagementServiceFactory] creationDate: 2026-08-23T20:48:37.037Z
2026-08-25 14:59:54.580+0000 INFO  [o.n.k.i.t.l.c.CheckPointerImpl] [neo4j/7efa7199] Checkpoint triggered by "Scheduled checkpoint for every 15 minutes threshold" @ txId: 478, append index: 478 checkpoint started...
2026-08-25 14:59:54.646+0000 INFO  [o.n.k.i.t.l.c.CheckPointerImpl] [neo4j/7efa7199] Checkpoint triggered by "Scheduled checkpoint for every 15 minutes threshold" @ txId: 478, append index: 478 checkpoint completed in 64ms. Checkpoint flushed 89 pages (0% of total available pages), in 82 IOs. Checkpoint performed with IO limit: unlimited, paused in total 0 times( 0 millis).
2026-08-25 14:59:54.649+0000 INFO  [o.n.k.i.t.l.p.LogPruningImpl] [neo4j/7efa7199] No log version pruned. The strategy used was '2 days 2147483648 size'. 
2026-08-25 15:55:24.697+0000 INFO  [o.n.k.i.t.l.c.CheckPointerImpl] [neo4j/7efa7199] Checkpoint triggered by "Scheduled checkpoint for every 15 minutes threshold" @ txId: 575, append index: 575 checkpoint started...
2026-08-25 15:55:24.747+0000 INFO  [o.n.k.i.t.l.c.CheckPointerImpl] [neo4j/7efa7199] Checkpoint triggered by "Scheduled checkpoint for every 15 minutes threshold" @ txId: 575, append index: 575 checkpoint completed in 48ms. Checkpoint flushed 67 pages (0% of total available pages), in 62 IOs. Checkpoint performed with IO limit: unlimited, paused in total 0 times( 0 millis).
2026-08-25 15:55:24.747+0000 INFO  [o.n.k.i.t.l.p.LogPruningImpl] [neo4j/7efa7199] No log version pruned. The strategy used was '2 days 2147483648 size'. 
2026-08-25 15:55:25.485+0000 INFO  [o.n.c.i.c.CypherQueryCaches] [neo4j/7efa7199] Discarded stale query from the query cache after 4059 seconds. Reason: NodesWithLabelCardinality(Some(LabelId(2))) changed from 223.0 to 417.0, which is a divergence of 0.46522781774580335 which is greater than threshold 0.36678268816386295. Query id: 227.
2026-08-25 15:59:41.776+0000 INFO  [o.n.g.f.DatabaseManagementServiceFactory] Shutdown started
2026-08-25 15:59:41.794+0000 INFO  [o.n.b.BoltServer] Requested Bolt server shutdown
2026-08-25 15:59:41.794+0000 INFO  [o.n.b.p.c.c.ConnectionRegistry] Stopping remaining idle connections for connector bolt-local
2026-08-25 15:59:41.795+0000 INFO  [o.n.b.p.c.c.ConnectionRegistry] Stopped 0 idling connections for connector bolt-local
2026-08-25 15:59:41.795+0000 INFO  [o.n.b.p.c.c.ConnectionRegistry] Stopping remaining idle connections for connector bolt
2026-08-25 15:59:41.795+0000 INFO  [o.n.b.p.c.c.ConnectionRegistry] Stopped 0 idling connections for connector bolt
2026-08-25 15:59:41.796+0000 INFO  [o.n.d.d.DatabaseLifecycles] Stopping 'DatabaseId{7efa7199[neo4j]}'.
2026-08-25 15:59:41.890+0000 INFO  [o.n.k.a.DatabaseAvailabilityGuard] [neo4j/7efa7199] Requirement `Database unavailable` makes database neo4j unavailable.
2026-08-25 15:59:41.890+0000 INFO  [o.n.k.a.DatabaseAvailabilityGuard] [neo4j/7efa7199] DatabaseId{7efa7199[neo4j]} is unavailable.
2026-08-25 15:59:41.891+0000 INFO  [o.n.k.d.Database] [neo4j/7efa7199] Waiting for closing transactions.
2026-08-25 15:59:41.891+0000 INFO  [o.n.k.d.Database] [neo4j/7efa7199] All transactions are closed.
2026-08-25 15:59:41.892+0000 INFO  [o.n.k.i.t.l.c.CheckPointerImpl] [neo4j/7efa7199] Checkpoint triggered by "Database shutdown" @ txId: 613, append index: 613 checkpoint started...
2026-08-25 15:59:41.930+0000 INFO  [o.n.k.i.t.l.c.CheckPointerImpl] [neo4j/7efa7199] Checkpoint triggered by "Database shutdown" @ txId: 613, append index: 613 checkpoint completed in 38ms. Checkpoint flushed 56 pages (0% of total available pages), in 53 IOs. Checkpoint performed with IO limit: unlimited, paused in total 0 times( 0 millis).
2026-08-25 15:59:41.930+0000 INFO  [o.n.k.i.t.l.p.LogPruningImpl] [neo4j/7efa7199] No log version pruned. The strategy used was '2 days 2147483648 size'. 
2026-08-25 15:59:41.959+0000 INFO  [o.n.d.d.DatabaseLifecycles] Stopped 'DatabaseId{7efa7199[neo4j]}' successfully.
2026-08-25 15:59:41.959+0000 INFO  [o.n.d.d.DatabaseLifecycles] Stopping 'DatabaseId{00000000[system]}'.
2026-08-25 15:59:41.959+0000 INFO  [o.n.k.a.DatabaseAvailabilityGuard] [system/00000000] Requirement `Database unavailable` makes database system unavailable.
2026-08-25 15:59:41.959+0000 INFO  [o.n.k.a.DatabaseAvailabilityGuard] [system/00000000] DatabaseId{00000000[system]} is unavailable.
2026-08-25 15:59:41.960+0000 INFO  [o.n.k.d.Database] [system/00000000] Waiting for closing transactions.
2026-08-25 15:59:41.960+0000 INFO  [o.n.k.d.Database] [system/00000000] All transactions are closed.
2026-08-25 15:59:41.960+0000 INFO  [o.n.k.i.t.l.c.CheckPointerImpl] [system/00000000] Checkpoint triggered by "Database shutdown" @ txId: 41, append index: 41 checkpoint started...
2026-08-25 15:59:41.995+0000 INFO  [o.n.k.i.t.l.c.CheckPointerImpl] [system/00000000] Checkpoint triggered by "Database shutdown" @ txId: 41, append index: 41 checkpoint completed in 35ms. Checkpoint flushed 28 pages (0% of total available pages), in 28 IOs. Checkpoint performed with IO limit: unlimited, paused in total 0 times( 0 millis).
2026-08-25 15:59:41.996+0000 INFO  [o.n.k.i.t.l.p.LogPruningImpl] [system/00000000] No log version pruned. The strategy used was '2 days 2147483648 size'. 
2026-08-25 15:59:42.024+0000 INFO  [o.n.d.d.DatabaseLifecycles] Stopped 'DatabaseId{00000000[system]}' successfully.
2026-08-25 15:59:42.044+0000 INFO  [o.n.b.BoltServer] Shutting down Bolt server
2026-08-25 15:59:47.055+0000 INFO  [o.n.b.p.c.c.ConnectionRegistry] Stopping 0 connections for connector bolt-local
2026-08-25 15:59:47.056+0000 INFO  [o.n.b.p.c.c.ConnectionRegistry] Stopped all remaining connections for connector bolt-local
2026-08-25 15:59:47.057+0000 INFO  [o.n.b.p.c.c.ConnectionRegistry] Stopping 0 connections for connector bolt
2026-08-25 15:59:47.057+0000 INFO  [o.n.b.p.c.c.ConnectionRegistry] Stopped all remaining connections for connector bolt
2026-08-25 16:00:16.688+0000 INFO  [o.n.g.f.m.GlobalModule] Logging config in use: File '/var/lib/neo4j/conf/server-logs.xml'
2026-08-25 16:00:16.826+0000 WARN  [o.n.k.i.JvmChecker] The max heap memory has not been configured. It is recommended that it is always explicitly configured, to ensure the system has a balanced configuration. Until then, a JVM computed heuristic of 2082471936 bytes is used instead. If you are running neo4j server, you need to configure server.memory.heap.max_size in neo4j.conf. If you are running neo4j embedded, you have to launch the JVM with -Xmx set to a value. You can run neo4j-admin server memory-recommendation for memory configuration suggestions.
2026-08-25 16:00:16.826+0000 WARN  [o.n.k.i.JvmChecker] The initial heap memory has not been configured. It is recommended that it is always explicitly configured, to ensure the system has a balanced configuration. Until then, a JVM computed heuristic of 132120576 bytes is used instead. If you are running neo4j server, you need to configure server.memory.heap.initial_size in neo4j.conf. If you are running neo4j embedded, you have to launch the JVM with -Xms set to a value. You can run neo4j-admin server memory-recommendation for memory configuration suggestions.
2026-08-25 16:00:17.050+0000 INFO  [o.n.i.d.DiagnosticsManager] 
                                                                ********************************************************************************
                                                                                             [ System diagnostics ]                             
                                                                ********************************************************************************
2026-08-25 16:00:17.050+0000 INFO  [o.n.i.d.DiagnosticsManager] 
                                                                --------------------------------------------------------------------------------
                                                                                         [ System memory information ]                          
                                                                --------------------------------------------------------------------------------
                                                                Total Physical memory: 7.755GiB
                                                                Free Physical memory: 1.796GiB
                                                                Committed virtual memory: 5.082GiB
                                                                Total swap space: 4.000GiB
                                                                Free swap space: 3.479GiB
                                                                
2026-08-25 16:00:17.050+0000 INFO  [o.n.i.d.DiagnosticsManager] 
                                                                --------------------------------------------------------------------------------
                                                                                           [ JVM memory information ]                           
                                                                --------------------------------------------------------------------------------
                                                                Free  memory: 47.17MiB
                                                                Total memory: 74.00MiB
                                                                Max   memory: 1.939GiB
                                                                Garbage Collector: G1 Young Generation: [G1 Eden Space, G1 Survivor Space, G1 Old Gen]
                                                                Garbage Collector: G1 Concurrent GC: [G1 Old Gen]
                                                                Garbage Collector: G1 Old Generation: [G1 Eden Space, G1 Survivor Space, G1 Old Gen]
                                                                Memory Pool: CodeHeap 'non-nmethods' (Non-heap memory): committed=2.438MiB, used=1.482MiB, max=5.566MiB, threshold=0B
                                                                Memory Pool: Metaspace (Non-heap memory): committed=22.31MiB, used=21.93MiB, max=-1B, threshold=0B
                                                                Memory Pool: CodeHeap 'profiled nmethods' (Non-heap memory): committed=5.125MiB, used=5.089MiB, max=117.2MiB, threshold=0B
                                                                Memory Pool: Compressed Class Space (Non-heap memory): committed=2.500MiB, used=2.324MiB, max=1.000GiB, threshold=0B
                                                                Memory Pool: G1 Eden Space (Heap memory): committed=47.00MiB, used=6.000MiB, max=-1B, threshold=?
                                                                Memory Pool: G1 Old Gen (Heap memory): committed=25.00MiB, used=18.33MiB, max=1.939GiB, threshold=0B
                                                                Memory Pool: G1 Survivor Space (Heap memory): committed=2.000MiB, used=2.000MiB, max=-1B, threshold=?
                                                                Memory Pool: CodeHeap 'non-profiled nmethods' (Non-heap memory): committed=2.438MiB, used=1.426MiB, max=117.2MiB, threshold=0B
                                                                
2026-08-25 16:00:17.050+0000 INFO  [o.n.i.d.DiagnosticsManager] 
                                                                --------------------------------------------------------------------------------
                                                                                        [ Operating system information ]                        
                                                                --------------------------------------------------------------------------------
                                                                Operating System: Linux; version: 6.8.0-138-generic; arch: amd64; cpus: 4
                                                                Max number of file descriptors: 524288
                                                                Number of open file descriptors: 229
                                                                Process id: 6
                                                                Byte order: LITTLE_ENDIAN
                                                                Local timezone: Etc/UTC
                                                                Memory page size: 4096
                                                                Unaligned memory access allowed: true
                                                                
2026-08-25 16:00:17.050+0000 INFO  [o.n.i.d.DiagnosticsManager] 
                                                                --------------------------------------------------------------------------------
                                                                                              [ JVM information ]                               
                                                                --------------------------------------------------------------------------------
                                                                VM Name: OpenJDK 64-Bit Server VM
                                                                VM Vendor: Eclipse Adoptium
                                                                VM Version: 21.0.12+8-LTS
                                                                JIT compiler: HotSpot 64-Bit Tiered Compilers
                                                                VM Arguments: [-XX:+UseG1GC, -XX:-OmitStackTraceInFastThrow, -XX:+AlwaysPreTouch, -XX:+UnlockExperimentalVMOptions, -XX:+TrustFinalNonStaticFields, -XX:+DisableExplicitGC, -Djdk.nio.maxCachedBufferSize=1024, -Dio.netty.tryReflectionSetAccessible=true, -Djdk.tls.ephemeralDHKeySize=2048, -Djdk.tls.rejectClientInitiatedRenegotiation=true, -XX:FlightRecorderOptions=stackdepth=256, -XX:+UnlockDiagnosticVMOptions, -XX:+DebugNonSafepoints, --add-opens=java.base/java.nio=ALL-UNNAMED, --add-opens=java.base/java.io=ALL-UNNAMED, --add-opens=java.base/sun.nio.ch=ALL-UNNAMED, --enable-native-access=ALL-UNNAMED, -Dlog4j2.disable.jmx=true, -Dlog4j.layout.jsonTemplate.maxStringLength=32768, -Dfile.encoding=UTF-8]
                                                                
2026-08-25 16:00:17.051+0000 INFO  [o.n.i.d.DiagnosticsManager] 
                                                                --------------------------------------------------------------------------------
                                                                                               [ Java classpath ]                               
                                                                --------------------------------------------------------------------------------
                                                                 [classpath] /var/lib/neo4j/lib/jetty-http2-hpack-12.1.11.jar
                                                                 [classpath] /var/lib/neo4j/lib/jetty-security-12.1.11.jar
                                                                 [classpath] /var/lib/neo4j/lib/neo4j-diagnostics-5.26.29.jar
                                                                 [classpath] /var/lib/neo4j/lib/neo4j-expressions-5.26.29.jar
                                                                 [classpath] /var/lib/neo4j/lib/neo4j-codegen-5.26.29.jar
                                                                 [classpath] /var/lib/neo4j/lib/neo4j-logging-5.26.29.jar
                                                                 [classpath] /var/lib/neo4j/lib/jetty-session-12.1.11.jar
                                                                 [classpath] /var/lib/neo4j/lib/neo4j-fabric-5.26.29.jar
                                                                 [classpath] /var/lib/neo4j/lib/neo4j-security-5.26.29.jar
                                                                 [classpath] /var/lib/neo4j/lib/jaxb-runtime-2.3.2.jar
                                                                 [classpath] /var/lib/neo4j/lib/neo4j-cypher-macros-5.26.29.jar
                                                                 [classpath] /var/lib/neo4j/lib/shiro-crypto-core-3.0.0.jar
                                                                 [classpath] /var/lib/neo4j/lib/jackson-jaxrs-base-2.22.1.jar
                                                                 [classpath] /var/lib/neo4j/lib/antlr4-runtime-4.13.2.jar
                                                                 [classpath] /var/lib/neo4j/lib/neo4j-layout-5.26.29.jar
                                                                 [classpath] /var/lib/neo4j/lib/caffeine-3.1.8.jar
                                                                 [classpath] /var/lib/neo4j/lib/magnolia_2.13-1.1.8.jar
                                                                 [classpath] /var/lib/neo4j/lib/scala-library-2.13.11.jar
                                                                 [classpath] /var/lib/neo4j/lib/commons-compress-1.27.1.jar
                                                                 [classpath] /var/lib/neo4j/conf/*
                                                                 [classpath] /var/lib/neo4j/lib/WMI4Java-1.6.3.jar
                                                                 [classpath] /var/lib/neo4j/lib/jakarta.xml.bind-api-2.3.2.jar
                                                                 [classpath] /var/lib/neo4j/lib/neo4j-concurrent-5.26.29.jar
                                                                 [classpath] /var/lib/neo4j/lib/jProcesses-1.6.5.jar
                                                                 [classpath] /var/lib/neo4j/lib/neo4j-monitoring-5.26.29.jar
                                                                 [classpath] /var/lib/neo4j/lib/hk2-locator-2.6.1.jar
                                                                 [classpath] /var/lib/neo4j/lib/shiro-config-core-3.0.0.jar
                                                                 [classpath] /var/lib/neo4j/lib/log4j-core-2.26.1.jar
                                                                 [classpath] /var/lib/neo4j/lib/neo4j-ssl-5.26.29.jar
                                                                 [classpath] /var/lib/neo4j/lib/neo4j-cypher-javacc-parser-5.26.29.jar
                                                                 [classpath] /var/lib/neo4j/lib/neo4j-cypher-rendering-5.26.29.jar
                                                                 [classpath] /var/lib/neo4j/lib/jetty-http-12.1.11.jar
                                                                 [classpath] /var/lib/neo4j/lib/parquet-column-1.17.1.jar
                                                                 [classpath] /var/lib/neo4j/lib/snappy-java-1.1.10.7.jar
                                                                 [classpath] /var/lib/neo4j/lib/annotations-5.26.29.jar
                                                                 [classpath] /var/lib/neo4j/lib/eclipse-collections-api-11.1.0.jar
                                                                 [classpath] /var/lib/neo4j/lib/jersey-container-servlet-2.46.jar
                                                                 [classpath] /var/lib/neo4j/lib/neo4j-configuration-5.26.29.jar
                                                                 [classpath] /var/lib/neo4j/lib/jansi-2.4.0.jar
                                                                 [classpath] /var/lib/neo4j/lib/neo4j-cypher-planner-5.26.29.jar
                                                                 [classpath] /var/lib/neo4j/lib/jline-terminal-3.21.0.jar
                                                                 [classpath] /var/lib/neo4j/lib/ipaddress-5.5.1.jar
                                                                 [classpath] /var/lib/neo4j/lib/netty-transport-native-epoll-4.1.136.Final-linux-aarch_64.jar
                                                                 [classpath] /var/lib/neo4j/lib/lucene-queryparser-9.11.1.jar
                                                                 [classpath] /var/lib/neo4j/lib/neo4j-bolt-connection-12.0.0.jar
                                                                 [classpath] /var/lib/neo4j/lib/jetty-ee8-nested-12.1.11.jar
                                                                 [classpath] /var/lib/neo4j/lib/neo4j-id-generator-5.26.29.jar
                                                                 [classpath] /var/lib/neo4j/lib/jetty-servlet-api-4.0.9.jar
                                                                 [classpath] /var/lib/neo4j/lib/neo4j-values-5.26.29.jar
                                                                 [classpath] /var/lib/neo4j/lib/cypher-antlr-common-5.26.29.jar
                                                                 [classpath] /var/lib/neo4j/lib/reactor-core-3.7.12.jar
                                                                 [classpath] /var/lib/neo4j/lib/jetty-http2-server-12.1.11.jar
                                                                 [classpath] /var/lib/neo4j/lib/netty-transport-classes-kqueue-4.1.136.Final.jar
                                                                 [classpath] /var/lib/neo4j/lib/zstd-jni-1.5.6-6.jar
                                                                 [classpath] /var/lib/neo4j/lib/jakarta.ws.rs-api-2.1.6.jar
                                                                 [classpath] /var/lib/neo4j/lib/kiama_2.13-2.5.1.jar
                                                                 [classpath] /var/lib/neo4j/lib/neo4j-unsafe-5.26.29.jar
                                                                 [classpath] /var/lib/neo4j/lib/neo4j-cypher-logical-plans-5.26.29.jar
                                                                 [classpath] /var/lib/neo4j/lib/lucene-analysis-common-9.11.1.jar
                                                                 [classpath] /var/lib/neo4j/lib/neo4j-bolt-5.26.29.jar
                                                                 [classpath] /var/lib/neo4j/lib/istack-commons-runtime-3.0.8.jar
                                                                 [classpath] /var/lib/neo4j/lib/shiro-crypto-cipher-3.0.0.jar
                                                                 [classpath] /var/lib/neo4j/lib/eclipse-collections-11.1.0.jar
                                                                 [classpath] /var/lib/neo4j/lib/netty-handler-4.1.136.Final.jar
                                                                 [classpath] /var/lib/neo4j/lib/parquet-floor-1.62.jar
                                                                 [classpath] /var/lib/neo4j/lib/log4j-layout-template-json-2.26.1.jar
                                                                 [classpath] /var/lib/neo4j/lib/neo4j-front-end-5.26.29.jar
                                                                 [classpath] /var/lib/neo4j/lib/commons-text-1.12.0.jar
                                                                 [classpath] /var/lib/neo4j/lib/neo4j-fulltext-index-5.26.29.jar
                                                                 [classpath] /var/lib/neo4j/lib/neo4j-5.26.29.jar
                                                                 [classpath] /var/lib/neo4j/lib/jts-core-1.20.0.jar
                                                                 [classpath] /var/lib/neo4j/lib/parquet-common-1.17.1.jar
                                                                 [classpath] /var/lib/neo4j/lib/neo4j-consistency-check-5.26.29.jar
                                                                 [classpath] /var/lib/neo4j/lib/cypher-parser-ast-common-5.26.29.jar
                                                                 [classpath] /var/lib/neo4j/lib/jakarta.validation-api-2.0.2.jar
                                                                 [classpath] /var/lib/neo4j/lib/picocli-4.7.6.jar
                                                                 [classpath] /var/lib/neo4j/lib/cypher-v5-literal-interpreter-5.26.29.jar
                                                                 [classpath] /var/lib/neo4j/lib/hk2-utils-2.6.1.jar
                                                                 [classpath] /var/lib/neo4j/lib/stax-ex-1.8.1.jar
                                                                 [classpath] /var/lib/neo4j/lib/txw2-2.3.2.jar
                                                                 [classpath] /var/lib/neo4j/lib/neo4j-graph-algo-5.26.29.jar
                                                                 [classpath] /var/lib/neo4j/lib/jackson-module-jaxb-annotations-2.22.1.jar
                                                                 [classpath] /var/lib/neo4j/lib/neo4j-cypher-physical-planning-5.26.29.jar
                                                                 [classpath] /var/lib/neo4j/lib/commons-io-2.17.0.jar
                                                                 [classpath] /var/lib/neo4j/lib/argparse4j-0.9.0.jar
                                                                 [classpath] /var/lib/neo4j/lib/neo4j-bootcheck-5.26.29.jar
                                                                 [classpath] /var/lib/neo4j/lib/neo4j-kernel-5.26.29.jar
                                                                 [classpath] /var/lib/neo4j/lib/neo4j-record-storage-engine-5.26.29.jar
                                                                 [classpath] /var/lib/neo4j/lib/netty-transport-native-kqueue-4.1.136.Final-osx-aarch_64.jar
                                                                 [classpath] /var/lib/neo4j/lib/cypher-v5-ast-factory-5.26.29.jar
                                                                 [classpath] /var/lib/neo4j/lib/cypher-parser-common-5.26.29.jar
                                                                 [classpath] /var/lib/neo4j/lib/neo4j-schema-5.26.29.jar
                                                                 [classpath] /var/lib/neo4j/lib/neo4j-wal-5.26.29.jar
                                                                 [classpath] /var/lib/neo4j/lib/parquet-encoding-1.17.1.jar
                                                                 [classpath] /var/lib/neo4j/lib/shiro-core-3.0.0.jar
                                                                 [classpath] /var/lib/neo4j/lib/cypher-v5-parser-listener-5.26.29.jar
                                                                 [classpath] /var/lib/neo4j/lib/cypher-v25-parser-listener-5.26.29.jar
                                                                 [classpath] /var/lib/neo4j/lib/lucene-backward-codecs-9.11.1.jar
                                                                 [classpath] /var/lib/neo4j/lib/netty-transport-native-unix-common-4.1.136.Final.jar
                                                                 [classpath] /var/lib/neo4j/lib/neo4j-resource-5.26.29.jar
                                                                 [classpath] /var/lib/neo4j/lib/neo4j-import-api-5.26.29.jar
                                                                 [classpath] /var/lib/neo4j/lib/neo4j-bolt-connection-pooled-12.0.0.jar
                                                                 [classpath] /var/lib/neo4j/lib/neo4j-kernel-api-5.26.29.jar
                                                                 [classpath] /var/lib/neo4j/lib/neo4j-storage-engine-util-5.26.29.jar
                                                                 [classpath] /var/lib/neo4j/lib/neo4j-slf4j-provider-5.26.29.jar
                                                                 [classpath] /var/lib/neo4j/lib/neo4j-notifications-5.26.29.jar
                                                                 [classpath] /var/lib/neo4j/lib/neo4j-cypher-planner-spi-5.26.29.jar
                                                                 [classpath] /var/lib/neo4j/lib/scala-collection-contrib_2.13-0.3.0.jar
                                                                 [classpath] /var/lib/neo4j/lib/jetty-ee-webapp-12.1.11.jar
                                                                 [classpath] /var/lib/neo4j/lib/jetty-io-12.1.11.jar
                                                                 [classpath] /var/lib/neo4j/lib/neo4j-bolt-connection-netty-12.0.0.jar
                                                                 [classpath] /var/lib/neo4j/lib/jetty-ee8-security-12.1.11.jar
                                                                 [classpath] /var/lib/neo4j/lib/neo4j-bolt-connection-routed-12.0.0.jar
                                                                 [classpath] /var/lib/neo4j/lib/commons-codec-1.17.1.jar
                                                                 [classpath] /var/lib/neo4j/lib/zstd-proxy-5.26.29.jar
                                                                 [classpath] /var/lib/neo4j/lib/netty-resolver-4.1.136.Final.jar
                                                                 [classpath] /var/lib/neo4j/lib/jPowerShell-3.0.jar
                                                                 [classpath] /var/lib/neo4j/lib/jetty-ee8-servlet-12.1.11.jar
                                                                 [classpath] /var/lib/neo4j/lib/reactive-streams-1.0.4.jar
                                                                 [classpath] /var/lib/neo4j/lib/neo4j-native-5.26.29.jar
                                                                 [classpath] /var/lib/neo4j/lib/server-api-5.26.29.jar
                                                                 [classpath] /var/lib/neo4j/lib/neo4j-import-tool-5.26.29.jar
                                                                 [classpath] /var/lib/neo4j/lib/neo4j-cloud-5.26.29.jar
                                                                 [classpath] /var/lib/neo4j/lib/neo4j-gql-status-5.26.29.jar
                                                                 [classpath] /var/lib/neo4j/lib/neo4j-capabilities-5.26.29.jar
                                                                 [classpath] /var/lib/neo4j/lib/shiro-lang-3.0.0.jar
                                                                 [classpath] /var/lib/neo4j/lib/neo4j-rewriting-5.26.29.jar
                                                                 [classpath] /var/lib/neo4j/lib/jaxb-api-2.2.12.jar
                                                                 [classpath] /var/lib/neo4j/lib/neo4j-index-5.26.29.jar
                                                                 [classpath] /var/lib/neo4j/lib/neo4j-exceptions-5.26.29.jar
                                                                 [classpath] /var/lib/neo4j/lib/netty-codec-4.1.136.Final.jar
                                                                 [classpath] /var/lib/neo4j/lib/jetty-alpn-server-12.1.11.jar
                                                                 [classpath] /var/lib/neo4j/lib/neo4j-cypher-dsl-2024.2.0.jar
                                                                 [classpath] /var/lib/neo4j/lib/cypher-ast-factory-5.26.29.jar
                                                                 [classpath] /var/lib/neo4j/lib/neo4j-server-5.26.29.jar
                                                                 [classpath] /var/lib/neo4j/lib/shiro-event-3.0.0.jar
                                                                 [classpath] /var/lib/neo4j/lib/javax.annotation-api-1.3.2.jar
                                                                 [classpath] /var/lib/neo4j/lib/jna-5.15.0.jar
                                                                 [classpath] /var/lib/neo4j/lib/neo4j-cypher-slotted-runtime-5.26.29.jar
                                                                 [classpath] /var/lib/neo4j/lib/neo4j-import-util-5.26.29.jar
                                                                 [classpath] /var/lib/neo4j/lib/shiro-cache-3.0.0.jar
                                                                 [classpath] /var/lib/neo4j/lib/jersey-common-2.46.jar
                                                                 [classpath] /var/lib/neo4j/lib/neo4j-cypher-ir-5.26.29.jar
                                                                 [classpath] /var/lib/neo4j/lib/log4j-api-2.26.1.jar
                                                                 [classpath] /var/lib/neo4j/lib/cypher-v5-antlr-parser-5.26.29.jar
                                                                 [classpath] /var/lib/neo4j/lib/jersey-client-2.46.jar
                                                                 [classpath] /var/lib/neo4j/lib/neo4j-spatial-index-5.26.29.jar
                                                                 [classpath] /var/lib/neo4j/lib/jersey-hk2-2.46.jar
                                                                 [classpath] /var/lib/neo4j/lib/neo4j-data-collector-5.26.29.jar
                                                                 [classpath] /var/lib/neo4j/lib/jetty-alpn-java-server-12.1.11.jar
                                                                 [classpath] /var/lib/neo4j/lib/netty-common-4.1.136.Final.jar
                                                                 [classpath] /var/lib/neo4j/lib/neo4j-cypher-5.26.29.jar
                                                                 [classpath] /var/lib/neo4j/lib/jersey-server-2.46.jar
                                                                 [classpath] /var/lib/neo4j/lib/cypher-shell-5.26.29.jar
                                                                 [classpath] /var/lib/neo4j/lib/jetty-xml-12.1.11.jar
                                                                 [classpath] /var/lib/neo4j/lib/neo4j-cypher-interpreted-runtime-5.26.29.jar
                                                                 [classpath] /var/lib/neo4j/lib/jline-terminal-jansi-3.21.0.jar
                                                                 [classpath] /var/lib/neo4j/lib/jackson-core-2.22.1.jar
                                                                 [classpath] /var/lib/neo4j/lib/neo4j-java-driver-5.28.14.jar
                                                                 [classpath] /var/lib/neo4j/lib/hk2-api-2.6.1.jar
                                                                 [classpath] /var/lib/neo4j/lib/netty-transport-native-kqueue-4.1.136.Final-osx-x86_64.jar
                                                                 [classpath] /var/lib/neo4j/lib/neo4j-cypher-runtime-util-5.26.29.jar
                                                                 [classpath] /var/lib/neo4j/lib/jetty-http2-common-12.1.11.jar
                                                                 [classpath] /var/lib/neo4j/lib/neo4j-lock-5.26.29.jar
                                                                 [classpath] /var/lib/neo4j/lib/neo4j-collections-5.26.29.jar
                                                                 [classpath] /var/lib/neo4j/lib/neo4j-query-router-5.26.29.jar
                                                                 [classpath] /var/lib/neo4j/lib/jackson-annotations-2.22.jar
                                                                 [classpath] /var/lib/neo4j/lib/neo4j-ast-5.26.29.jar
                                                                 [classpath] /var/lib/neo4j/lib/neo4j-io-5.26.29.jar
                                                                 [classpath] /var/lib/neo4j/lib/parquet-jackson-1.17.1.jar
                                                                 [classpath] /var/lib/neo4j/lib/neo4j-token-api-5.26.29.jar
                                                                 [classpath] /var/lib/neo4j/lib/commons-logging-1.3.4.jar
                                                                 [classpath] /var/lib/neo4j/lib/jakarta.activation-api-1.2.2.jar
                                                                 [classpath] /var/lib/neo4j/plugins/*
                                                                 [classpath] /var/lib/neo4j/lib/jetty-server-12.1.11.jar
                                                                 [classpath] /var/lib/neo4j/lib/commons-configuration2-2.15.1.jar
                                                                 [classpath] /var/lib/neo4j/lib/netty-buffer-4.1.136.Final.jar
                                                                 [classpath] /var/lib/neo4j/lib/jersey-container-servlet-core-2.46.jar
                                                                 [classpath] /var/lib/neo4j/lib/netty-transport-native-epoll-4.1.136.Final-linux-x86_64.jar
                                                                 [classpath] /var/lib/neo4j/lib/neo4j-dbms-5.26.29.jar
                                                                 [classpath] /var/lib/neo4j/lib/netty-codec-http-4.1.136.Final.jar
                                                                 [classpath] /var/lib/neo4j/lib/cypher-v25-antlr-parser-5.26.29.jar
                                                                 [classpath] /var/lib/neo4j/lib/jetty-util-12.1.11.jar
                                                                 [classpath] /var/lib/neo4j/lib/jettison-1.5.4.jar
                                                                 [classpath] /var/lib/neo4j/lib/jakarta.inject-2.6.1.jar
                                                                 [classpath] /var/lib/neo4j/lib/neo4j-push-to-cloud-5.26.29.jar
                                                                 [classpath] /var/lib/neo4j/lib/netty-tcnative-classes-2.0.78.Final.jar
                                                                 [classpath] /var/lib/neo4j/lib/neo4j-graphdb-api-5.26.29.jar
                                                                 [classpath] /var/lib/neo4j/lib/slf4j-api-2.0.9.jar
                                                                 [classpath] /var/lib/neo4j/lib/jline-reader-3.21.0.jar
                                                                 [classpath] /var/lib/neo4j/lib/neo4j-cypher-config-5.26.29.jar
                                                                 [classpath] /var/lib/neo4j/lib/FastInfoset-1.2.16.jar
                                                                 [classpath] /var/lib/neo4j/lib/jackson-jaxrs-json-provider-2.22.1.jar
                                                                 [classpath] /var/lib/neo4j/lib/javassist-3.30.2-GA.jar
                                                                 [classpath] /var/lib/neo4j/lib/neo4j-cypher-cache-5.26.29.jar
                                                                 [classpath] /var/lib/neo4j/lib/neo4j-udc-5.26.29.jar
                                                                 [classpath] /var/lib/neo4j/lib/cypher-parser-factory-5.26.29.jar
                                                                 [classpath] /var/lib/neo4j/lib/cypher-antlr-ast-common-5.26.29.jar
                                                                 [classpath] /var/lib/neo4j/lib/netty-transport-4.1.136.Final.jar
                                                                 [classpath] /var/lib/neo4j/lib/jetty-ee8-webapp-12.1.11.jar
                                                                 [classpath] /var/lib/neo4j/lib/neo4j-cypher-ast-factory-5.26.29.jar
                                                                 [classpath] /var/lib/neo4j/lib/neo4j-util-5.26.29.jar
                                                                 [classpath] /var/lib/neo4j/lib/commons-lang3-3.18.0.jar
                                                                 [classpath] /var/lib/neo4j/lib/neo4j-csv-5.26.29.jar
                                                                 [classpath] /var/lib/neo4j/lib/jackson-databind-2.22.1.jar
                                                                 [classpath] /var/lib/neo4j/lib/scala-reflect-2.13.11.jar
                                                                 [classpath] /var/lib/neo4j/lib/neo4j-cypher-expression-evaluator-5.26.29.jar
                                                                 [classpath] /var/lib/neo4j/lib/jakarta.annotation-api-1.3.5.jar
                                                                 [classpath] /var/lib/neo4j/lib/jctools-core-4.0.5.jar
                                                                 [classpath] /var/lib/neo4j/lib/shiro-crypto-hash-3.0.0.jar
                                                                 [classpath] /var/lib/neo4j/lib/cypher-v25-ast-factory-5.26.29.jar
                                                                 [classpath] /var/lib/neo4j/lib/neo4j-procedure-api-5.26.29.jar
                                                                 [classpath] /var/lib/neo4j/lib/neo4j-common-5.26.29.jar
                                                                 [classpath] /var/lib/neo4j/lib/neo4j-command-line-5.26.29.jar
                                                                 [classpath] /var/lib/neo4j/lib/parquet-hadoop-1.17.1.jar
                                                                 [classpath] /var/lib/neo4j/lib/parquet-format-structures-1.17.1.jar
                                                                 [classpath] /var/lib/neo4j/lib/neo4j-lucene-index-5.26.29.jar
                                                                 [classpath] /var/lib/neo4j/lib/neo4j-procedure-5.26.29.jar
                                                                 [classpath] /var/lib/neo4j/lib/netty-transport-classes-epoll-4.1.136.Final.jar
                                                                 [classpath] /var/lib/neo4j/lib/lucene-core-9.11.1.jar
                                                                
2026-08-25 16:00:17.051+0000 INFO  [o.n.i.d.DiagnosticsManager] 
                                                                --------------------------------------------------------------------------------
                                                                                                [ Library path ]                                
                                                                --------------------------------------------------------------------------------
                                                                /usr/java/packages/lib
                                                                /usr/lib64
                                                                /usr/lib64
                                                                /usr/lib
                                                                /usr/lib
                                                                
2026-08-25 16:00:17.051+0000 INFO  [o.n.i.d.DiagnosticsManager] 
                                                                --------------------------------------------------------------------------------
                                                                                             [ System properties ]                              
                                                                --------------------------------------------------------------------------------
                                                                jdk.tls.rejectClientInitiatedRenegotiation = true
                                                                sun.jnu.encoding = UTF-8
                                                                log4j.layout.jsonTemplate.maxStringLength = 32768
                                                                sun.arch.data.model = 64
                                                                user.timezone = Etc/UTC
                                                                sun.java.launcher = SUN_STANDARD
                                                                sun.boot.library.path = /opt/java/openjdk/lib
                                                                sun.java.command = org.neo4j.server.CommunityEntryPoint --home-dir=/var/lib/neo4j --config-dir=/var/lib/neo4j/conf --console-mode
                                                                jdk.debug = release
                                                                io.netty.tryReflectionSetAccessible = true
                                                                sun.cpu.endian = little
                                                                user.home = /var/lib/neo4j
                                                                user.language = en
                                                                file.separator = /
                                                                jdk.tls.ephemeralDHKeySize = 2048
                                                                sun.management.compiler = HotSpot 64-Bit Tiered Compilers
                                                                user.name = neo4j
                                                                stdout.encoding = UTF-8
                                                                jdk.nio.maxCachedBufferSize = 1024
                                                                path.separator = :
                                                                file.encoding = UTF-8
                                                                jnidispatch.path = /var/lib/neo4j/.cache/JNA/temp/jna1702487320321619697.tmp
                                                                jna.loaded = true
                                                                user.dir = /var/lib/neo4j
                                                                native.encoding = UTF-8
                                                                stderr.encoding = UTF-8
                                                                sun.io.unicode.encoding = UnicodeLittle
                                                                log4j2.disable.jmx = true
                                                                
2026-08-25 16:00:17.051+0000 INFO  [o.n.i.d.DiagnosticsManager] 
                                                                --------------------------------------------------------------------------------
                                                                                      [ (IANA) TimeZone database version ]                      
                                                                --------------------------------------------------------------------------------
                                                                  TimeZone version: 2026b (available for 604 zone identifiers)
                                                                
2026-08-25 16:00:17.052+0000 INFO  [o.n.i.d.DiagnosticsManager] 
                                                                --------------------------------------------------------------------------------
                                                                                            [ Network information ]                             
                                                                --------------------------------------------------------------------------------
                                                                Interface eth0:
                                                                    address: 172.18.0.2
                                                                Interface lo:
                                                                    address: 0:0:0:0:0:0:0:1%lo
                                                                    address: 127.0.0.1
                                                                
2026-08-25 16:00:17.052+0000 INFO  [o.n.i.d.DiagnosticsManager] 
                                                                --------------------------------------------------------------------------------
                                                                                         [ Native access information ]                          
                                                                --------------------------------------------------------------------------------
                                                                Native access details: Linux native access is available.
                                                                
2026-08-25 16:00:17.052+0000 INFO  [o.n.i.d.DiagnosticsManager] 
                                                                --------------------------------------------------------------------------------
                                                                                                [ DBMS config ]                                 
                                                                --------------------------------------------------------------------------------
                                                                DBMS provided settings:
                                                                db.tx_log.rotation.retention_policy=2 days 2G
                                                                server.bolt.enabled=true
                                                                server.default_listen_address=0.0.0.0
                                                                server.directories.import=/var/lib/neo4j/import
                                                                server.directories.logs=/logs
                                                                server.directories.neo4j_home=/var/lib/neo4j
                                                                server.http.enabled=true
                                                                server.https.enabled=false
                                                                server.jvm.additional=-XX:+UseG1GC
-XX:-OmitStackTraceInFastThrow
-XX:+AlwaysPreTouch
-XX:+UnlockExperimentalVMOptions
-XX:+TrustFinalNonStaticFields
-XX:+DisableExplicitGC
-Djdk.nio.maxCachedBufferSize=1024
-Dio.netty.tryReflectionSetAccessible=true
-Djdk.tls.ephemeralDHKeySize=2048
-Djdk.tls.rejectClientInitiatedRenegotiation=true
-XX:FlightRecorderOptions=stackdepth=256
-XX:+UnlockDiagnosticVMOptions
-XX:+DebugNonSafepoints
--add-opens=java.base/java.nio=ALL-UNNAMED
--add-opens=java.base/java.io=ALL-UNNAMED
--add-opens=java.base/sun.nio.ch=ALL-UNNAMED
--enable-native-access=ALL-UNNAMED
-Dlog4j2.disable.jmx=true
-Dlog4j.layout.jsonTemplate.maxStringLength=32768
                                                                server.memory.pagecache.size=512.00MiB
                                                                server.windows_service_name=neo4j
                                                                Directories in use:
                                                                server.directories.data=/var/lib/neo4j/data
                                                                server.directories.dumps.root=/var/lib/neo4j/data/dumps
                                                                server.directories.import=/var/lib/neo4j/import
                                                                server.directories.lib=/var/lib/neo4j/lib
                                                                server.directories.licenses=/var/lib/neo4j/licenses
                                                                server.directories.logs=/logs
                                                                server.directories.neo4j_home=/var/lib/neo4j
                                                                server.directories.plugins=/var/lib/neo4j/plugins
                                                                server.directories.run=/var/lib/neo4j/run
                                                                server.directories.script.root=/var/lib/neo4j/data/scripts
                                                                server.directories.transaction.logs.root=/var/lib/neo4j/data/transactions
                                                                
2026-08-25 16:00:17.052+0000 INFO  [o.n.i.d.DiagnosticsManager] 
                                                                --------------------------------------------------------------------------------
                                                                                                 [ Packaging ]                                  
                                                                --------------------------------------------------------------------------------
                                                                Edition: Community
                                                                Package Type: docker trixie
                                                                
2026-08-25 16:00:17.075+0000 INFO  [o.n.d.i.DefaultIdentityModule] Found ServerId on disk: ServerId{47f3f0d0} (47f3f0d0-ca2e-470e-b67a-d38560e1c59b)
2026-08-25 16:00:17.076+0000 INFO  [o.n.d.i.DefaultIdentityModule] This instance is ServerId{47f3f0d0} (47f3f0d0-ca2e-470e-b67a-d38560e1c59b)
2026-08-25 16:00:18.036+0000 INFO  [o.n.s.CommunityNeoWebServer] ======== Neo4j 5.26.29 ========
2026-08-25 16:00:18.050+0000 INFO  [o.n.d.d.DatabaseLifecycles] Creating 'DatabaseId{00000000[system]}'.
2026-08-25 16:00:18.239+0000 INFO  [o.n.b.BoltServer] Using connector transport epoll
2026-08-25 16:00:18.297+0000 INFO  [o.n.b.BoltServer] Configured external Bolt connector with listener address /0.0.0.0:7687
2026-08-25 16:00:18.299+0000 INFO  [o.n.b.BoltServer] Bolt server loaded
2026-08-25 16:00:18.321+0000 INFO  [o.n.d.d.DatabaseLifecycles] Starting 'DatabaseId{00000000[system]}'.
2026-08-25 16:00:19.004+0000 INFO  [o.n.k.i.t.l.f.c.CheckpointLogFile] [system/00000000] Scanning log file with version 0 for checkpoint entries
2026-08-25 16:00:19.035+0000 INFO  [o.n.k.i.s.f.RecordFormatSelector] [system/00000000] Selected RecordFormat:PageAlignedV5_0[aligned-1.1] record format from store /data/databases/system
2026-08-25 16:00:19.035+0000 INFO  [o.n.k.i.s.f.RecordFormatSelector] [system/00000000] Selected format from the store files: RecordFormat:PageAlignedV5_0[aligned-1.1]
2026-08-25 16:00:19.220+0000 INFO  [o.n.i.d.DiagnosticsManager] [system/00000000] 
                                                                [system/00000000] ********************************************************************************
                                                                [system/00000000]                               [ Database: system ]                              
                                                                [system/00000000] ********************************************************************************
                                                                [system/00000000] --------------------------------------------------------------------------------
                                                                [system/00000000]                                   [ Version ]                                   
                                                                [system/00000000] --------------------------------------------------------------------------------
                                                                [system/00000000] DBMS: community record-aligned-1.1
                                                                [system/00000000] Kernel version: 5.26.29
                                                                [system/00000000] 
                                                                [system/00000000] --------------------------------------------------------------------------------
                                                                [system/00000000]                                 [ Store files ]                                 
                                                                [system/00000000] --------------------------------------------------------------------------------
                                                                [system/00000000] Disk space on partition (Total / Free / Free %): 105086115840 / 69726478336 / 66
                                                                [system/00000000] Storage files stored on file store: ext4
                                                                [system/00000000] Storage files: (filename : modification date - size)
                                                                [system/00000000]   database_lock: 2026-08-23 20:48:37.143+0000 - 0B
                                                                [system/00000000]   neostore: 2026-08-23 20:48:37.038+0000 - 8.000KiB
                                                                [system/00000000]   neostore.counts.db: 2026-08-25 16:00:19.116+0000 - 48.00KiB
                                                                [system/00000000]   neostore.indexstats.db: 2026-08-25 16:00:19.133+0000 - 48.00KiB
                                                                [system/00000000]   neostore.labeltokenstore.db: 2026-08-23 21:03:47.294+0000 - 8.000KiB
                                                                [system/00000000]   neostore.labeltokenstore.db.id: 2026-08-25 16:00:19.094+0000 - 40.00KiB
                                                                [system/00000000]   neostore.labeltokenstore.db.names: 2026-08-23 21:03:47.299+0000 - 8.000KiB
                                                                [system/00000000]   neostore.labeltokenstore.db.names.id: 2026-08-25 16:00:19.092+0000 - 40.00KiB
                                                                [system/00000000]   neostore.nodestore.db: 2026-08-23 21:03:47.301+0000 - 8.000KiB
                                                                [system/00000000]   neostore.nodestore.db.id: 2026-08-25 16:00:19.071+0000 - 40.00KiB
                                                                [system/00000000]   neostore.nodestore.db.labels: 2026-08-23 20:48:36.986+0000 - 8.000KiB
                                                                [system/00000000]   neostore.nodestore.db.labels.id: 2026-08-25 16:00:19.065+0000 - 40.00KiB
                                                                [system/00000000]   neostore.propertystore.db: 2026-08-23 21:03:47.296+0000 - 8.000KiB
                                                                [system/00000000]   neostore.propertystore.db.arrays: 2026-08-23 20:48:37.008+0000 - 8.000KiB
                                                                [system/00000000]   neostore.propertystore.db.arrays.id: 2026-08-25 16:00:19.080+0000 - 40.00KiB
                                                                [system/00000000]   neostore.propertystore.db.id: 2026-08-25 16:00:19.082+0000 - 40.00KiB
                                                                [system/00000000]   neostore.propertystore.db.index: 2026-08-23 21:03:47.297+0000 - 8.000KiB
                                                                [system/00000000]   neostore.propertystore.db.index.id: 2026-08-25 16:00:19.076+0000 - 40.00KiB
                                                                [system/00000000]   neostore.propertystore.db.index.keys: 2026-08-23 21:03:47.304+0000 - 8.000KiB
                                                                [system/00000000]   neostore.propertystore.db.index.keys.id: 2026-08-25 16:00:19.073+0000 - 40.00KiB
                                                                [system/00000000]   neostore.propertystore.db.strings: 2026-08-23 21:03:47.303+0000 - 8.000KiB
                                                                [system/00000000]   neostore.propertystore.db.strings.id: 2026-08-25 16:00:19.078+0000 - 40.00KiB
                                                                [system/00000000]   neostore.relationshipgroupstore.db: 2026-08-23 20:48:37.029+0000 - 8.000KiB
                                                                [system/00000000]   neostore.relationshipgroupstore.db.id: 2026-08-25 16:00:19.098+0000 - 40.00KiB
                                                                [system/00000000]   neostore.relationshipgroupstore.degrees.db: 2026-08-25 16:00:19.127+0000 - 40.00KiB
                                                                [system/00000000]   neostore.relationshipstore.db: 2026-08-23 21:03:47.299+0000 - 8.000KiB
                                                                [system/00000000]   neostore.relationshipstore.db.id: 2026-08-25 16:00:19.085+0000 - 40.00KiB
                                                                [system/00000000]   neostore.relationshiptypestore.db: 2026-08-23 21:03:47.305+0000 - 8.000KiB
                                                                [system/00000000]   neostore.relationshiptypestore.db.id: 2026-08-25 16:00:19.089+0000 - 40.00KiB
                                                                [system/00000000]   neostore.relationshiptypestore.db.names: 2026-08-23 21:03:47.293+0000 - 8.000KiB
                                                                [system/00000000]   neostore.relationshiptypestore.db.names.id: 2026-08-25 16:00:19.087+0000 - 40.00KiB
                                                                [system/00000000]   neostore.schemastore.db: 2026-08-23 21:03:47.298+0000 - 8.000KiB
                                                                [system/00000000]   neostore.schemastore.db.id: 2026-08-25 16:00:19.096+0000 - 40.00KiB
                                                                [system/00000000]   schema:
                                                                [system/00000000]     index:
                                                                [system/00000000]       range-1.0:
                                                                [system/00000000]         3:
                                                                [system/00000000]           index-3: 2026-08-25 15:59:41.998+0000 - 48.00KiB
                                                                [system/00000000]         - Total: 2026-08-23 20:48:37.561+0000 - 48.00KiB
                                                                [system/00000000]         4:
                                                                [system/00000000]           index-4: 2026-08-25 15:59:41.999+0000 - 48.00KiB
                                                                [system/00000000]         - Total: 2026-08-23 20:48:37.606+0000 - 48.00KiB
                                                                [system/00000000]         7:
                                                                [system/00000000]           index-7: 2026-08-25 15:59:42.000+0000 - 48.00KiB
                                                                [system/00000000]         - Total: 2026-08-23 20:48:37.778+0000 - 48.00KiB
                                                                [system/00000000]         8:
                                                                [system/00000000]           index-8: 2026-08-25 15:59:42.001+0000 - 48.00KiB
                                                                [system/00000000]         - Total: 2026-08-23 20:48:37.802+0000 - 48.00KiB
                                                                [system/00000000]         9:
                                                                [system/00000000]           index-9: 2026-08-25 15:59:42.002+0000 - 48.00KiB
                                                                [system/00000000]         - Total: 2026-08-23 20:48:37.827+0000 - 48.00KiB
                                                                [system/00000000]       - Total: 2026-08-23 20:48:37.827+0000 - 240.0KiB
                                                                [system/00000000]       token-lookup-1.0:
                                                                [system/00000000]         1:
                                                                [system/00000000]           index-1: 2026-08-25 15:59:41.995+0000 - 48.00KiB
                                                                [system/00000000]         - Total: 2026-08-23 20:48:37.324+0000 - 48.00KiB
                                                                [system/00000000]         2:
                                                                [system/00000000]           index-2: 2026-08-25 15:59:41.997+0000 - 48.00KiB
                                                                [system/00000000]         - Total: 2026-08-23 20:48:37.364+0000 - 48.00KiB
                                                                [system/00000000]       - Total: 2026-08-23 20:48:37.364+0000 - 96.00KiB
                                                                [system/00000000]     - Total: 2026-08-23 20:48:37.561+0000 - 336.0KiB
                                                                [system/00000000]   - Total: 2026-08-23 20:48:37.322+0000 - 336.0KiB
                                                                [system/00000000] Storage summary: 
                                                                [system/00000000]   Total size of store: 1.125MiB
                                                                [system/00000000]   Total size of mapped files: 456.0KiB
                                                                [system/00000000] 
                                                                [system/00000000] --------------------------------------------------------------------------------
                                                                [system/00000000]                               [ Transaction log ]                               
                                                                [system/00000000] --------------------------------------------------------------------------------
                                                                [system/00000000] Transaction log files stored on file store: ext4
                                                                [system/00000000] Transaction log metadata:
                                                                [system/00000000]  - current kernel version used in transactions: V5_25
                                                                [system/00000000]  - last committed transaction id: 41
                                                                [system/00000000] Transaction log files:
                                                                [system/00000000]  - existing transaction log versions: 0-0
                                                                [system/00000000]  - oldest append index 2 found in log with version 0
                                                                [system/00000000]  - files: (filename : creation date - size)
                                                                [system/00000000]      neostore.transaction.db.0: 2026-08-23 20:48:37.155+0000 - 256.0MiB
                                                                [system/00000000]  - total size of files: 256.0MiB
                                                                [system/00000000] Checkpoint log files:
                                                                [system/00000000]  - existing checkpoint log versions: 0-0
                                                                [system/00000000]  - last checkpoint: CheckpointInfo[oldestNotVisibleTransactionLogPosition=LogPosition{logVersion=0, byteOffset=24028}, transactionLogPosition=LogPosition{logVersion=0, byteOffset=24028}, storeId=StoreId{creationTime=1787518117037, random=-1085881962731566221, storageEngineName='record', formatName='aligned', majorVersion=1, minorVersion=1}, checkpointEntryPosition=LogPosition{logVersion=0, byteOffset=1288}, channelPositionAfterCheckpoint=LogPosition{logVersion=0, byteOffset=1520}, checkpointFilePostReadPosition=LogPosition{logVersion=0, byteOffset=1520}, kernelVersion=KernelVersion{V5_25,version=20}, kernelVersionByte=20, transactionId=TransactionId[id=41, appendIndex=41, kernelVersion=KernelVersion{V5_25,version=20}, checksum=-119534126, commitTimestamp=1787518117868, consensusIndex=-1], appendIndex=41, reason=Checkpoint triggered by "Database shutdown" @ txId: 41, append index: 41, consensusIndexInCheckpoint=true]
                                                                [system/00000000] 
                                                                [system/00000000] --------------------------------------------------------------------------------
                                                                [system/00000000]                                   [ Id usage ]                                  
                                                                [system/00000000] --------------------------------------------------------------------------------
                                                                [system/00000000] ArrayPropertyStore[neostore.nodestore.db.labels]: used=1 high=0
                                                                [system/00000000] NodeStore[neostore.nodestore.db]: used=7 high=6
                                                                [system/00000000] StringPropertyStore[neostore.propertystore.db.index.keys]: used=47 high=46
                                                                [system/00000000] PropertyIndexStore[neostore.propertystore.db.index]: used=33 high=32
                                                                [system/00000000] StringPropertyStore[neostore.propertystore.db.strings]: used=3 high=2
                                                                [system/00000000] ArrayPropertyStore[neostore.propertystore.db.arrays]: used=1 high=0
                                                                [system/00000000] PropertyStore[neostore.propertystore.db]: used=73 high=72
                                                                [system/00000000] RelationshipStore[neostore.relationshipstore.db]: used=3 high=2
                                                                [system/00000000] StringPropertyStore[neostore.relationshiptypestore.db.names]: used=3 high=2
                                                                [system/00000000] RelationshipTypeStore[neostore.relationshiptypestore.db]: used=2 high=1
                                                                [system/00000000] StringPropertyStore[neostore.labeltokenstore.db.names]: used=6 high=5
                                                                [system/00000000] LabelTokenStore[neostore.labeltokenstore.db]: used=5 high=4
                                                                [system/00000000] SchemaStore[neostore.schemastore.db]: used=13 high=12
                                                                [system/00000000] RelationshipGroupStore[neostore.relationshipgroupstore.db]: used=1 high=0
                                                                [system/00000000] NeoStore[neostore]: used=-1 high=-1
                                                                [system/00000000] 
                                                                [system/00000000] --------------------------------------------------------------------------------
                                                                [system/00000000]                                   [ Metadata ]                                  
                                                                [system/00000000] --------------------------------------------------------------------------------
                                                                [system/00000000] EXTERNAL_STORE_UUID (Database identifier exposed as external store identity. Generated on creation and never updated): f5971134-e6be-4e06-b1c0-3e1537d4a1e6
                                                                [system/00000000] DATABASE_ID (The last used DatabaseId for this database): null
                                                                [system/00000000] LEGACY_STORE_VERSION (Legacy store format version. This field is used from 5.0 onwards only to distinguish non-migrated pre 5.0 metadata stores.): -3523014627327384477
                                                                [system/00000000] STORE_ID (Store ID): StoreId{creationTime=1787518117037, random=-1085881962731566221, storageEngineName='record', formatName='aligned', majorVersion=1, minorVersion=1}
                                                                [system/00000000] 
2026-08-25 16:00:19.295+0000 INFO  [o.n.k.i.a.i.IndexingService] [system/00000000] IndexingService.init: indexes not specifically mentioned above are ONLINE. Total 7 indexes. Processed in 39ms
2026-08-25 16:00:19.297+0000 INFO  [o.n.k.a.DatabaseAvailabilityGuard] [system/00000000] Requirement `Database unavailable` makes database system unavailable.
2026-08-25 16:00:19.298+0000 INFO  [o.n.k.a.DatabaseAvailabilityGuard] [system/00000000] DatabaseId{00000000[system]} is unavailable.
2026-08-25 16:00:19.303+0000 INFO  [o.n.k.d.Database] [system/00000000] Starting transaction log [/data/transactions/system/neostore.transaction.db.0] at version=0
2026-08-25 16:00:19.306+0000 INFO  [o.n.k.d.Database] [system/00000000] Starting transaction log [/data/transactions/system/checkpoint.0] at version=0
2026-08-25 16:00:19.307+0000 INFO  [o.n.k.i.t.l.f.c.CheckpointLogFile] [system/00000000] Scanning log file with version 0 for checkpoint entries
2026-08-25 16:00:19.311+0000 INFO  [o.n.k.i.a.i.IndexingService] [system/00000000] IndexingService.start: indexes not specifically mentioned above are ONLINE. Total 7 indexes. Processed in 0ms
2026-08-25 16:00:19.317+0000 INFO  [o.n.k.a.DatabaseAvailabilityGuard] [system/00000000] Fulfilling of requirement 'Database unavailable' makes database system available.
2026-08-25 16:00:19.317+0000 INFO  [o.n.k.a.DatabaseAvailabilityGuard] [system/00000000] DatabaseId{00000000[system]} is ready.
2026-08-25 16:00:19.407+0000 INFO  [o.n.s.s.s.UserSecurityGraphComponent] Performing postInitialization step for component 'security-users' with version 5 and status CURRENT
2026-08-25 16:00:19.407+0000 INFO  [o.n.s.s.s.UserSecurityGraphComponent] Updating the initial password in component 'security-users'
2026-08-25 16:00:19.421+0000 INFO  [o.n.d.d.DatabaseLifecycles] Creating 'DatabaseId{7efa7199[neo4j]}'.
2026-08-25 16:00:19.424+0000 INFO  [o.n.d.d.DatabaseLifecycles] Starting 'DatabaseId{7efa7199[neo4j]}'.
2026-08-25 16:00:19.431+0000 INFO  [o.n.k.i.t.l.f.c.CheckpointLogFile] [neo4j/7efa7199] Scanning log file with version 0 for checkpoint entries
2026-08-25 16:00:19.441+0000 INFO  [o.n.k.i.s.f.RecordFormatSelector] [neo4j/7efa7199] Selected RecordFormat:PageAlignedV5_0[aligned-1.1] record format from store /data/databases/neo4j
2026-08-25 16:00:19.441+0000 INFO  [o.n.k.i.s.f.RecordFormatSelector] [neo4j/7efa7199] Selected format from the store files: RecordFormat:PageAlignedV5_0[aligned-1.1]
2026-08-25 16:00:19.483+0000 INFO  [o.n.i.d.DiagnosticsManager] [neo4j/7efa7199] 
                                                                [neo4j/7efa7199] ********************************************************************************
                                                                [neo4j/7efa7199]                               [ Database: neo4j ]                               
                                                                [neo4j/7efa7199] ********************************************************************************
                                                                [neo4j/7efa7199] --------------------------------------------------------------------------------
                                                                [neo4j/7efa7199]                                   [ Version ]                                   
                                                                [neo4j/7efa7199] --------------------------------------------------------------------------------
                                                                [neo4j/7efa7199] DBMS: community record-aligned-1.1
                                                                [neo4j/7efa7199] Kernel version: 5.26.29
                                                                [neo4j/7efa7199] 
                                                                [neo4j/7efa7199] --------------------------------------------------------------------------------
                                                                [neo4j/7efa7199]                                 [ Store files ]                                 
                                                                [neo4j/7efa7199] --------------------------------------------------------------------------------
                                                                [neo4j/7efa7199] Disk space on partition (Total / Free / Free %): 105086115840 / 69726457856 / 66
                                                                [neo4j/7efa7199] Storage files stored on file store: ext4
                                                                [neo4j/7efa7199] Storage files: (filename : modification date - size)
                                                                [neo4j/7efa7199]   database_lock: 2026-08-23 20:48:37.923+0000 - 0B
                                                                [neo4j/7efa7199]   neostore: 2026-08-23 20:48:37.913+0000 - 8.000KiB
                                                                [neo4j/7efa7199]   neostore.counts.db: 2026-08-25 16:00:19.469+0000 - 48.00KiB
                                                                [neo4j/7efa7199]   neostore.indexstats.db: 2026-08-25 16:00:19.472+0000 - 48.00KiB
                                                                [neo4j/7efa7199]   neostore.labeltokenstore.db: 2026-08-23 21:03:48.023+0000 - 8.000KiB
                                                                [neo4j/7efa7199]   neostore.labeltokenstore.db.id: 2026-08-25 16:00:19.461+0000 - 40.00KiB
                                                                [neo4j/7efa7199]   neostore.labeltokenstore.db.names: 2026-08-23 21:03:48.045+0000 - 8.000KiB
                                                                [neo4j/7efa7199]   neostore.labeltokenstore.db.names.id: 2026-08-25 16:00:19.459+0000 - 40.00KiB
                                                                [neo4j/7efa7199]   neostore.nodestore.db: 2026-08-25 15:59:41.926+0000 - 8.000KiB
                                                                [neo4j/7efa7199]   neostore.nodestore.db.id: 2026-08-25 16:00:19.443+0000 - 48.00KiB
                                                                [neo4j/7efa7199]   neostore.nodestore.db.labels: 2026-08-23 20:48:37.882+0000 - 8.000KiB
                                                                [neo4j/7efa7199]   neostore.nodestore.db.labels.id: 2026-08-25 16:00:19.441+0000 - 40.00KiB
                                                                [neo4j/7efa7199]   neostore.propertystore.db: 2026-08-25 15:59:41.923+0000 - 176.0KiB
                                                                [neo4j/7efa7199]   neostore.propertystore.db.arrays: 2026-08-23 20:48:37.895+0000 - 8.000KiB
                                                                [neo4j/7efa7199]   neostore.propertystore.db.arrays.id: 2026-08-25 16:00:19.450+0000 - 40.00KiB
                                                                [neo4j/7efa7199]   neostore.propertystore.db.id: 2026-08-25 16:00:19.452+0000 - 48.00KiB
                                                                [neo4j/7efa7199]   neostore.propertystore.db.index: 2026-08-25 14:23:07.753+0000 - 8.000KiB
                                                                [neo4j/7efa7199]   neostore.propertystore.db.index.id: 2026-08-25 16:00:19.447+0000 - 48.00KiB
                                                                [neo4j/7efa7199]   neostore.propertystore.db.index.keys: 2026-08-25 14:23:07.756+0000 - 8.000KiB
                                                                [neo4j/7efa7199]   neostore.propertystore.db.index.keys.id: 2026-08-25 16:00:19.445+0000 - 40.00KiB
                                                                [neo4j/7efa7199]   neostore.propertystore.db.strings: 2026-08-25 15:59:41.917+0000 - 256.0KiB
                                                                [neo4j/7efa7199]   neostore.propertystore.db.strings.id: 2026-08-25 16:00:19.449+0000 - 48.00KiB
                                                                [neo4j/7efa7199]   neostore.relationshipgroupstore.db: 2026-08-25 14:59:54.641+0000 - 8.000KiB
                                                                [neo4j/7efa7199]   neostore.relationshipgroupstore.db.id: 2026-08-25 16:00:19.465+0000 - 48.00KiB
                                                                [neo4j/7efa7199]   neostore.relationshipgroupstore.degrees.db: 2026-08-25 16:00:19.471+0000 - 48.00KiB
                                                                [neo4j/7efa7199]   neostore.relationshipstore.db: 2026-08-25 15:55:24.740+0000 - 32.00KiB
                                                                [neo4j/7efa7199]   neostore.relationshipstore.db.id: 2026-08-25 16:00:19.454+0000 - 48.00KiB
                                                                [neo4j/7efa7199]   neostore.relationshiptypestore.db: 2026-08-23 21:03:48.033+0000 - 8.000KiB
                                                                [neo4j/7efa7199]   neostore.relationshiptypestore.db.id: 2026-08-25 16:00:19.457+0000 - 40.00KiB
                                                                [neo4j/7efa7199]   neostore.relationshiptypestore.db.names: 2026-08-23 21:03:48.040+0000 - 8.000KiB
                                                                [neo4j/7efa7199]   neostore.relationshiptypestore.db.names.id: 2026-08-25 16:00:19.455+0000 - 40.00KiB
                                                                [neo4j/7efa7199]   neostore.schemastore.db: 2026-08-23 20:48:38.058+0000 - 8.000KiB
                                                                [neo4j/7efa7199]   neostore.schemastore.db.id: 2026-08-25 16:00:19.462+0000 - 40.00KiB
                                                                [neo4j/7efa7199]   schema:
                                                                [neo4j/7efa7199]     index:
                                                                [neo4j/7efa7199]       token-lookup-1.0:
                                                                [neo4j/7efa7199]         1:
                                                                [neo4j/7efa7199]           index-1: 2026-08-25 15:59:41.931+0000 - 48.00KiB
                                                                [neo4j/7efa7199]         - Total: 2026-08-23 20:48:37.946+0000 - 48.00KiB
                                                                [neo4j/7efa7199]         2:
                                                                [neo4j/7efa7199]           index-2: 2026-08-25 15:59:41.932+0000 - 48.00KiB
                                                                [neo4j/7efa7199]         - Total: 2026-08-23 20:48:37.959+0000 - 48.00KiB
                                                                [neo4j/7efa7199]       - Total: 2026-08-23 20:48:37.959+0000 - 96.00KiB
                                                                [neo4j/7efa7199]     - Total: 2026-08-23 20:48:37.946+0000 - 96.00KiB
                                                                [neo4j/7efa7199]   - Total: 2026-08-23 20:48:37.946+0000 - 96.00KiB
                                                                [neo4j/7efa7199] Storage summary: 
                                                                [neo4j/7efa7199]   Total size of store: 1.375MiB
                                                                [neo4j/7efa7199]   Total size of mapped files: 656.0KiB
                                                                [neo4j/7efa7199] 
                                                                [neo4j/7efa7199] --------------------------------------------------------------------------------
                                                                [neo4j/7efa7199]                               [ Transaction log ]                               
                                                                [neo4j/7efa7199] --------------------------------------------------------------------------------
                                                                [neo4j/7efa7199] Transaction log files stored on file store: ext4
                                                                [neo4j/7efa7199] Transaction log metadata:
                                                                [neo4j/7efa7199]  - current kernel version used in transactions: V5_25
                                                                [neo4j/7efa7199]  - last committed transaction id: 613
                                                                [neo4j/7efa7199] Transaction log files:
                                                                [neo4j/7efa7199]  - existing transaction log versions: 0-0
                                                                [neo4j/7efa7199]  - oldest append index 2 found in log with version 0
                                                                [neo4j/7efa7199]  - files: (filename : creation date - size)
                                                                [neo4j/7efa7199]      neostore.transaction.db.0: 2026-08-23 20:48:37.925+0000 - 256.0MiB
                                                                [neo4j/7efa7199]  - total size of files: 256.0MiB
                                                                [neo4j/7efa7199] Checkpoint log files:
                                                                [neo4j/7efa7199]  - existing checkpoint log versions: 0-0
                                                                [neo4j/7efa7199]  - last checkpoint: CheckpointInfo[oldestNotVisibleTransactionLogPosition=LogPosition{logVersion=0, byteOffset=1700461}, transactionLogPosition=LogPosition{logVersion=0, byteOffset=1700461}, storeId=StoreId{creationTime=1787518117914, random=1502559886532048127, storageEngineName='record', formatName='aligned', majorVersion=1, minorVersion=1}, checkpointEntryPosition=LogPosition{logVersion=0, byteOffset=2680}, channelPositionAfterCheckpoint=LogPosition{logVersion=0, byteOffset=2912}, checkpointFilePostReadPosition=LogPosition{logVersion=0, byteOffset=2912}, kernelVersion=KernelVersion{V5_25,version=20}, kernelVersionByte=20, transactionId=TransactionId[id=613, appendIndex=613, kernelVersion=KernelVersion{V5_25,version=20}, checksum=-1244259095, commitTimestamp=1787673557527, consensusIndex=-1], appendIndex=613, reason=Checkpoint triggered by "Database shutdown" @ txId: 613, append index: 613, consensusIndexInCheckpoint=true]
                                                                [neo4j/7efa7199] 
                                                                [neo4j/7efa7199] --------------------------------------------------------------------------------
                                                                [neo4j/7efa7199]                                   [ Id usage ]                                  
                                                                [neo4j/7efa7199] --------------------------------------------------------------------------------
                                                                [neo4j/7efa7199] ArrayPropertyStore[neostore.nodestore.db.labels]: used=1 high=0
                                                                [neo4j/7efa7199] NodeStore[neostore.nodestore.db]: used=431 high=430
                                                                [neo4j/7efa7199] StringPropertyStore[neostore.propertystore.db.index.keys]: used=53 high=52
                                                                [neo4j/7efa7199] PropertyIndexStore[neostore.propertystore.db.index]: used=43 high=42
                                                                [neo4j/7efa7199] StringPropertyStore[neostore.propertystore.db.strings]: used=1987 high=1986
                                                                [neo4j/7efa7199] ArrayPropertyStore[neostore.propertystore.db.arrays]: used=1 high=0
                                                                [neo4j/7efa7199] PropertyStore[neostore.propertystore.db]: used=4204 high=4203
                                                                [neo4j/7efa7199] RelationshipStore[neostore.relationshipstore.db]: used=844 high=843
                                                                [neo4j/7efa7199] StringPropertyStore[neostore.relationshiptypestore.db.names]: used=4 high=3
                                                                [neo4j/7efa7199] RelationshipTypeStore[neostore.relationshiptypestore.db]: used=3 high=2
                                                                [neo4j/7efa7199] StringPropertyStore[neostore.labeltokenstore.db.names]: used=5 high=4
                                                                [neo4j/7efa7199] LabelTokenStore[neostore.labeltokenstore.db]: used=4 high=3
                                                                [neo4j/7efa7199] SchemaStore[neostore.schemastore.db]: used=3 high=2
                                                                [neo4j/7efa7199] RelationshipGroupStore[neostore.relationshipgroupstore.db]: used=11 high=10
                                                                [neo4j/7efa7199] NeoStore[neostore]: used=-1 high=-1
                                                                [neo4j/7efa7199] 
                                                                [neo4j/7efa7199] --------------------------------------------------------------------------------
                                                                [neo4j/7efa7199]                                   [ Metadata ]                                  
                                                                [neo4j/7efa7199] --------------------------------------------------------------------------------
                                                                [neo4j/7efa7199] EXTERNAL_STORE_UUID (Database identifier exposed as external store identity. Generated on creation and never updated): 9398bedf-9e18-4801-997f-e5e31b48f286
                                                                [neo4j/7efa7199] DATABASE_ID (The last used DatabaseId for this database): null
                                                                [neo4j/7efa7199] LEGACY_STORE_VERSION (Legacy store format version. This field is used from 5.0 onwards only to distinguish non-migrated pre 5.0 metadata stores.): -3523014627327384477
                                                                [neo4j/7efa7199] STORE_ID (Store ID): StoreId{creationTime=1787518117914, random=1502559886532048127, storageEngineName='record', formatName='aligned', majorVersion=1, minorVersion=1}
                                                                [neo4j/7efa7199] 
2026-08-25 16:00:19.492+0000 INFO  [o.n.k.i.a.i.IndexingService] [neo4j/7efa7199] IndexingService.init: indexes not specifically mentioned above are ONLINE. Total 2 indexes. Processed in 4ms
2026-08-25 16:00:19.492+0000 INFO  [o.n.k.a.DatabaseAvailabilityGuard] [neo4j/7efa7199] Requirement `Database unavailable` makes database neo4j unavailable.
2026-08-25 16:00:19.492+0000 INFO  [o.n.k.a.DatabaseAvailabilityGuard] [neo4j/7efa7199] DatabaseId{7efa7199[neo4j]} is unavailable.
2026-08-25 16:00:19.493+0000 INFO  [o.n.k.d.Database] [neo4j/7efa7199] Starting transaction log [/data/transactions/neo4j/neostore.transaction.db.0] at version=0
2026-08-25 16:00:19.495+0000 INFO  [o.n.k.d.Database] [neo4j/7efa7199] Starting transaction log [/data/transactions/neo4j/checkpoint.0] at version=0
2026-08-25 16:00:19.496+0000 INFO  [o.n.k.i.t.l.f.c.CheckpointLogFile] [neo4j/7efa7199] Scanning log file with version 0 for checkpoint entries
2026-08-25 16:00:19.499+0000 INFO  [o.n.k.i.a.i.IndexingService] [neo4j/7efa7199] IndexingService.start: indexes not specifically mentioned above are ONLINE. Total 2 indexes. Processed in 0ms
2026-08-25 16:00:19.500+0000 INFO  [o.n.k.a.DatabaseAvailabilityGuard] [neo4j/7efa7199] Fulfilling of requirement 'Database unavailable' makes database neo4j available.
2026-08-25 16:00:19.500+0000 INFO  [o.n.k.a.DatabaseAvailabilityGuard] [neo4j/7efa7199] DatabaseId{7efa7199[neo4j]} is ready.
2026-08-25 16:00:19.500+0000 INFO  [o.n.u.UserDataCollector] Anonymous Usage Data is being sent to Neo4j, see https://neo4j.com/docs/usage-data/
2026-08-25 16:00:19.538+0000 INFO  [o.n.b.p.c.c.n.SocketNettyConnector] Bolt enabled on 0.0.0.0:7687.
2026-08-25 16:00:19.539+0000 WARN  [i.n.b.ServerBootstrap] Unknown channel option 'SO_REUSEADDR' for channel '[id: 0x4111eed1]' of type 'class io.netty.channel.local.LocalServerChannel'
2026-08-25 16:00:19.544+0000 INFO  [o.n.b.BoltServer] Bolt server started
2026-08-25 16:00:19.544+0000 INFO  [o.n.s.A.ServerComponentsLifecycleAdapter] Starting web server
2026-08-25 16:00:20.803+0000 INFO  [o.n.s.CommunityNeoWebServer] HTTP enabled on 0.0.0.0:7474.
2026-08-25 16:00:20.803+0000 INFO  [o.n.s.CommunityNeoWebServer] Remote interface available at http://localhost:7474/
2026-08-25 16:00:20.803+0000 INFO  [o.n.s.A.ServerComponentsLifecycleAdapter] Web server started.
2026-08-25 16:00:20.805+0000 INFO  [o.n.g.f.DatabaseManagementServiceFactory] id: F2D2C5DE77BE3C34B9607B923BB3D2B15214427F692CFA39DE25B6B8CAB44B79
2026-08-25 16:00:20.806+0000 INFO  [o.n.g.f.DatabaseManagementServiceFactory] name: system
2026-08-25 16:00:20.806+0000 INFO  [o.n.g.f.DatabaseManagementServiceFactory] creationDate: 2026-08-23T20:48:37.037Z
2026-08-25 16:15:40.971+0000 INFO  [o.n.g.f.DatabaseManagementServiceFactory] Shutdown started
2026-08-25 16:15:40.989+0000 INFO  [o.n.b.BoltServer] Requested Bolt server shutdown
2026-08-25 16:15:40.989+0000 INFO  [o.n.b.p.c.c.ConnectionRegistry] Stopping remaining idle connections for connector bolt-local
2026-08-25 16:15:40.989+0000 INFO  [o.n.b.p.c.c.ConnectionRegistry] Stopped 0 idling connections for connector bolt-local
2026-08-25 16:15:40.992+0000 INFO  [o.n.b.p.c.c.ConnectionRegistry] Stopping remaining idle connections for connector bolt
2026-08-25 16:15:40.992+0000 INFO  [o.n.b.p.c.c.ConnectionRegistry] Stopped 0 idling connections for connector bolt
2026-08-25 16:15:40.992+0000 INFO  [o.n.d.d.DatabaseLifecycles] Stopping 'DatabaseId{7efa7199[neo4j]}'.
2026-08-25 16:15:40.997+0000 INFO  [o.n.k.a.DatabaseAvailabilityGuard] [neo4j/7efa7199] Requirement `Database unavailable` makes database neo4j unavailable.
2026-08-25 16:15:40.997+0000 INFO  [o.n.k.a.DatabaseAvailabilityGuard] [neo4j/7efa7199] DatabaseId{7efa7199[neo4j]} is unavailable.
2026-08-25 16:15:40.998+0000 INFO  [o.n.k.d.Database] [neo4j/7efa7199] Waiting for closing transactions.
2026-08-25 16:15:40.998+0000 INFO  [o.n.k.d.Database] [neo4j/7efa7199] All transactions are closed.
2026-08-25 16:15:41.000+0000 INFO  [o.n.k.i.t.l.c.CheckPointerImpl] [neo4j/7efa7199] Checkpoint triggered by "Database shutdown" @ txId: 613, append index: 613 checkpoint started...
2026-08-25 16:15:41.040+0000 INFO  [o.n.k.i.t.l.c.CheckPointerImpl] [neo4j/7efa7199] Checkpoint triggered by "Database shutdown" @ txId: 613, append index: 613 checkpoint completed in 39ms. Checkpoint flushed 27 pages (0% of total available pages), in 27 IOs. Checkpoint performed with IO limit: unlimited, paused in total 0 times( 0 millis).
2026-08-25 16:15:41.043+0000 INFO  [o.n.k.i.t.l.p.LogPruningImpl] [neo4j/7efa7199] No log version pruned. The strategy used was '2 days 2147483648 size'. 
2026-08-25 16:15:41.079+0000 INFO  [o.n.d.d.DatabaseLifecycles] Stopped 'DatabaseId{7efa7199[neo4j]}' successfully.
2026-08-25 16:15:41.079+0000 INFO  [o.n.d.d.DatabaseLifecycles] Stopping 'DatabaseId{00000000[system]}'.
2026-08-25 16:15:41.080+0000 INFO  [o.n.k.a.DatabaseAvailabilityGuard] [system/00000000] Requirement `Database unavailable` makes database system unavailable.
2026-08-25 16:15:41.080+0000 INFO  [o.n.k.a.DatabaseAvailabilityGuard] [system/00000000] DatabaseId{00000000[system]} is unavailable.
2026-08-25 16:15:41.080+0000 INFO  [o.n.k.d.Database] [system/00000000] Waiting for closing transactions.
2026-08-25 16:15:41.081+0000 INFO  [o.n.k.d.Database] [system/00000000] All transactions are closed.
2026-08-25 16:15:41.081+0000 INFO  [o.n.k.i.t.l.c.CheckPointerImpl] [system/00000000] Checkpoint triggered by "Database shutdown" @ txId: 41, append index: 41 checkpoint started...
2026-08-25 16:15:41.111+0000 INFO  [o.n.k.i.t.l.c.CheckPointerImpl] [system/00000000] Checkpoint triggered by "Database shutdown" @ txId: 41, append index: 41 checkpoint completed in 30ms. Checkpoint flushed 28 pages (0% of total available pages), in 28 IOs. Checkpoint performed with IO limit: unlimited, paused in total 0 times( 0 millis).
2026-08-25 16:15:41.111+0000 INFO  [o.n.k.i.t.l.p.LogPruningImpl] [system/00000000] No log version pruned. The strategy used was '2 days 2147483648 size'. 
2026-08-25 16:15:41.138+0000 INFO  [o.n.d.d.DatabaseLifecycles] Stopped 'DatabaseId{00000000[system]}' successfully.
2026-08-25 16:15:41.139+0000 INFO  [o.n.b.BoltServer] Shutting down Bolt server
2026-08-25 16:15:46.149+0000 INFO  [o.n.b.p.c.c.ConnectionRegistry] Stopping 0 connections for connector bolt-local
2026-08-25 16:15:46.150+0000 INFO  [o.n.b.p.c.c.ConnectionRegistry] Stopped all remaining connections for connector bolt-local
2026-08-25 16:15:46.153+0000 INFO  [o.n.b.p.c.c.ConnectionRegistry] Stopping 0 connections for connector bolt
2026-08-25 16:15:46.153+0000 INFO  [o.n.b.p.c.c.ConnectionRegistry] Stopped all remaining connections for connector bolt
2026-08-25 16:16:13.956+0000 INFO  [o.n.g.f.m.GlobalModule] Logging config in use: File '/var/lib/neo4j/conf/server-logs.xml'
2026-08-25 16:16:14.107+0000 WARN  [o.n.k.i.JvmChecker] The max heap memory has not been configured. It is recommended that it is always explicitly configured, to ensure the system has a balanced configuration. Until then, a JVM computed heuristic of 2082471936 bytes is used instead. If you are running neo4j server, you need to configure server.memory.heap.max_size in neo4j.conf. If you are running neo4j embedded, you have to launch the JVM with -Xmx set to a value. You can run neo4j-admin server memory-recommendation for memory configuration suggestions.
2026-08-25 16:16:14.107+0000 WARN  [o.n.k.i.JvmChecker] The initial heap memory has not been configured. It is recommended that it is always explicitly configured, to ensure the system has a balanced configuration. Until then, a JVM computed heuristic of 132120576 bytes is used instead. If you are running neo4j server, you need to configure server.memory.heap.initial_size in neo4j.conf. If you are running neo4j embedded, you have to launch the JVM with -Xms set to a value. You can run neo4j-admin server memory-recommendation for memory configuration suggestions.
2026-08-25 16:16:14.318+0000 INFO  [o.n.i.d.DiagnosticsManager] 
                                                                ********************************************************************************
                                                                                             [ System diagnostics ]                             
                                                                ********************************************************************************
2026-08-25 16:16:14.319+0000 INFO  [o.n.i.d.DiagnosticsManager] 
                                                                --------------------------------------------------------------------------------
                                                                                         [ System memory information ]                          
                                                                --------------------------------------------------------------------------------
                                                                Total Physical memory: 7.755GiB
                                                                Free Physical memory: 1.445GiB
                                                                Committed virtual memory: 5.082GiB
                                                                Total swap space: 4.000GiB
                                                                Free swap space: 3.486GiB
                                                                
2026-08-25 16:16:14.319+0000 INFO  [o.n.i.d.DiagnosticsManager] 
                                                                --------------------------------------------------------------------------------
                                                                                           [ JVM memory information ]                           
                                                                --------------------------------------------------------------------------------
                                                                Free  memory: 46.00MiB
                                                                Total memory: 74.00MiB
                                                                Max   memory: 1.939GiB
                                                                Garbage Collector: G1 Young Generation: [G1 Eden Space, G1 Survivor Space, G1 Old Gen]
                                                                Garbage Collector: G1 Concurrent GC: [G1 Old Gen]
                                                                Garbage Collector: G1 Old Generation: [G1 Eden Space, G1 Survivor Space, G1 Old Gen]
                                                                Memory Pool: CodeHeap 'non-nmethods' (Non-heap memory): committed=2.438MiB, used=1.486MiB, max=5.566MiB, threshold=0B
                                                                Memory Pool: Metaspace (Non-heap memory): committed=22.31MiB, used=21.95MiB, max=-1B, threshold=0B
                                                                Memory Pool: CodeHeap 'profiled nmethods' (Non-heap memory): committed=5.188MiB, used=5.140MiB, max=117.2MiB, threshold=0B
                                                                Memory Pool: Compressed Class Space (Non-heap memory): committed=2.500MiB, used=2.324MiB, max=1.000GiB, threshold=0B
                                                                Memory Pool: G1 Eden Space (Heap memory): committed=47.00MiB, used=6.000MiB, max=-1B, threshold=?
                                                                Memory Pool: G1 Old Gen (Heap memory): committed=25.00MiB, used=19.00MiB, max=1.939GiB, threshold=0B
                                                                Memory Pool: G1 Survivor Space (Heap memory): committed=2.000MiB, used=2.000MiB, max=-1B, threshold=?
                                                                Memory Pool: CodeHeap 'non-profiled nmethods' (Non-heap memory): committed=2.438MiB, used=1.399MiB, max=117.2MiB, threshold=0B
                                                                
2026-08-25 16:16:14.319+0000 INFO  [o.n.i.d.DiagnosticsManager] 
                                                                --------------------------------------------------------------------------------
                                                                                        [ Operating system information ]                        
                                                                --------------------------------------------------------------------------------
                                                                Operating System: Linux; version: 6.8.0-138-generic; arch: amd64; cpus: 4
                                                                Max number of file descriptors: 524288
                                                                Number of open file descriptors: 229
                                                                Process id: 7
                                                                Byte order: LITTLE_ENDIAN
                                                                Local timezone: Etc/UTC
                                                                Memory page size: 4096
                                                                Unaligned memory access allowed: true
                                                                
2026-08-25 16:16:14.319+0000 INFO  [o.n.i.d.DiagnosticsManager] 
                                                                --------------------------------------------------------------------------------
                                                                                              [ JVM information ]                               
                                                                --------------------------------------------------------------------------------
                                                                VM Name: OpenJDK 64-Bit Server VM
                                                                VM Vendor: Eclipse Adoptium
                                                                VM Version: 21.0.12+8-LTS
                                                                JIT compiler: HotSpot 64-Bit Tiered Compilers
                                                                VM Arguments: [-XX:+UseG1GC, -XX:-OmitStackTraceInFastThrow, -XX:+AlwaysPreTouch, -XX:+UnlockExperimentalVMOptions, -XX:+TrustFinalNonStaticFields, -XX:+DisableExplicitGC, -Djdk.nio.maxCachedBufferSize=1024, -Dio.netty.tryReflectionSetAccessible=true, -Djdk.tls.ephemeralDHKeySize=2048, -Djdk.tls.rejectClientInitiatedRenegotiation=true, -XX:FlightRecorderOptions=stackdepth=256, -XX:+UnlockDiagnosticVMOptions, -XX:+DebugNonSafepoints, --add-opens=java.base/java.nio=ALL-UNNAMED, --add-opens=java.base/java.io=ALL-UNNAMED, --add-opens=java.base/sun.nio.ch=ALL-UNNAMED, --enable-native-access=ALL-UNNAMED, -Dlog4j2.disable.jmx=true, -Dlog4j.layout.jsonTemplate.maxStringLength=32768, -Dfile.encoding=UTF-8]
                                                                
2026-08-25 16:16:14.319+0000 INFO  [o.n.i.d.DiagnosticsManager] 
                                                                --------------------------------------------------------------------------------
                                                                                               [ Java classpath ]                               
                                                                --------------------------------------------------------------------------------
                                                                 [classpath] /var/lib/neo4j/lib/jetty-http2-hpack-12.1.11.jar
                                                                 [classpath] /var/lib/neo4j/lib/jetty-security-12.1.11.jar
                                                                 [classpath] /var/lib/neo4j/lib/neo4j-diagnostics-5.26.29.jar
                                                                 [classpath] /var/lib/neo4j/lib/neo4j-expressions-5.26.29.jar
                                                                 [classpath] /var/lib/neo4j/lib/neo4j-codegen-5.26.29.jar
                                                                 [classpath] /var/lib/neo4j/lib/neo4j-logging-5.26.29.jar
                                                                 [classpath] /var/lib/neo4j/lib/jetty-session-12.1.11.jar
                                                                 [classpath] /var/lib/neo4j/lib/neo4j-fabric-5.26.29.jar
                                                                 [classpath] /var/lib/neo4j/lib/neo4j-security-5.26.29.jar
                                                                 [classpath] /var/lib/neo4j/lib/jaxb-runtime-2.3.2.jar
                                                                 [classpath] /var/lib/neo4j/lib/neo4j-cypher-macros-5.26.29.jar
                                                                 [classpath] /var/lib/neo4j/lib/shiro-crypto-core-3.0.0.jar
                                                                 [classpath] /var/lib/neo4j/lib/jackson-jaxrs-base-2.22.1.jar
                                                                 [classpath] /var/lib/neo4j/lib/antlr4-runtime-4.13.2.jar
                                                                 [classpath] /var/lib/neo4j/lib/neo4j-layout-5.26.29.jar
                                                                 [classpath] /var/lib/neo4j/lib/caffeine-3.1.8.jar
                                                                 [classpath] /var/lib/neo4j/lib/magnolia_2.13-1.1.8.jar
                                                                 [classpath] /var/lib/neo4j/lib/scala-library-2.13.11.jar
                                                                 [classpath] /var/lib/neo4j/lib/commons-compress-1.27.1.jar
                                                                 [classpath] /var/lib/neo4j/conf/*
                                                                 [classpath] /var/lib/neo4j/lib/WMI4Java-1.6.3.jar
                                                                 [classpath] /var/lib/neo4j/lib/jakarta.xml.bind-api-2.3.2.jar
                                                                 [classpath] /var/lib/neo4j/lib/neo4j-concurrent-5.26.29.jar
                                                                 [classpath] /var/lib/neo4j/lib/jProcesses-1.6.5.jar
                                                                 [classpath] /var/lib/neo4j/lib/neo4j-monitoring-5.26.29.jar
                                                                 [classpath] /var/lib/neo4j/lib/hk2-locator-2.6.1.jar
                                                                 [classpath] /var/lib/neo4j/lib/shiro-config-core-3.0.0.jar
                                                                 [classpath] /var/lib/neo4j/lib/log4j-core-2.26.1.jar
                                                                 [classpath] /var/lib/neo4j/lib/neo4j-ssl-5.26.29.jar
                                                                 [classpath] /var/lib/neo4j/lib/neo4j-cypher-javacc-parser-5.26.29.jar
                                                                 [classpath] /var/lib/neo4j/lib/neo4j-cypher-rendering-5.26.29.jar
                                                                 [classpath] /var/lib/neo4j/lib/jetty-http-12.1.11.jar
                                                                 [classpath] /var/lib/neo4j/lib/parquet-column-1.17.1.jar
                                                                 [classpath] /var/lib/neo4j/lib/snappy-java-1.1.10.7.jar
                                                                 [classpath] /var/lib/neo4j/lib/annotations-5.26.29.jar
                                                                 [classpath] /var/lib/neo4j/lib/eclipse-collections-api-11.1.0.jar
                                                                 [classpath] /var/lib/neo4j/lib/jersey-container-servlet-2.46.jar
                                                                 [classpath] /var/lib/neo4j/lib/neo4j-configuration-5.26.29.jar
                                                                 [classpath] /var/lib/neo4j/lib/jansi-2.4.0.jar
                                                                 [classpath] /var/lib/neo4j/lib/neo4j-cypher-planner-5.26.29.jar
                                                                 [classpath] /var/lib/neo4j/lib/jline-terminal-3.21.0.jar
                                                                 [classpath] /var/lib/neo4j/lib/ipaddress-5.5.1.jar
                                                                 [classpath] /var/lib/neo4j/lib/netty-transport-native-epoll-4.1.136.Final-linux-aarch_64.jar
                                                                 [classpath] /var/lib/neo4j/lib/lucene-queryparser-9.11.1.jar
                                                                 [classpath] /var/lib/neo4j/lib/neo4j-bolt-connection-12.0.0.jar
                                                                 [classpath] /var/lib/neo4j/lib/jetty-ee8-nested-12.1.11.jar
                                                                 [classpath] /var/lib/neo4j/lib/neo4j-id-generator-5.26.29.jar
                                                                 [classpath] /var/lib/neo4j/lib/jetty-servlet-api-4.0.9.jar
                                                                 [classpath] /var/lib/neo4j/lib/neo4j-values-5.26.29.jar
                                                                 [classpath] /var/lib/neo4j/lib/cypher-antlr-common-5.26.29.jar
                                                                 [classpath] /var/lib/neo4j/lib/reactor-core-3.7.12.jar
                                                                 [classpath] /var/lib/neo4j/lib/jetty-http2-server-12.1.11.jar
                                                                 [classpath] /var/lib/neo4j/lib/netty-transport-classes-kqueue-4.1.136.Final.jar
                                                                 [classpath] /var/lib/neo4j/lib/zstd-jni-1.5.6-6.jar
                                                                 [classpath] /var/lib/neo4j/lib/jakarta.ws.rs-api-2.1.6.jar
                                                                 [classpath] /var/lib/neo4j/lib/kiama_2.13-2.5.1.jar
                                                                 [classpath] /var/lib/neo4j/lib/neo4j-unsafe-5.26.29.jar
                                                                 [classpath] /var/lib/neo4j/lib/neo4j-cypher-logical-plans-5.26.29.jar
                                                                 [classpath] /var/lib/neo4j/lib/lucene-analysis-common-9.11.1.jar
                                                                 [classpath] /var/lib/neo4j/lib/neo4j-bolt-5.26.29.jar
                                                                 [classpath] /var/lib/neo4j/lib/istack-commons-runtime-3.0.8.jar
                                                                 [classpath] /var/lib/neo4j/lib/shiro-crypto-cipher-3.0.0.jar
                                                                 [classpath] /var/lib/neo4j/lib/eclipse-collections-11.1.0.jar
                                                                 [classpath] /var/lib/neo4j/lib/netty-handler-4.1.136.Final.jar
                                                                 [classpath] /var/lib/neo4j/lib/parquet-floor-1.62.jar
                                                                 [classpath] /var/lib/neo4j/lib/log4j-layout-template-json-2.26.1.jar
                                                                 [classpath] /var/lib/neo4j/lib/neo4j-front-end-5.26.29.jar
                                                                 [classpath] /var/lib/neo4j/lib/commons-text-1.12.0.jar
                                                                 [classpath] /var/lib/neo4j/lib/neo4j-fulltext-index-5.26.29.jar
                                                                 [classpath] /var/lib/neo4j/lib/neo4j-5.26.29.jar
                                                                 [classpath] /var/lib/neo4j/lib/jts-core-1.20.0.jar
                                                                 [classpath] /var/lib/neo4j/lib/parquet-common-1.17.1.jar
                                                                 [classpath] /var/lib/neo4j/lib/neo4j-consistency-check-5.26.29.jar
                                                                 [classpath] /var/lib/neo4j/lib/cypher-parser-ast-common-5.26.29.jar
                                                                 [classpath] /var/lib/neo4j/lib/jakarta.validation-api-2.0.2.jar
                                                                 [classpath] /var/lib/neo4j/lib/picocli-4.7.6.jar
                                                                 [classpath] /var/lib/neo4j/lib/cypher-v5-literal-interpreter-5.26.29.jar
                                                                 [classpath] /var/lib/neo4j/lib/hk2-utils-2.6.1.jar
                                                                 [classpath] /var/lib/neo4j/lib/stax-ex-1.8.1.jar
                                                                 [classpath] /var/lib/neo4j/lib/txw2-2.3.2.jar
                                                                 [classpath] /var/lib/neo4j/lib/neo4j-graph-algo-5.26.29.jar
                                                                 [classpath] /var/lib/neo4j/lib/jackson-module-jaxb-annotations-2.22.1.jar
                                                                 [classpath] /var/lib/neo4j/lib/neo4j-cypher-physical-planning-5.26.29.jar
                                                                 [classpath] /var/lib/neo4j/lib/commons-io-2.17.0.jar
                                                                 [classpath] /var/lib/neo4j/lib/argparse4j-0.9.0.jar
                                                                 [classpath] /var/lib/neo4j/lib/neo4j-bootcheck-5.26.29.jar
                                                                 [classpath] /var/lib/neo4j/lib/neo4j-kernel-5.26.29.jar
                                                                 [classpath] /var/lib/neo4j/lib/neo4j-record-storage-engine-5.26.29.jar
                                                                 [classpath] /var/lib/neo4j/lib/netty-transport-native-kqueue-4.1.136.Final-osx-aarch_64.jar
                                                                 [classpath] /var/lib/neo4j/lib/cypher-v5-ast-factory-5.26.29.jar
                                                                 [classpath] /var/lib/neo4j/lib/cypher-parser-common-5.26.29.jar
                                                                 [classpath] /var/lib/neo4j/lib/neo4j-schema-5.26.29.jar
                                                                 [classpath] /var/lib/neo4j/lib/neo4j-wal-5.26.29.jar
                                                                 [classpath] /var/lib/neo4j/lib/parquet-encoding-1.17.1.jar
                                                                 [classpath] /var/lib/neo4j/lib/shiro-core-3.0.0.jar
                                                                 [classpath] /var/lib/neo4j/lib/cypher-v5-parser-listener-5.26.29.jar
                                                                 [classpath] /var/lib/neo4j/lib/cypher-v25-parser-listener-5.26.29.jar
                                                                 [classpath] /var/lib/neo4j/lib/lucene-backward-codecs-9.11.1.jar
                                                                 [classpath] /var/lib/neo4j/lib/netty-transport-native-unix-common-4.1.136.Final.jar
                                                                 [classpath] /var/lib/neo4j/lib/neo4j-resource-5.26.29.jar
                                                                 [classpath] /var/lib/neo4j/lib/neo4j-import-api-5.26.29.jar
                                                                 [classpath] /var/lib/neo4j/lib/neo4j-bolt-connection-pooled-12.0.0.jar
                                                                 [classpath] /var/lib/neo4j/lib/neo4j-kernel-api-5.26.29.jar
                                                                 [classpath] /var/lib/neo4j/lib/neo4j-storage-engine-util-5.26.29.jar
                                                                 [classpath] /var/lib/neo4j/lib/neo4j-slf4j-provider-5.26.29.jar
                                                                 [classpath] /var/lib/neo4j/lib/neo4j-notifications-5.26.29.jar
                                                                 [classpath] /var/lib/neo4j/lib/neo4j-cypher-planner-spi-5.26.29.jar
                                                                 [classpath] /var/lib/neo4j/lib/scala-collection-contrib_2.13-0.3.0.jar
                                                                 [classpath] /var/lib/neo4j/lib/jetty-ee-webapp-12.1.11.jar
                                                                 [classpath] /var/lib/neo4j/lib/jetty-io-12.1.11.jar
                                                                 [classpath] /var/lib/neo4j/lib/neo4j-bolt-connection-netty-12.0.0.jar
                                                                 [classpath] /var/lib/neo4j/lib/jetty-ee8-security-12.1.11.jar
                                                                 [classpath] /var/lib/neo4j/lib/neo4j-bolt-connection-routed-12.0.0.jar
                                                                 [classpath] /var/lib/neo4j/lib/commons-codec-1.17.1.jar
                                                                 [classpath] /var/lib/neo4j/lib/zstd-proxy-5.26.29.jar
                                                                 [classpath] /var/lib/neo4j/lib/netty-resolver-4.1.136.Final.jar
                                                                 [classpath] /var/lib/neo4j/lib/jPowerShell-3.0.jar
                                                                 [classpath] /var/lib/neo4j/lib/jetty-ee8-servlet-12.1.11.jar
                                                                 [classpath] /var/lib/neo4j/lib/reactive-streams-1.0.4.jar
                                                                 [classpath] /var/lib/neo4j/lib/neo4j-native-5.26.29.jar
                                                                 [classpath] /var/lib/neo4j/lib/server-api-5.26.29.jar
                                                                 [classpath] /var/lib/neo4j/lib/neo4j-import-tool-5.26.29.jar
                                                                 [classpath] /var/lib/neo4j/lib/neo4j-cloud-5.26.29.jar
                                                                 [classpath] /var/lib/neo4j/lib/neo4j-gql-status-5.26.29.jar
                                                                 [classpath] /var/lib/neo4j/lib/neo4j-capabilities-5.26.29.jar
                                                                 [classpath] /var/lib/neo4j/lib/shiro-lang-3.0.0.jar
                                                                 [classpath] /var/lib/neo4j/lib/neo4j-rewriting-5.26.29.jar
                                                                 [classpath] /var/lib/neo4j/lib/jaxb-api-2.2.12.jar
                                                                 [classpath] /var/lib/neo4j/lib/neo4j-index-5.26.29.jar
                                                                 [classpath] /var/lib/neo4j/lib/neo4j-exceptions-5.26.29.jar
                                                                 [classpath] /var/lib/neo4j/lib/netty-codec-4.1.136.Final.jar
                                                                 [classpath] /var/lib/neo4j/lib/jetty-alpn-server-12.1.11.jar
                                                                 [classpath] /var/lib/neo4j/lib/neo4j-cypher-dsl-2024.2.0.jar
                                                                 [classpath] /var/lib/neo4j/lib/cypher-ast-factory-5.26.29.jar
                                                                 [classpath] /var/lib/neo4j/lib/neo4j-server-5.26.29.jar
                                                                 [classpath] /var/lib/neo4j/lib/shiro-event-3.0.0.jar
                                                                 [classpath] /var/lib/neo4j/lib/javax.annotation-api-1.3.2.jar
                                                                 [classpath] /var/lib/neo4j/lib/jna-5.15.0.jar
                                                                 [classpath] /var/lib/neo4j/lib/neo4j-cypher-slotted-runtime-5.26.29.jar
                                                                 [classpath] /var/lib/neo4j/lib/neo4j-import-util-5.26.29.jar
                                                                 [classpath] /var/lib/neo4j/lib/shiro-cache-3.0.0.jar
                                                                 [classpath] /var/lib/neo4j/lib/jersey-common-2.46.jar
                                                                 [classpath] /var/lib/neo4j/lib/neo4j-cypher-ir-5.26.29.jar
                                                                 [classpath] /var/lib/neo4j/lib/log4j-api-2.26.1.jar
                                                                 [classpath] /var/lib/neo4j/lib/cypher-v5-antlr-parser-5.26.29.jar
                                                                 [classpath] /var/lib/neo4j/lib/jersey-client-2.46.jar
                                                                 [classpath] /var/lib/neo4j/lib/neo4j-spatial-index-5.26.29.jar
                                                                 [classpath] /var/lib/neo4j/lib/jersey-hk2-2.46.jar
                                                                 [classpath] /var/lib/neo4j/lib/neo4j-data-collector-5.26.29.jar
                                                                 [classpath] /var/lib/neo4j/lib/jetty-alpn-java-server-12.1.11.jar
                                                                 [classpath] /var/lib/neo4j/lib/netty-common-4.1.136.Final.jar
                                                                 [classpath] /var/lib/neo4j/lib/neo4j-cypher-5.26.29.jar
                                                                 [classpath] /var/lib/neo4j/lib/jersey-server-2.46.jar
                                                                 [classpath] /var/lib/neo4j/lib/cypher-shell-5.26.29.jar
                                                                 [classpath] /var/lib/neo4j/lib/jetty-xml-12.1.11.jar
                                                                 [classpath] /var/lib/neo4j/lib/neo4j-cypher-interpreted-runtime-5.26.29.jar
                                                                 [classpath] /var/lib/neo4j/lib/jline-terminal-jansi-3.21.0.jar
                                                                 [classpath] /var/lib/neo4j/lib/jackson-core-2.22.1.jar
                                                                 [classpath] /var/lib/neo4j/lib/neo4j-java-driver-5.28.14.jar
                                                                 [classpath] /var/lib/neo4j/lib/hk2-api-2.6.1.jar
                                                                 [classpath] /var/lib/neo4j/lib/netty-transport-native-kqueue-4.1.136.Final-osx-x86_64.jar
                                                                 [classpath] /var/lib/neo4j/lib/neo4j-cypher-runtime-util-5.26.29.jar
                                                                 [classpath] /var/lib/neo4j/lib/jetty-http2-common-12.1.11.jar
                                                                 [classpath] /var/lib/neo4j/lib/neo4j-lock-5.26.29.jar
                                                                 [classpath] /var/lib/neo4j/lib/neo4j-collections-5.26.29.jar
                                                                 [classpath] /var/lib/neo4j/lib/neo4j-query-router-5.26.29.jar
                                                                 [classpath] /var/lib/neo4j/lib/jackson-annotations-2.22.jar
                                                                 [classpath] /var/lib/neo4j/lib/neo4j-ast-5.26.29.jar
                                                                 [classpath] /var/lib/neo4j/lib/neo4j-io-5.26.29.jar
                                                                 [classpath] /var/lib/neo4j/lib/parquet-jackson-1.17.1.jar
                                                                 [classpath] /var/lib/neo4j/lib/neo4j-token-api-5.26.29.jar
                                                                 [classpath] /var/lib/neo4j/lib/commons-logging-1.3.4.jar
                                                                 [classpath] /var/lib/neo4j/lib/jakarta.activation-api-1.2.2.jar
                                                                 [classpath] /var/lib/neo4j/plugins/*
                                                                 [classpath] /var/lib/neo4j/lib/jetty-server-12.1.11.jar
                                                                 [classpath] /var/lib/neo4j/lib/commons-configuration2-2.15.1.jar
                                                                 [classpath] /var/lib/neo4j/lib/netty-buffer-4.1.136.Final.jar
                                                                 [classpath] /var/lib/neo4j/lib/jersey-container-servlet-core-2.46.jar
                                                                 [classpath] /var/lib/neo4j/lib/netty-transport-native-epoll-4.1.136.Final-linux-x86_64.jar
                                                                 [classpath] /var/lib/neo4j/lib/neo4j-dbms-5.26.29.jar
                                                                 [classpath] /var/lib/neo4j/lib/netty-codec-http-4.1.136.Final.jar
                                                                 [classpath] /var/lib/neo4j/lib/cypher-v25-antlr-parser-5.26.29.jar
                                                                 [classpath] /var/lib/neo4j/lib/jetty-util-12.1.11.jar
                                                                 [classpath] /var/lib/neo4j/lib/jettison-1.5.4.jar
                                                                 [classpath] /var/lib/neo4j/lib/jakarta.inject-2.6.1.jar
                                                                 [classpath] /var/lib/neo4j/lib/neo4j-push-to-cloud-5.26.29.jar
                                                                 [classpath] /var/lib/neo4j/lib/netty-tcnative-classes-2.0.78.Final.jar
                                                                 [classpath] /var/lib/neo4j/lib/neo4j-graphdb-api-5.26.29.jar
                                                                 [classpath] /var/lib/neo4j/lib/slf4j-api-2.0.9.jar
                                                                 [classpath] /var/lib/neo4j/lib/jline-reader-3.21.0.jar
                                                                 [classpath] /var/lib/neo4j/lib/neo4j-cypher-config-5.26.29.jar
                                                                 [classpath] /var/lib/neo4j/lib/FastInfoset-1.2.16.jar
                                                                 [classpath] /var/lib/neo4j/lib/jackson-jaxrs-json-provider-2.22.1.jar
                                                                 [classpath] /var/lib/neo4j/lib/javassist-3.30.2-GA.jar
                                                                 [classpath] /var/lib/neo4j/lib/neo4j-cypher-cache-5.26.29.jar
                                                                 [classpath] /var/lib/neo4j/lib/neo4j-udc-5.26.29.jar
                                                                 [classpath] /var/lib/neo4j/lib/cypher-parser-factory-5.26.29.jar
                                                                 [classpath] /var/lib/neo4j/lib/cypher-antlr-ast-common-5.26.29.jar
                                                                 [classpath] /var/lib/neo4j/lib/netty-transport-4.1.136.Final.jar
                                                                 [classpath] /var/lib/neo4j/lib/jetty-ee8-webapp-12.1.11.jar
                                                                 [classpath] /var/lib/neo4j/lib/neo4j-cypher-ast-factory-5.26.29.jar
                                                                 [classpath] /var/lib/neo4j/lib/neo4j-util-5.26.29.jar
                                                                 [classpath] /var/lib/neo4j/lib/commons-lang3-3.18.0.jar
                                                                 [classpath] /var/lib/neo4j/lib/neo4j-csv-5.26.29.jar
                                                                 [classpath] /var/lib/neo4j/lib/jackson-databind-2.22.1.jar
                                                                 [classpath] /var/lib/neo4j/lib/scala-reflect-2.13.11.jar
                                                                 [classpath] /var/lib/neo4j/lib/neo4j-cypher-expression-evaluator-5.26.29.jar
                                                                 [classpath] /var/lib/neo4j/lib/jakarta.annotation-api-1.3.5.jar
                                                                 [classpath] /var/lib/neo4j/lib/jctools-core-4.0.5.jar
                                                                 [classpath] /var/lib/neo4j/lib/shiro-crypto-hash-3.0.0.jar
                                                                 [classpath] /var/lib/neo4j/lib/cypher-v25-ast-factory-5.26.29.jar
                                                                 [classpath] /var/lib/neo4j/lib/neo4j-procedure-api-5.26.29.jar
                                                                 [classpath] /var/lib/neo4j/lib/neo4j-common-5.26.29.jar
                                                                 [classpath] /var/lib/neo4j/lib/neo4j-command-line-5.26.29.jar
                                                                 [classpath] /var/lib/neo4j/lib/parquet-hadoop-1.17.1.jar
                                                                 [classpath] /var/lib/neo4j/lib/parquet-format-structures-1.17.1.jar
                                                                 [classpath] /var/lib/neo4j/lib/neo4j-lucene-index-5.26.29.jar
                                                                 [classpath] /var/lib/neo4j/lib/neo4j-procedure-5.26.29.jar
                                                                 [classpath] /var/lib/neo4j/lib/netty-transport-classes-epoll-4.1.136.Final.jar
                                                                 [classpath] /var/lib/neo4j/lib/lucene-core-9.11.1.jar
                                                                
2026-08-25 16:16:14.319+0000 INFO  [o.n.i.d.DiagnosticsManager] 
                                                                --------------------------------------------------------------------------------
                                                                                                [ Library path ]                                
                                                                --------------------------------------------------------------------------------
                                                                /usr/java/packages/lib
                                                                /usr/lib64
                                                                /usr/lib64
                                                                /usr/lib
                                                                /usr/lib
                                                                
2026-08-25 16:16:14.319+0000 INFO  [o.n.i.d.DiagnosticsManager] 
                                                                --------------------------------------------------------------------------------
                                                                                             [ System properties ]                              
                                                                --------------------------------------------------------------------------------
                                                                jdk.tls.rejectClientInitiatedRenegotiation = true
                                                                sun.jnu.encoding = UTF-8
                                                                log4j.layout.jsonTemplate.maxStringLength = 32768
                                                                sun.arch.data.model = 64
                                                                user.timezone = Etc/UTC
                                                                sun.java.launcher = SUN_STANDARD
                                                                sun.boot.library.path = /opt/java/openjdk/lib
                                                                sun.java.command = org.neo4j.server.CommunityEntryPoint --home-dir=/var/lib/neo4j --config-dir=/var/lib/neo4j/conf --console-mode
                                                                jdk.debug = release
                                                                io.netty.tryReflectionSetAccessible = true
                                                                sun.cpu.endian = little
                                                                user.home = /var/lib/neo4j
                                                                user.language = en
                                                                file.separator = /
                                                                jdk.tls.ephemeralDHKeySize = 2048
                                                                sun.management.compiler = HotSpot 64-Bit Tiered Compilers
                                                                user.name = neo4j
                                                                stdout.encoding = UTF-8
                                                                jdk.nio.maxCachedBufferSize = 1024
                                                                path.separator = :
                                                                file.encoding = UTF-8
                                                                jnidispatch.path = /var/lib/neo4j/.cache/JNA/temp/jna16399237233699482736.tmp
                                                                jna.loaded = true
                                                                user.dir = /var/lib/neo4j
                                                                native.encoding = UTF-8
                                                                stderr.encoding = UTF-8
                                                                sun.io.unicode.encoding = UnicodeLittle
                                                                log4j2.disable.jmx = true
                                                                
2026-08-25 16:16:14.319+0000 INFO  [o.n.i.d.DiagnosticsManager] 
                                                                --------------------------------------------------------------------------------
                                                                                      [ (IANA) TimeZone database version ]                      
                                                                --------------------------------------------------------------------------------
                                                                  TimeZone version: 2026b (available for 604 zone identifiers)
                                                                
2026-08-25 16:16:14.319+0000 INFO  [o.n.i.d.DiagnosticsManager] 
                                                                --------------------------------------------------------------------------------
                                                                                            [ Network information ]                             
                                                                --------------------------------------------------------------------------------
                                                                Interface eth0:
                                                                    address: 172.18.0.4
                                                                Interface lo:
                                                                    address: 0:0:0:0:0:0:0:1%lo
                                                                    address: 127.0.0.1
                                                                
2026-08-25 16:16:14.319+0000 INFO  [o.n.i.d.DiagnosticsManager] 
                                                                --------------------------------------------------------------------------------
                                                                                         [ Native access information ]                          
                                                                --------------------------------------------------------------------------------
                                                                Native access details: Linux native access is available.
                                                                
2026-08-25 16:16:14.319+0000 INFO  [o.n.i.d.DiagnosticsManager] 
                                                                --------------------------------------------------------------------------------
                                                                                                [ DBMS config ]                                 
                                                                --------------------------------------------------------------------------------
                                                                DBMS provided settings:
                                                                db.tx_log.rotation.retention_policy=2 days 2G
                                                                server.bolt.enabled=true
                                                                server.default_listen_address=0.0.0.0
                                                                server.directories.import=/var/lib/neo4j/import
                                                                server.directories.logs=/logs
                                                                server.directories.neo4j_home=/var/lib/neo4j
                                                                server.http.enabled=true
                                                                server.https.enabled=false
                                                                server.jvm.additional=-XX:+UseG1GC
-XX:-OmitStackTraceInFastThrow
-XX:+AlwaysPreTouch
-XX:+UnlockExperimentalVMOptions
-XX:+TrustFinalNonStaticFields
-XX:+DisableExplicitGC
-Djdk.nio.maxCachedBufferSize=1024
-Dio.netty.tryReflectionSetAccessible=true
-Djdk.tls.ephemeralDHKeySize=2048
-Djdk.tls.rejectClientInitiatedRenegotiation=true
-XX:FlightRecorderOptions=stackdepth=256
-XX:+UnlockDiagnosticVMOptions
-XX:+DebugNonSafepoints
--add-opens=java.base/java.nio=ALL-UNNAMED
--add-opens=java.base/java.io=ALL-UNNAMED
--add-opens=java.base/sun.nio.ch=ALL-UNNAMED
--enable-native-access=ALL-UNNAMED
-Dlog4j2.disable.jmx=true
-Dlog4j.layout.jsonTemplate.maxStringLength=32768
                                                                server.memory.pagecache.size=512.00MiB
                                                                server.windows_service_name=neo4j
                                                                Directories in use:
                                                                server.directories.data=/var/lib/neo4j/data
                                                                server.directories.dumps.root=/var/lib/neo4j/data/dumps
                                                                server.directories.import=/var/lib/neo4j/import
                                                                server.directories.lib=/var/lib/neo4j/lib
                                                                server.directories.licenses=/var/lib/neo4j/licenses
                                                                server.directories.logs=/logs
                                                                server.directories.neo4j_home=/var/lib/neo4j
                                                                server.directories.plugins=/var/lib/neo4j/plugins
                                                                server.directories.run=/var/lib/neo4j/run
                                                                server.directories.script.root=/var/lib/neo4j/data/scripts
                                                                server.directories.transaction.logs.root=/var/lib/neo4j/data/transactions
                                                                
2026-08-25 16:16:14.319+0000 INFO  [o.n.i.d.DiagnosticsManager] 
                                                                --------------------------------------------------------------------------------
                                                                                                 [ Packaging ]                                  
                                                                --------------------------------------------------------------------------------
                                                                Edition: Community
                                                                Package Type: docker trixie
                                                                
2026-08-25 16:16:14.346+0000 INFO  [o.n.d.i.DefaultIdentityModule] Found ServerId on disk: ServerId{47f3f0d0} (47f3f0d0-ca2e-470e-b67a-d38560e1c59b)
2026-08-25 16:16:14.347+0000 INFO  [o.n.d.i.DefaultIdentityModule] This instance is ServerId{47f3f0d0} (47f3f0d0-ca2e-470e-b67a-d38560e1c59b)
2026-08-25 16:16:15.238+0000 INFO  [o.n.s.CommunityNeoWebServer] ======== Neo4j 5.26.29 ========
2026-08-25 16:16:15.251+0000 INFO  [o.n.d.d.DatabaseLifecycles] Creating 'DatabaseId{00000000[system]}'.
2026-08-25 16:16:15.414+0000 INFO  [o.n.b.BoltServer] Using connector transport epoll
2026-08-25 16:16:15.482+0000 INFO  [o.n.b.BoltServer] Configured external Bolt connector with listener address /0.0.0.0:7687
2026-08-25 16:16:15.483+0000 INFO  [o.n.b.BoltServer] Bolt server loaded
2026-08-25 16:16:15.505+0000 INFO  [o.n.d.d.DatabaseLifecycles] Starting 'DatabaseId{00000000[system]}'.
2026-08-25 16:16:16.149+0000 INFO  [o.n.k.i.t.l.f.c.CheckpointLogFile] [system/00000000] Scanning log file with version 0 for checkpoint entries
2026-08-25 16:16:16.184+0000 INFO  [o.n.k.i.s.f.RecordFormatSelector] [system/00000000] Selected RecordFormat:PageAlignedV5_0[aligned-1.1] record format from store /data/databases/system
2026-08-25 16:16:16.184+0000 INFO  [o.n.k.i.s.f.RecordFormatSelector] [system/00000000] Selected format from the store files: RecordFormat:PageAlignedV5_0[aligned-1.1]
2026-08-25 16:16:16.389+0000 INFO  [o.n.i.d.DiagnosticsManager] [system/00000000] 
                                                                [system/00000000] ********************************************************************************
                                                                [system/00000000]                               [ Database: system ]                              
                                                                [system/00000000] ********************************************************************************
                                                                [system/00000000] --------------------------------------------------------------------------------
                                                                [system/00000000]                                   [ Version ]                                   
                                                                [system/00000000] --------------------------------------------------------------------------------
                                                                [system/00000000] DBMS: community record-aligned-1.1
                                                                [system/00000000] Kernel version: 5.26.29
                                                                [system/00000000] 
                                                                [system/00000000] --------------------------------------------------------------------------------
                                                                [system/00000000]                                 [ Store files ]                                 
                                                                [system/00000000] --------------------------------------------------------------------------------
                                                                [system/00000000] Disk space on partition (Total / Free / Free %): 105086115840 / 69467504640 / 66
                                                                [system/00000000] Storage files stored on file store: ext4
                                                                [system/00000000] Storage files: (filename : modification date - size)
                                                                [system/00000000]   database_lock: 2026-08-23 20:48:37.143+0000 - 0B
                                                                [system/00000000]   neostore: 2026-08-23 20:48:37.038+0000 - 8.000KiB
                                                                [system/00000000]   neostore.counts.db: 2026-08-25 16:16:16.274+0000 - 48.00KiB
                                                                [system/00000000]   neostore.indexstats.db: 2026-08-25 16:16:16.289+0000 - 48.00KiB
                                                                [system/00000000]   neostore.labeltokenstore.db: 2026-08-23 21:03:47.294+0000 - 8.000KiB
                                                                [system/00000000]   neostore.labeltokenstore.db.id: 2026-08-25 16:16:16.249+0000 - 40.00KiB
                                                                [system/00000000]   neostore.labeltokenstore.db.names: 2026-08-23 21:03:47.299+0000 - 8.000KiB
                                                                [system/00000000]   neostore.labeltokenstore.db.names.id: 2026-08-25 16:16:16.247+0000 - 40.00KiB
                                                                [system/00000000]   neostore.nodestore.db: 2026-08-23 21:03:47.301+0000 - 8.000KiB
                                                                [system/00000000]   neostore.nodestore.db.id: 2026-08-25 16:16:16.222+0000 - 40.00KiB
                                                                [system/00000000]   neostore.nodestore.db.labels: 2026-08-23 20:48:36.986+0000 - 8.000KiB
                                                                [system/00000000]   neostore.nodestore.db.labels.id: 2026-08-25 16:16:16.215+0000 - 40.00KiB
                                                                [system/00000000]   neostore.propertystore.db: 2026-08-23 21:03:47.296+0000 - 8.000KiB
                                                                [system/00000000]   neostore.propertystore.db.arrays: 2026-08-23 20:48:37.008+0000 - 8.000KiB
                                                                [system/00000000]   neostore.propertystore.db.arrays.id: 2026-08-25 16:16:16.231+0000 - 40.00KiB
                                                                [system/00000000]   neostore.propertystore.db.id: 2026-08-25 16:16:16.235+0000 - 40.00KiB
                                                                [system/00000000]   neostore.propertystore.db.index: 2026-08-23 21:03:47.297+0000 - 8.000KiB
                                                                [system/00000000]   neostore.propertystore.db.index.id: 2026-08-25 16:16:16.227+0000 - 40.00KiB
                                                                [system/00000000]   neostore.propertystore.db.index.keys: 2026-08-23 21:03:47.304+0000 - 8.000KiB
                                                                [system/00000000]   neostore.propertystore.db.index.keys.id: 2026-08-25 16:16:16.225+0000 - 40.00KiB
                                                                [system/00000000]   neostore.propertystore.db.strings: 2026-08-23 21:03:47.303+0000 - 8.000KiB
                                                                [system/00000000]   neostore.propertystore.db.strings.id: 2026-08-25 16:16:16.229+0000 - 40.00KiB
                                                                [system/00000000]   neostore.relationshipgroupstore.db: 2026-08-23 20:48:37.029+0000 - 8.000KiB
                                                                [system/00000000]   neostore.relationshipgroupstore.db.id: 2026-08-25 16:16:16.254+0000 - 40.00KiB
                                                                [system/00000000]   neostore.relationshipgroupstore.degrees.db: 2026-08-25 16:16:16.283+0000 - 40.00KiB
                                                                [system/00000000]   neostore.relationshipstore.db: 2026-08-23 21:03:47.299+0000 - 8.000KiB
                                                                [system/00000000]   neostore.relationshipstore.db.id: 2026-08-25 16:16:16.238+0000 - 40.00KiB
                                                                [system/00000000]   neostore.relationshiptypestore.db: 2026-08-23 21:03:47.305+0000 - 8.000KiB
                                                                [system/00000000]   neostore.relationshiptypestore.db.id: 2026-08-25 16:16:16.244+0000 - 40.00KiB
                                                                [system/00000000]   neostore.relationshiptypestore.db.names: 2026-08-23 21:03:47.293+0000 - 8.000KiB
                                                                [system/00000000]   neostore.relationshiptypestore.db.names.id: 2026-08-25 16:16:16.242+0000 - 40.00KiB
                                                                [system/00000000]   neostore.schemastore.db: 2026-08-23 21:03:47.298+0000 - 8.000KiB
                                                                [system/00000000]   neostore.schemastore.db.id: 2026-08-25 16:16:16.252+0000 - 40.00KiB
                                                                [system/00000000]   schema:
                                                                [system/00000000]     index:
                                                                [system/00000000]       range-1.0:
                                                                [system/00000000]         3:
                                                                [system/00000000]           index-3: 2026-08-25 16:15:41.113+0000 - 48.00KiB
                                                                [system/00000000]         - Total: 2026-08-23 20:48:37.561+0000 - 48.00KiB
                                                                [system/00000000]         4:
                                                                [system/00000000]           index-4: 2026-08-25 16:15:41.114+0000 - 48.00KiB
                                                                [system/00000000]         - Total: 2026-08-23 20:48:37.606+0000 - 48.00KiB
                                                                [system/00000000]         7:
                                                                [system/00000000]           index-7: 2026-08-25 16:15:41.115+0000 - 48.00KiB
                                                                [system/00000000]         - Total: 2026-08-23 20:48:37.778+0000 - 48.00KiB
                                                                [system/00000000]         8:
                                                                [system/00000000]           index-8: 2026-08-25 16:15:41.116+0000 - 48.00KiB
                                                                [system/00000000]         - Total: 2026-08-23 20:48:37.802+0000 - 48.00KiB
                                                                [system/00000000]         9:
                                                                [system/00000000]           index-9: 2026-08-25 16:15:41.117+0000 - 48.00KiB
                                                                [system/00000000]         - Total: 2026-08-23 20:48:37.827+0000 - 48.00KiB
                                                                [system/00000000]       - Total: 2026-08-23 20:48:37.827+0000 - 240.0KiB
                                                                [system/00000000]       token-lookup-1.0:
                                                                [system/00000000]         1:
                                                                [system/00000000]           index-1: 2026-08-25 16:15:41.111+0000 - 48.00KiB
                                                                [system/00000000]         - Total: 2026-08-23 20:48:37.324+0000 - 48.00KiB
                                                                [system/00000000]         2:
                                                                [system/00000000]           index-2: 2026-08-25 16:15:41.112+0000 - 48.00KiB
                                                                [system/00000000]         - Total: 2026-08-23 20:48:37.364+0000 - 48.00KiB
                                                                [system/00000000]       - Total: 2026-08-23 20:48:37.364+0000 - 96.00KiB
                                                                [system/00000000]     - Total: 2026-08-23 20:48:37.561+0000 - 336.0KiB
                                                                [system/00000000]   - Total: 2026-08-23 20:48:37.322+0000 - 336.0KiB
                                                                [system/00000000] Storage summary: 
                                                                [system/00000000]   Total size of store: 1.125MiB
                                                                [system/00000000]   Total size of mapped files: 456.0KiB
                                                                [system/00000000] 
                                                                [system/00000000] --------------------------------------------------------------------------------
                                                                [system/00000000]                               [ Transaction log ]                               
                                                                [system/00000000] --------------------------------------------------------------------------------
                                                                [system/00000000] Transaction log files stored on file store: ext4
                                                                [system/00000000] Transaction log metadata:
                                                                [system/00000000]  - current kernel version used in transactions: V5_25
                                                                [system/00000000]  - last committed transaction id: 41
                                                                [system/00000000] Transaction log files:
                                                                [system/00000000]  - existing transaction log versions: 0-0
                                                                [system/00000000]  - oldest append index 2 found in log with version 0
                                                                [system/00000000]  - files: (filename : creation date - size)
                                                                [system/00000000]      neostore.transaction.db.0: 2026-08-23 20:48:37.155+0000 - 256.0MiB
                                                                [system/00000000]  - total size of files: 256.0MiB
                                                                [system/00000000] Checkpoint log files:
                                                                [system/00000000]  - existing checkpoint log versions: 0-0
                                                                [system/00000000]  - last checkpoint: CheckpointInfo[oldestNotVisibleTransactionLogPosition=LogPosition{logVersion=0, byteOffset=24028}, transactionLogPosition=LogPosition{logVersion=0, byteOffset=24028}, storeId=StoreId{creationTime=1787518117037, random=-1085881962731566221, storageEngineName='record', formatName='aligned', majorVersion=1, minorVersion=1}, checkpointEntryPosition=LogPosition{logVersion=0, byteOffset=1520}, channelPositionAfterCheckpoint=LogPosition{logVersion=0, byteOffset=1752}, checkpointFilePostReadPosition=LogPosition{logVersion=0, byteOffset=1752}, kernelVersion=KernelVersion{V5_25,version=20}, kernelVersionByte=20, transactionId=TransactionId[id=41, appendIndex=41, kernelVersion=KernelVersion{V5_25,version=20}, checksum=-119534126, commitTimestamp=1787518117868, consensusIndex=-1], appendIndex=41, reason=Checkpoint triggered by "Database shutdown" @ txId: 41, append index: 41, consensusIndexInCheckpoint=true]
                                                                [system/00000000] 
                                                                [system/00000000] --------------------------------------------------------------------------------
                                                                [system/00000000]                                   [ Id usage ]                                  
                                                                [system/00000000] --------------------------------------------------------------------------------
                                                                [system/00000000] ArrayPropertyStore[neostore.nodestore.db.labels]: used=1 high=0
                                                                [system/00000000] NodeStore[neostore.nodestore.db]: used=7 high=6
                                                                [system/00000000] StringPropertyStore[neostore.propertystore.db.index.keys]: used=47 high=46
                                                                [system/00000000] PropertyIndexStore[neostore.propertystore.db.index]: used=33 high=32
                                                                [system/00000000] StringPropertyStore[neostore.propertystore.db.strings]: used=3 high=2
                                                                [system/00000000] ArrayPropertyStore[neostore.propertystore.db.arrays]: used=1 high=0
                                                                [system/00000000] PropertyStore[neostore.propertystore.db]: used=73 high=72
                                                                [system/00000000] RelationshipStore[neostore.relationshipstore.db]: used=3 high=2
                                                                [system/00000000] StringPropertyStore[neostore.relationshiptypestore.db.names]: used=3 high=2
                                                                [system/00000000] RelationshipTypeStore[neostore.relationshiptypestore.db]: used=2 high=1
                                                                [system/00000000] StringPropertyStore[neostore.labeltokenstore.db.names]: used=6 high=5
                                                                [system/00000000] LabelTokenStore[neostore.labeltokenstore.db]: used=5 high=4
                                                                [system/00000000] SchemaStore[neostore.schemastore.db]: used=13 high=12
                                                                [system/00000000] RelationshipGroupStore[neostore.relationshipgroupstore.db]: used=1 high=0
                                                                [system/00000000] NeoStore[neostore]: used=-1 high=-1
                                                                [system/00000000] 
                                                                [system/00000000] --------------------------------------------------------------------------------
                                                                [system/00000000]                                   [ Metadata ]                                  
                                                                [system/00000000] --------------------------------------------------------------------------------
                                                                [system/00000000] EXTERNAL_STORE_UUID (Database identifier exposed as external store identity. Generated on creation and never updated): f5971134-e6be-4e06-b1c0-3e1537d4a1e6
                                                                [system/00000000] DATABASE_ID (The last used DatabaseId for this database): null
                                                                [system/00000000] LEGACY_STORE_VERSION (Legacy store format version. This field is used from 5.0 onwards only to distinguish non-migrated pre 5.0 metadata stores.): -3523014627327384477
                                                                [system/00000000] STORE_ID (Store ID): StoreId{creationTime=1787518117037, random=-1085881962731566221, storageEngineName='record', formatName='aligned', majorVersion=1, minorVersion=1}
                                                                [system/00000000] 
2026-08-25 16:16:16.460+0000 INFO  [o.n.k.i.a.i.IndexingService] [system/00000000] IndexingService.init: indexes not specifically mentioned above are ONLINE. Total 7 indexes. Processed in 39ms
2026-08-25 16:16:16.463+0000 INFO  [o.n.k.a.DatabaseAvailabilityGuard] [system/00000000] Requirement `Database unavailable` makes database system unavailable.
2026-08-25 16:16:16.463+0000 INFO  [o.n.k.a.DatabaseAvailabilityGuard] [system/00000000] DatabaseId{00000000[system]} is unavailable.
2026-08-25 16:16:16.468+0000 INFO  [o.n.k.d.Database] [system/00000000] Starting transaction log [/data/transactions/system/neostore.transaction.db.0] at version=0
2026-08-25 16:16:16.472+0000 INFO  [o.n.k.d.Database] [system/00000000] Starting transaction log [/data/transactions/system/checkpoint.0] at version=0
2026-08-25 16:16:16.472+0000 INFO  [o.n.k.i.t.l.f.c.CheckpointLogFile] [system/00000000] Scanning log file with version 0 for checkpoint entries
2026-08-25 16:16:16.476+0000 INFO  [o.n.k.i.a.i.IndexingService] [system/00000000] IndexingService.start: indexes not specifically mentioned above are ONLINE. Total 7 indexes. Processed in 0ms
2026-08-25 16:16:16.482+0000 INFO  [o.n.k.a.DatabaseAvailabilityGuard] [system/00000000] Fulfilling of requirement 'Database unavailable' makes database system available.
2026-08-25 16:16:16.483+0000 INFO  [o.n.k.a.DatabaseAvailabilityGuard] [system/00000000] DatabaseId{00000000[system]} is ready.
2026-08-25 16:16:16.570+0000 INFO  [o.n.s.s.s.UserSecurityGraphComponent] Performing postInitialization step for component 'security-users' with version 5 and status CURRENT
2026-08-25 16:16:16.570+0000 INFO  [o.n.s.s.s.UserSecurityGraphComponent] Updating the initial password in component 'security-users'
2026-08-25 16:16:16.584+0000 INFO  [o.n.d.d.DatabaseLifecycles] Creating 'DatabaseId{7efa7199[neo4j]}'.
2026-08-25 16:16:16.586+0000 INFO  [o.n.d.d.DatabaseLifecycles] Starting 'DatabaseId{7efa7199[neo4j]}'.
2026-08-25 16:16:16.593+0000 INFO  [o.n.k.i.t.l.f.c.CheckpointLogFile] [neo4j/7efa7199] Scanning log file with version 0 for checkpoint entries
2026-08-25 16:16:16.604+0000 INFO  [o.n.k.i.s.f.RecordFormatSelector] [neo4j/7efa7199] Selected RecordFormat:PageAlignedV5_0[aligned-1.1] record format from store /data/databases/neo4j
2026-08-25 16:16:16.604+0000 INFO  [o.n.k.i.s.f.RecordFormatSelector] [neo4j/7efa7199] Selected format from the store files: RecordFormat:PageAlignedV5_0[aligned-1.1]
2026-08-25 16:16:16.643+0000 INFO  [o.n.i.d.DiagnosticsManager] [neo4j/7efa7199] 
                                                                [neo4j/7efa7199] ********************************************************************************
                                                                [neo4j/7efa7199]                               [ Database: neo4j ]                               
                                                                [neo4j/7efa7199] ********************************************************************************
                                                                [neo4j/7efa7199] --------------------------------------------------------------------------------
                                                                [neo4j/7efa7199]                                   [ Version ]                                   
                                                                [neo4j/7efa7199] --------------------------------------------------------------------------------
                                                                [neo4j/7efa7199] DBMS: community record-aligned-1.1
                                                                [neo4j/7efa7199] Kernel version: 5.26.29
                                                                [neo4j/7efa7199] 
                                                                [neo4j/7efa7199] --------------------------------------------------------------------------------
                                                                [neo4j/7efa7199]                                 [ Store files ]                                 
                                                                [neo4j/7efa7199] --------------------------------------------------------------------------------
                                                                [neo4j/7efa7199] Disk space on partition (Total / Free / Free %): 105086115840 / 69467484160 / 66
                                                                [neo4j/7efa7199] Storage files stored on file store: ext4
                                                                [neo4j/7efa7199] Storage files: (filename : modification date - size)
                                                                [neo4j/7efa7199]   database_lock: 2026-08-23 20:48:37.923+0000 - 0B
                                                                [neo4j/7efa7199]   neostore: 2026-08-23 20:48:37.913+0000 - 8.000KiB
                                                                [neo4j/7efa7199]   neostore.counts.db: 2026-08-25 16:16:16.630+0000 - 48.00KiB
                                                                [neo4j/7efa7199]   neostore.indexstats.db: 2026-08-25 16:16:16.633+0000 - 48.00KiB
                                                                [neo4j/7efa7199]   neostore.labeltokenstore.db: 2026-08-23 21:03:48.023+0000 - 8.000KiB
                                                                [neo4j/7efa7199]   neostore.labeltokenstore.db.id: 2026-08-25 16:16:16.624+0000 - 40.00KiB
                                                                [neo4j/7efa7199]   neostore.labeltokenstore.db.names: 2026-08-23 21:03:48.045+0000 - 8.000KiB
                                                                [neo4j/7efa7199]   neostore.labeltokenstore.db.names.id: 2026-08-25 16:16:16.622+0000 - 40.00KiB
                                                                [neo4j/7efa7199]   neostore.nodestore.db: 2026-08-25 15:59:41.926+0000 - 8.000KiB
                                                                [neo4j/7efa7199]   neostore.nodestore.db.id: 2026-08-25 16:16:16.606+0000 - 48.00KiB
                                                                [neo4j/7efa7199]   neostore.nodestore.db.labels: 2026-08-23 20:48:37.882+0000 - 8.000KiB
                                                                [neo4j/7efa7199]   neostore.nodestore.db.labels.id: 2026-08-25 16:16:16.604+0000 - 40.00KiB
                                                                [neo4j/7efa7199]   neostore.propertystore.db: 2026-08-25 15:59:41.923+0000 - 176.0KiB
                                                                [neo4j/7efa7199]   neostore.propertystore.db.arrays: 2026-08-23 20:48:37.895+0000 - 8.000KiB
                                                                [neo4j/7efa7199]   neostore.propertystore.db.arrays.id: 2026-08-25 16:16:16.613+0000 - 40.00KiB
                                                                [neo4j/7efa7199]   neostore.propertystore.db.id: 2026-08-25 16:16:16.615+0000 - 48.00KiB
                                                                [neo4j/7efa7199]   neostore.propertystore.db.index: 2026-08-25 14:23:07.753+0000 - 8.000KiB
                                                                [neo4j/7efa7199]   neostore.propertystore.db.index.id: 2026-08-25 16:16:16.610+0000 - 48.00KiB
                                                                [neo4j/7efa7199]   neostore.propertystore.db.index.keys: 2026-08-25 14:23:07.756+0000 - 8.000KiB
                                                                [neo4j/7efa7199]   neostore.propertystore.db.index.keys.id: 2026-08-25 16:16:16.608+0000 - 40.00KiB
                                                                [neo4j/7efa7199]   neostore.propertystore.db.strings: 2026-08-25 15:59:41.917+0000 - 256.0KiB
                                                                [neo4j/7efa7199]   neostore.propertystore.db.strings.id: 2026-08-25 16:16:16.612+0000 - 48.00KiB
                                                                [neo4j/7efa7199]   neostore.relationshipgroupstore.db: 2026-08-25 14:59:54.641+0000 - 8.000KiB
                                                                [neo4j/7efa7199]   neostore.relationshipgroupstore.db.id: 2026-08-25 16:16:16.627+0000 - 48.00KiB
                                                                [neo4j/7efa7199]   neostore.relationshipgroupstore.degrees.db: 2026-08-25 16:16:16.632+0000 - 48.00KiB
                                                                [neo4j/7efa7199]   neostore.relationshipstore.db: 2026-08-25 15:55:24.740+0000 - 32.00KiB
                                                                [neo4j/7efa7199]   neostore.relationshipstore.db.id: 2026-08-25 16:16:16.617+0000 - 48.00KiB
                                                                [neo4j/7efa7199]   neostore.relationshiptypestore.db: 2026-08-23 21:03:48.033+0000 - 8.000KiB
                                                                [neo4j/7efa7199]   neostore.relationshiptypestore.db.id: 2026-08-25 16:16:16.620+0000 - 40.00KiB
                                                                [neo4j/7efa7199]   neostore.relationshiptypestore.db.names: 2026-08-23 21:03:48.040+0000 - 8.000KiB
                                                                [neo4j/7efa7199]   neostore.relationshiptypestore.db.names.id: 2026-08-25 16:16:16.618+0000 - 40.00KiB
                                                                [neo4j/7efa7199]   neostore.schemastore.db: 2026-08-23 20:48:38.058+0000 - 8.000KiB
                                                                [neo4j/7efa7199]   neostore.schemastore.db.id: 2026-08-25 16:16:16.625+0000 - 40.00KiB
                                                                [neo4j/7efa7199]   schema:
                                                                [neo4j/7efa7199]     index:
                                                                [neo4j/7efa7199]       token-lookup-1.0:
                                                                [neo4j/7efa7199]         1:
                                                                [neo4j/7efa7199]           index-1: 2026-08-25 16:15:41.043+0000 - 48.00KiB
                                                                [neo4j/7efa7199]         - Total: 2026-08-23 20:48:37.946+0000 - 48.00KiB
                                                                [neo4j/7efa7199]         2:
                                                                [neo4j/7efa7199]           index-2: 2026-08-25 16:15:41.045+0000 - 48.00KiB
                                                                [neo4j/7efa7199]         - Total: 2026-08-23 20:48:37.959+0000 - 48.00KiB
                                                                [neo4j/7efa7199]       - Total: 2026-08-23 20:48:37.959+0000 - 96.00KiB
                                                                [neo4j/7efa7199]     - Total: 2026-08-23 20:48:37.946+0000 - 96.00KiB
                                                                [neo4j/7efa7199]   - Total: 2026-08-23 20:48:37.946+0000 - 96.00KiB
                                                                [neo4j/7efa7199] Storage summary: 
                                                                [neo4j/7efa7199]   Total size of store: 1.375MiB
                                                                [neo4j/7efa7199]   Total size of mapped files: 656.0KiB
                                                                [neo4j/7efa7199] 
                                                                [neo4j/7efa7199] --------------------------------------------------------------------------------
                                                                [neo4j/7efa7199]                               [ Transaction log ]                               
                                                                [neo4j/7efa7199] --------------------------------------------------------------------------------
                                                                [neo4j/7efa7199] Transaction log files stored on file store: ext4
                                                                [neo4j/7efa7199] Transaction log metadata:
                                                                [neo4j/7efa7199]  - current kernel version used in transactions: V5_25
                                                                [neo4j/7efa7199]  - last committed transaction id: 613
                                                                [neo4j/7efa7199] Transaction log files:
                                                                [neo4j/7efa7199]  - existing transaction log versions: 0-0
                                                                [neo4j/7efa7199]  - oldest append index 2 found in log with version 0
                                                                [neo4j/7efa7199]  - files: (filename : creation date - size)
                                                                [neo4j/7efa7199]      neostore.transaction.db.0: 2026-08-23 20:48:37.925+0000 - 256.0MiB
                                                                [neo4j/7efa7199]  - total size of files: 256.0MiB
                                                                [neo4j/7efa7199] Checkpoint log files:
                                                                [neo4j/7efa7199]  - existing checkpoint log versions: 0-0
                                                                [neo4j/7efa7199]  - last checkpoint: CheckpointInfo[oldestNotVisibleTransactionLogPosition=LogPosition{logVersion=0, byteOffset=1700461}, transactionLogPosition=LogPosition{logVersion=0, byteOffset=1700461}, storeId=StoreId{creationTime=1787518117914, random=1502559886532048127, storageEngineName='record', formatName='aligned', majorVersion=1, minorVersion=1}, checkpointEntryPosition=LogPosition{logVersion=0, byteOffset=2912}, channelPositionAfterCheckpoint=LogPosition{logVersion=0, byteOffset=3144}, checkpointFilePostReadPosition=LogPosition{logVersion=0, byteOffset=3144}, kernelVersion=KernelVersion{V5_25,version=20}, kernelVersionByte=20, transactionId=TransactionId[id=613, appendIndex=613, kernelVersion=KernelVersion{V5_25,version=20}, checksum=-1244259095, commitTimestamp=1787673557527, consensusIndex=-1], appendIndex=613, reason=Checkpoint triggered by "Database shutdown" @ txId: 613, append index: 613, consensusIndexInCheckpoint=true]
                                                                [neo4j/7efa7199] 
                                                                [neo4j/7efa7199] --------------------------------------------------------------------------------
                                                                [neo4j/7efa7199]                                   [ Id usage ]                                  
                                                                [neo4j/7efa7199] --------------------------------------------------------------------------------
                                                                [neo4j/7efa7199] ArrayPropertyStore[neostore.nodestore.db.labels]: used=1 high=0
                                                                [neo4j/7efa7199] NodeStore[neostore.nodestore.db]: used=431 high=430
                                                                [neo4j/7efa7199] StringPropertyStore[neostore.propertystore.db.index.keys]: used=53 high=52
                                                                [neo4j/7efa7199] PropertyIndexStore[neostore.propertystore.db.index]: used=43 high=42
                                                                [neo4j/7efa7199] StringPropertyStore[neostore.propertystore.db.strings]: used=1987 high=1986
                                                                [neo4j/7efa7199] ArrayPropertyStore[neostore.propertystore.db.arrays]: used=1 high=0
                                                                [neo4j/7efa7199] PropertyStore[neostore.propertystore.db]: used=4204 high=4203
                                                                [neo4j/7efa7199] RelationshipStore[neostore.relationshipstore.db]: used=844 high=843
                                                                [neo4j/7efa7199] StringPropertyStore[neostore.relationshiptypestore.db.names]: used=4 high=3
                                                                [neo4j/7efa7199] RelationshipTypeStore[neostore.relationshiptypestore.db]: used=3 high=2
                                                                [neo4j/7efa7199] StringPropertyStore[neostore.labeltokenstore.db.names]: used=5 high=4
                                                                [neo4j/7efa7199] LabelTokenStore[neostore.labeltokenstore.db]: used=4 high=3
                                                                [neo4j/7efa7199] SchemaStore[neostore.schemastore.db]: used=3 high=2
                                                                [neo4j/7efa7199] RelationshipGroupStore[neostore.relationshipgroupstore.db]: used=11 high=10
                                                                [neo4j/7efa7199] NeoStore[neostore]: used=-1 high=-1
                                                                [neo4j/7efa7199] 
                                                                [neo4j/7efa7199] --------------------------------------------------------------------------------
                                                                [neo4j/7efa7199]                                   [ Metadata ]                                  
                                                                [neo4j/7efa7199] --------------------------------------------------------------------------------
                                                                [neo4j/7efa7199] EXTERNAL_STORE_UUID (Database identifier exposed as external store identity. Generated on creation and never updated): 9398bedf-9e18-4801-997f-e5e31b48f286
                                                                [neo4j/7efa7199] DATABASE_ID (The last used DatabaseId for this database): null
                                                                [neo4j/7efa7199] LEGACY_STORE_VERSION (Legacy store format version. This field is used from 5.0 onwards only to distinguish non-migrated pre 5.0 metadata stores.): -3523014627327384477
                                                                [neo4j/7efa7199] STORE_ID (Store ID): StoreId{creationTime=1787518117914, random=1502559886532048127, storageEngineName='record', formatName='aligned', majorVersion=1, minorVersion=1}
                                                                [neo4j/7efa7199] 
2026-08-25 16:16:16.649+0000 INFO  [o.n.k.i.a.i.IndexingService] [neo4j/7efa7199] IndexingService.init: indexes not specifically mentioned above are ONLINE. Total 2 indexes. Processed in 3ms
2026-08-25 16:16:16.649+0000 INFO  [o.n.k.a.DatabaseAvailabilityGuard] [neo4j/7efa7199] Requirement `Database unavailable` makes database neo4j unavailable.
2026-08-25 16:16:16.650+0000 INFO  [o.n.k.a.DatabaseAvailabilityGuard] [neo4j/7efa7199] DatabaseId{7efa7199[neo4j]} is unavailable.
2026-08-25 16:16:16.650+0000 INFO  [o.n.k.d.Database] [neo4j/7efa7199] Starting transaction log [/data/transactions/neo4j/neostore.transaction.db.0] at version=0
2026-08-25 16:16:16.652+0000 INFO  [o.n.k.d.Database] [neo4j/7efa7199] Starting transaction log [/data/transactions/neo4j/checkpoint.0] at version=0
2026-08-25 16:16:16.652+0000 INFO  [o.n.k.i.t.l.f.c.CheckpointLogFile] [neo4j/7efa7199] Scanning log file with version 0 for checkpoint entries
2026-08-25 16:16:16.655+0000 INFO  [o.n.k.i.a.i.IndexingService] [neo4j/7efa7199] IndexingService.start: indexes not specifically mentioned above are ONLINE. Total 2 indexes. Processed in 0ms
2026-08-25 16:16:16.656+0000 INFO  [o.n.k.a.DatabaseAvailabilityGuard] [neo4j/7efa7199] Fulfilling of requirement 'Database unavailable' makes database neo4j available.
2026-08-25 16:16:16.656+0000 INFO  [o.n.k.a.DatabaseAvailabilityGuard] [neo4j/7efa7199] DatabaseId{7efa7199[neo4j]} is ready.
2026-08-25 16:16:16.656+0000 INFO  [o.n.u.UserDataCollector] Anonymous Usage Data is being sent to Neo4j, see https://neo4j.com/docs/usage-data/
2026-08-25 16:16:16.686+0000 INFO  [o.n.b.p.c.c.n.SocketNettyConnector] Bolt enabled on 0.0.0.0:7687.
2026-08-25 16:16:16.687+0000 WARN  [i.n.b.ServerBootstrap] Unknown channel option 'SO_REUSEADDR' for channel '[id: 0xba549c3e]' of type 'class io.netty.channel.local.LocalServerChannel'
2026-08-25 16:16:16.691+0000 INFO  [o.n.b.BoltServer] Bolt server started
2026-08-25 16:16:16.692+0000 INFO  [o.n.s.A.ServerComponentsLifecycleAdapter] Starting web server
2026-08-25 16:16:17.888+0000 INFO  [o.n.s.CommunityNeoWebServer] HTTP enabled on 0.0.0.0:7474.
2026-08-25 16:16:17.889+0000 INFO  [o.n.s.CommunityNeoWebServer] Remote interface available at http://localhost:7474/
2026-08-25 16:16:17.889+0000 INFO  [o.n.s.A.ServerComponentsLifecycleAdapter] Web server started.
2026-08-25 16:16:17.891+0000 INFO  [o.n.g.f.DatabaseManagementServiceFactory] id: F2D2C5DE77BE3C34B9607B923BB3D2B15214427F692CFA39DE25B6B8CAB44B79
2026-08-25 16:16:17.891+0000 INFO  [o.n.g.f.DatabaseManagementServiceFactory] name: system
2026-08-25 16:16:17.891+0000 INFO  [o.n.g.f.DatabaseManagementServiceFactory] creationDate: 2026-08-23T20:48:37.037Z
2026-08-25 16:34:26.675+0000 INFO  [o.n.k.i.t.l.c.CheckPointerImpl] [neo4j/7efa7199] Checkpoint triggered by "Scheduled checkpoint for every 15 minutes threshold" @ txId: 674, append index: 674 checkpoint started...
2026-08-25 16:34:26.743+0000 INFO  [o.n.k.i.t.l.c.CheckPointerImpl] [neo4j/7efa7199] Checkpoint triggered by "Scheduled checkpoint for every 15 minutes threshold" @ txId: 674, append index: 674 checkpoint completed in 67ms. Checkpoint flushed 69 pages (0% of total available pages), in 64 IOs. Checkpoint performed with IO limit: unlimited, paused in total 0 times( 0 millis).
2026-08-25 16:34:26.745+0000 INFO  [o.n.k.i.t.l.p.LogPruningImpl] [neo4j/7efa7199] No log version pruned. The strategy used was '2 days 2147483648 size'. 
2026-08-26 09:09:37.523+0000 INFO  [o.n.k.i.t.l.c.CheckPointerImpl] [neo4j/7efa7199] Checkpoint triggered by "Scheduled checkpoint for every 15 minutes threshold" @ txId: 676, append index: 676 checkpoint started...
2026-08-26 09:09:37.581+0000 INFO  [o.n.k.i.t.l.c.CheckPointerImpl] [neo4j/7efa7199] Checkpoint triggered by "Scheduled checkpoint for every 15 minutes threshold" @ txId: 676, append index: 676 checkpoint completed in 55ms. Checkpoint flushed 51 pages (0% of total available pages), in 48 IOs. Checkpoint performed with IO limit: unlimited, paused in total 0 times( 0 millis).
2026-08-26 09:09:37.581+0000 INFO  [o.n.k.i.t.l.p.LogPruningImpl] [neo4j/7efa7199] No log version pruned. The strategy used was '2 days 2147483648 size'. 
2026-08-26 17:27:17.968+0000 INFO  [o.n.k.i.t.l.c.CheckPointerImpl] [neo4j/7efa7199] Checkpoint triggered by "Scheduled checkpoint for every 15 minutes threshold" @ txId: 677, append index: 677 checkpoint started...
2026-08-26 17:27:18.026+0000 INFO  [o.n.k.i.t.l.c.CheckPointerImpl] [neo4j/7efa7199] Checkpoint triggered by "Scheduled checkpoint for every 15 minutes threshold" @ txId: 677, append index: 677 checkpoint completed in 57ms. Checkpoint flushed 41 pages (0% of total available pages), in 40 IOs. Checkpoint performed with IO limit: unlimited, paused in total 0 times( 0 millis).
2026-08-26 17:27:18.026+0000 INFO  [o.n.k.i.t.l.p.LogPruningImpl] [neo4j/7efa7199] No log version pruned. The strategy used was '2 days 2147483648 size'. 
2026-08-26 17:42:18.039+0000 INFO  [o.n.k.i.t.l.c.CheckPointerImpl] [neo4j/7efa7199] Checkpoint triggered by "Scheduled checkpoint for every 15 minutes threshold" @ txId: 679, append index: 679 checkpoint started...
2026-08-26 17:42:18.083+0000 INFO  [o.n.k.i.t.l.c.CheckPointerImpl] [neo4j/7efa7199] Checkpoint triggered by "Scheduled checkpoint for every 15 minutes threshold" @ txId: 679, append index: 679 checkpoint completed in 42ms. Checkpoint flushed 55 pages (0% of total available pages), in 51 IOs. Checkpoint performed with IO limit: unlimited, paused in total 0 times( 0 millis).
2026-08-26 17:42:18.083+0000 INFO  [o.n.k.i.t.l.p.LogPruningImpl] [neo4j/7efa7199] No log version pruned. The strategy used was '2 days 2147483648 size'. 
2026-08-26 20:08:12.258+0000 INFO  [o.n.g.f.DatabaseManagementServiceFactory] Shutdown started
2026-08-26 20:08:12.280+0000 INFO  [o.n.b.BoltServer] Requested Bolt server shutdown
2026-08-26 20:08:12.280+0000 INFO  [o.n.b.p.c.c.ConnectionRegistry] Stopping remaining idle connections for connector bolt-local
2026-08-26 20:08:12.281+0000 INFO  [o.n.b.p.c.c.ConnectionRegistry] Stopped 0 idling connections for connector bolt-local
2026-08-26 20:08:12.283+0000 INFO  [o.n.b.p.c.c.ConnectionRegistry] Stopping remaining idle connections for connector bolt
2026-08-26 20:08:12.283+0000 INFO  [o.n.b.p.c.c.ConnectionRegistry] Stopped 0 idling connections for connector bolt
2026-08-26 20:08:12.284+0000 INFO  [o.n.d.d.DatabaseLifecycles] Stopping 'DatabaseId{7efa7199[neo4j]}'.
2026-08-26 20:08:12.382+0000 INFO  [o.n.k.a.DatabaseAvailabilityGuard] [neo4j/7efa7199] Requirement `Database unavailable` makes database neo4j unavailable.
2026-08-26 20:08:12.382+0000 INFO  [o.n.k.a.DatabaseAvailabilityGuard] [neo4j/7efa7199] DatabaseId{7efa7199[neo4j]} is unavailable.
2026-08-26 20:08:12.384+0000 INFO  [o.n.k.d.Database] [neo4j/7efa7199] Waiting for closing transactions.
2026-08-26 20:08:12.384+0000 INFO  [o.n.k.d.Database] [neo4j/7efa7199] All transactions are closed.
2026-08-26 20:08:12.384+0000 INFO  [o.n.k.i.t.l.c.CheckPointerImpl] [neo4j/7efa7199] Checkpoint triggered by "Database shutdown" @ txId: 679, append index: 679 checkpoint started...
2026-08-26 20:08:12.419+0000 INFO  [o.n.k.i.t.l.c.CheckPointerImpl] [neo4j/7efa7199] Checkpoint triggered by "Database shutdown" @ txId: 679, append index: 679 checkpoint completed in 34ms. Checkpoint flushed 23 pages (0% of total available pages), in 22 IOs. Checkpoint performed with IO limit: unlimited, paused in total 0 times( 0 millis).
2026-08-26 20:08:12.419+0000 INFO  [o.n.k.i.t.l.p.LogPruningImpl] [neo4j/7efa7199] No log version pruned. The strategy used was '2 days 2147483648 size'. 
2026-08-26 20:08:12.466+0000 INFO  [o.n.d.d.DatabaseLifecycles] Stopped 'DatabaseId{7efa7199[neo4j]}' successfully.
2026-08-26 20:08:12.466+0000 INFO  [o.n.d.d.DatabaseLifecycles] Stopping 'DatabaseId{00000000[system]}'.
2026-08-26 20:08:12.466+0000 INFO  [o.n.k.a.DatabaseAvailabilityGuard] [system/00000000] Requirement `Database unavailable` makes database system unavailable.
2026-08-26 20:08:12.466+0000 INFO  [o.n.k.a.DatabaseAvailabilityGuard] [system/00000000] DatabaseId{00000000[system]} is unavailable.
2026-08-26 20:08:12.467+0000 INFO  [o.n.k.d.Database] [system/00000000] Waiting for closing transactions.
2026-08-26 20:08:12.467+0000 INFO  [o.n.k.d.Database] [system/00000000] All transactions are closed.
2026-08-26 20:08:12.467+0000 INFO  [o.n.k.i.t.l.c.CheckPointerImpl] [system/00000000] Checkpoint triggered by "Database shutdown" @ txId: 41, append index: 41 checkpoint started...
2026-08-26 20:08:12.503+0000 INFO  [o.n.k.i.t.l.c.CheckPointerImpl] [system/00000000] Checkpoint triggered by "Database shutdown" @ txId: 41, append index: 41 checkpoint completed in 35ms. Checkpoint flushed 28 pages (0% of total available pages), in 28 IOs. Checkpoint performed with IO limit: unlimited, paused in total 0 times( 0 millis).
2026-08-26 20:08:12.503+0000 INFO  [o.n.k.i.t.l.p.LogPruningImpl] [system/00000000] No log version pruned. The strategy used was '2 days 2147483648 size'. 
2026-08-26 20:08:12.530+0000 INFO  [o.n.d.d.DatabaseLifecycles] Stopped 'DatabaseId{00000000[system]}' successfully.
2026-08-26 20:08:12.531+0000 INFO  [o.n.b.BoltServer] Shutting down Bolt server
2026-08-26 20:08:17.543+0000 INFO  [o.n.b.p.c.c.ConnectionRegistry] Stopping 0 connections for connector bolt-local
2026-08-26 20:08:17.545+0000 INFO  [o.n.b.p.c.c.ConnectionRegistry] Stopped all remaining connections for connector bolt-local
2026-08-26 20:08:17.545+0000 INFO  [o.n.b.p.c.c.ConnectionRegistry] Stopping 0 connections for connector bolt
2026-08-26 20:08:17.545+0000 INFO  [o.n.b.p.c.c.ConnectionRegistry] Stopped all remaining connections for connector bolt
2026-08-26 20:08:17.547+0000 INFO  [o.n.b.BoltServer] Bolt server has been shut down
2026-08-26 20:08:48.896+0000 INFO  [o.n.g.f.m.GlobalModule] Logging config in use: File '/var/lib/neo4j/conf/server-logs.xml'
2026-08-26 20:08:49.103+0000 WARN  [o.n.k.i.JvmChecker] The max heap memory has not been configured. It is recommended that it is always explicitly configured, to ensure the system has a balanced configuration. Until then, a JVM computed heuristic of 2082471936 bytes is used instead. If you are running neo4j server, you need to configure server.memory.heap.max_size in neo4j.conf. If you are running neo4j embedded, you have to launch the JVM with -Xmx set to a value. You can run neo4j-admin server memory-recommendation for memory configuration suggestions.
2026-08-26 20:08:49.103+0000 WARN  [o.n.k.i.JvmChecker] The initial heap memory has not been configured. It is recommended that it is always explicitly configured, to ensure the system has a balanced configuration. Until then, a JVM computed heuristic of 132120576 bytes is used instead. If you are running neo4j server, you need to configure server.memory.heap.initial_size in neo4j.conf. If you are running neo4j embedded, you have to launch the JVM with -Xms set to a value. You can run neo4j-admin server memory-recommendation for memory configuration suggestions.
2026-08-26 20:08:49.422+0000 INFO  [o.n.i.d.DiagnosticsManager] 
                                                                ********************************************************************************
                                                                                             [ System diagnostics ]                             
                                                                ********************************************************************************
2026-08-26 20:08:49.422+0000 INFO  [o.n.i.d.DiagnosticsManager] 
                                                                --------------------------------------------------------------------------------
                                                                                         [ System memory information ]                          
                                                                --------------------------------------------------------------------------------
                                                                Total Physical memory: 7.755GiB
                                                                Free Physical memory: 527.7MiB
                                                                Committed virtual memory: 5.082GiB
                                                                Total swap space: 4.000GiB
                                                                Free swap space: 3.949GiB
                                                                
2026-08-26 20:08:49.422+0000 INFO  [o.n.i.d.DiagnosticsManager] 
                                                                --------------------------------------------------------------------------------
                                                                                           [ JVM memory information ]                           
                                                                --------------------------------------------------------------------------------
                                                                Free  memory: 48.60MiB
                                                                Total memory: 77.00MiB
                                                                Max   memory: 1.939GiB
                                                                Garbage Collector: G1 Young Generation: [G1 Eden Space, G1 Survivor Space, G1 Old Gen]
                                                                Garbage Collector: G1 Concurrent GC: [G1 Old Gen]
                                                                Garbage Collector: G1 Old Generation: [G1 Eden Space, G1 Survivor Space, G1 Old Gen]
                                                                Memory Pool: CodeHeap 'non-nmethods' (Non-heap memory): committed=2.438MiB, used=1.487MiB, max=5.566MiB, threshold=0B
                                                                Memory Pool: Metaspace (Non-heap memory): committed=22.31MiB, used=21.93MiB, max=-1B, threshold=0B
                                                                Memory Pool: CodeHeap 'profiled nmethods' (Non-heap memory): committed=5.125MiB, used=5.071MiB, max=117.2MiB, threshold=0B
                                                                Memory Pool: Compressed Class Space (Non-heap memory): committed=2.500MiB, used=2.324MiB, max=1.000GiB, threshold=0B
                                                                Memory Pool: G1 Eden Space (Heap memory): committed=48.00MiB, used=6.000MiB, max=-1B, threshold=?
                                                                Memory Pool: G1 Old Gen (Heap memory): committed=26.00MiB, used=19.04MiB, max=1.939GiB, threshold=0B
                                                                Memory Pool: G1 Survivor Space (Heap memory): committed=3.000MiB, used=2.355MiB, max=-1B, threshold=?
                                                                Memory Pool: CodeHeap 'non-profiled nmethods' (Non-heap memory): committed=2.438MiB, used=1.413MiB, max=117.2MiB, threshold=0B
                                                                
2026-08-26 20:08:49.422+0000 INFO  [o.n.i.d.DiagnosticsManager] 
                                                                --------------------------------------------------------------------------------
                                                                                        [ Operating system information ]                        
                                                                --------------------------------------------------------------------------------
                                                                Operating System: Linux; version: 6.8.0-138-generic; arch: amd64; cpus: 4
                                                                Max number of file descriptors: 524288
                                                                Number of open file descriptors: 229
                                                                Process id: 7
                                                                Byte order: LITTLE_ENDIAN
                                                                Local timezone: Etc/UTC
                                                                Memory page size: 4096
                                                                Unaligned memory access allowed: true
                                                                
2026-08-26 20:08:49.422+0000 INFO  [o.n.i.d.DiagnosticsManager] 
                                                                --------------------------------------------------------------------------------
                                                                                              [ JVM information ]                               
                                                                --------------------------------------------------------------------------------
                                                                VM Name: OpenJDK 64-Bit Server VM
                                                                VM Vendor: Eclipse Adoptium
                                                                VM Version: 21.0.12+8-LTS
                                                                JIT compiler: HotSpot 64-Bit Tiered Compilers
                                                                VM Arguments: [-XX:+UseG1GC, -XX:-OmitStackTraceInFastThrow, -XX:+AlwaysPreTouch, -XX:+UnlockExperimentalVMOptions, -XX:+TrustFinalNonStaticFields, -XX:+DisableExplicitGC, -Djdk.nio.maxCachedBufferSize=1024, -Dio.netty.tryReflectionSetAccessible=true, -Djdk.tls.ephemeralDHKeySize=2048, -Djdk.tls.rejectClientInitiatedRenegotiation=true, -XX:FlightRecorderOptions=stackdepth=256, -XX:+UnlockDiagnosticVMOptions, -XX:+DebugNonSafepoints, --add-opens=java.base/java.nio=ALL-UNNAMED, --add-opens=java.base/java.io=ALL-UNNAMED, --add-opens=java.base/sun.nio.ch=ALL-UNNAMED, --enable-native-access=ALL-UNNAMED, -Dlog4j2.disable.jmx=true, -Dlog4j.layout.jsonTemplate.maxStringLength=32768, -Dfile.encoding=UTF-8]
                                                                
2026-08-26 20:08:49.422+0000 INFO  [o.n.i.d.DiagnosticsManager] 
                                                                --------------------------------------------------------------------------------
                                                                                               [ Java classpath ]                               
                                                                --------------------------------------------------------------------------------
                                                                 [classpath] /var/lib/neo4j/lib/jetty-http2-hpack-12.1.11.jar
                                                                 [classpath] /var/lib/neo4j/lib/jetty-security-12.1.11.jar
                                                                 [classpath] /var/lib/neo4j/lib/neo4j-diagnostics-5.26.29.jar
                                                                 [classpath] /var/lib/neo4j/lib/neo4j-expressions-5.26.29.jar
                                                                 [classpath] /var/lib/neo4j/lib/neo4j-codegen-5.26.29.jar
                                                                 [classpath] /var/lib/neo4j/lib/neo4j-logging-5.26.29.jar
                                                                 [classpath] /var/lib/neo4j/lib/jetty-session-12.1.11.jar
                                                                 [classpath] /var/lib/neo4j/lib/neo4j-fabric-5.26.29.jar
                                                                 [classpath] /var/lib/neo4j/lib/neo4j-security-5.26.29.jar
                                                                 [classpath] /var/lib/neo4j/lib/jaxb-runtime-2.3.2.jar
                                                                 [classpath] /var/lib/neo4j/lib/neo4j-cypher-macros-5.26.29.jar
                                                                 [classpath] /var/lib/neo4j/lib/shiro-crypto-core-3.0.0.jar
                                                                 [classpath] /var/lib/neo4j/lib/jackson-jaxrs-base-2.22.1.jar
                                                                 [classpath] /var/lib/neo4j/lib/antlr4-runtime-4.13.2.jar
                                                                 [classpath] /var/lib/neo4j/lib/neo4j-layout-5.26.29.jar
                                                                 [classpath] /var/lib/neo4j/lib/caffeine-3.1.8.jar
                                                                 [classpath] /var/lib/neo4j/lib/magnolia_2.13-1.1.8.jar
                                                                 [classpath] /var/lib/neo4j/lib/scala-library-2.13.11.jar
                                                                 [classpath] /var/lib/neo4j/lib/commons-compress-1.27.1.jar
                                                                 [classpath] /var/lib/neo4j/conf/*
                                                                 [classpath] /var/lib/neo4j/lib/WMI4Java-1.6.3.jar
                                                                 [classpath] /var/lib/neo4j/lib/jakarta.xml.bind-api-2.3.2.jar
                                                                 [classpath] /var/lib/neo4j/lib/neo4j-concurrent-5.26.29.jar
                                                                 [classpath] /var/lib/neo4j/lib/jProcesses-1.6.5.jar
                                                                 [classpath] /var/lib/neo4j/lib/neo4j-monitoring-5.26.29.jar
                                                                 [classpath] /var/lib/neo4j/lib/hk2-locator-2.6.1.jar
                                                                 [classpath] /var/lib/neo4j/lib/shiro-config-core-3.0.0.jar
                                                                 [classpath] /var/lib/neo4j/lib/log4j-core-2.26.1.jar
                                                                 [classpath] /var/lib/neo4j/lib/neo4j-ssl-5.26.29.jar
                                                                 [classpath] /var/lib/neo4j/lib/neo4j-cypher-javacc-parser-5.26.29.jar
                                                                 [classpath] /var/lib/neo4j/lib/neo4j-cypher-rendering-5.26.29.jar
                                                                 [classpath] /var/lib/neo4j/lib/jetty-http-12.1.11.jar
                                                                 [classpath] /var/lib/neo4j/lib/parquet-column-1.17.1.jar
                                                                 [classpath] /var/lib/neo4j/lib/snappy-java-1.1.10.7.jar
                                                                 [classpath] /var/lib/neo4j/lib/annotations-5.26.29.jar
                                                                 [classpath] /var/lib/neo4j/lib/eclipse-collections-api-11.1.0.jar
                                                                 [classpath] /var/lib/neo4j/lib/jersey-container-servlet-2.46.jar
                                                                 [classpath] /var/lib/neo4j/lib/neo4j-configuration-5.26.29.jar
                                                                 [classpath] /var/lib/neo4j/lib/jansi-2.4.0.jar
                                                                 [classpath] /var/lib/neo4j/lib/neo4j-cypher-planner-5.26.29.jar
                                                                 [classpath] /var/lib/neo4j/lib/jline-terminal-3.21.0.jar
                                                                 [classpath] /var/lib/neo4j/lib/ipaddress-5.5.1.jar
                                                                 [classpath] /var/lib/neo4j/lib/netty-transport-native-epoll-4.1.136.Final-linux-aarch_64.jar
                                                                 [classpath] /var/lib/neo4j/lib/lucene-queryparser-9.11.1.jar
                                                                 [classpath] /var/lib/neo4j/lib/neo4j-bolt-connection-12.0.0.jar
                                                                 [classpath] /var/lib/neo4j/lib/jetty-ee8-nested-12.1.11.jar
                                                                 [classpath] /var/lib/neo4j/lib/neo4j-id-generator-5.26.29.jar
                                                                 [classpath] /var/lib/neo4j/lib/jetty-servlet-api-4.0.9.jar
                                                                 [classpath] /var/lib/neo4j/lib/neo4j-values-5.26.29.jar
                                                                 [classpath] /var/lib/neo4j/lib/cypher-antlr-common-5.26.29.jar
                                                                 [classpath] /var/lib/neo4j/lib/reactor-core-3.7.12.jar
                                                                 [classpath] /var/lib/neo4j/lib/jetty-http2-server-12.1.11.jar
                                                                 [classpath] /var/lib/neo4j/lib/netty-transport-classes-kqueue-4.1.136.Final.jar
                                                                 [classpath] /var/lib/neo4j/lib/zstd-jni-1.5.6-6.jar
                                                                 [classpath] /var/lib/neo4j/lib/jakarta.ws.rs-api-2.1.6.jar
                                                                 [classpath] /var/lib/neo4j/lib/kiama_2.13-2.5.1.jar
                                                                 [classpath] /var/lib/neo4j/lib/neo4j-unsafe-5.26.29.jar
                                                                 [classpath] /var/lib/neo4j/lib/neo4j-cypher-logical-plans-5.26.29.jar
                                                                 [classpath] /var/lib/neo4j/lib/lucene-analysis-common-9.11.1.jar
                                                                 [classpath] /var/lib/neo4j/lib/neo4j-bolt-5.26.29.jar
                                                                 [classpath] /var/lib/neo4j/lib/istack-commons-runtime-3.0.8.jar
                                                                 [classpath] /var/lib/neo4j/lib/shiro-crypto-cipher-3.0.0.jar
                                                                 [classpath] /var/lib/neo4j/lib/eclipse-collections-11.1.0.jar
                                                                 [classpath] /var/lib/neo4j/lib/netty-handler-4.1.136.Final.jar
                                                                 [classpath] /var/lib/neo4j/lib/parquet-floor-1.62.jar
                                                                 [classpath] /var/lib/neo4j/lib/log4j-layout-template-json-2.26.1.jar
                                                                 [classpath] /var/lib/neo4j/lib/neo4j-front-end-5.26.29.jar
                                                                 [classpath] /var/lib/neo4j/lib/commons-text-1.12.0.jar
                                                                 [classpath] /var/lib/neo4j/lib/neo4j-fulltext-index-5.26.29.jar
                                                                 [classpath] /var/lib/neo4j/lib/neo4j-5.26.29.jar
                                                                 [classpath] /var/lib/neo4j/lib/jts-core-1.20.0.jar
                                                                 [classpath] /var/lib/neo4j/lib/parquet-common-1.17.1.jar
                                                                 [classpath] /var/lib/neo4j/lib/neo4j-consistency-check-5.26.29.jar
                                                                 [classpath] /var/lib/neo4j/lib/cypher-parser-ast-common-5.26.29.jar
                                                                 [classpath] /var/lib/neo4j/lib/jakarta.validation-api-2.0.2.jar
                                                                 [classpath] /var/lib/neo4j/lib/picocli-4.7.6.jar
                                                                 [classpath] /var/lib/neo4j/lib/cypher-v5-literal-interpreter-5.26.29.jar
                                                                 [classpath] /var/lib/neo4j/lib/hk2-utils-2.6.1.jar
                                                                 [classpath] /var/lib/neo4j/lib/stax-ex-1.8.1.jar
                                                                 [classpath] /var/lib/neo4j/lib/txw2-2.3.2.jar
                                                                 [classpath] /var/lib/neo4j/lib/neo4j-graph-algo-5.26.29.jar
                                                                 [classpath] /var/lib/neo4j/lib/jackson-module-jaxb-annotations-2.22.1.jar
                                                                 [classpath] /var/lib/neo4j/lib/neo4j-cypher-physical-planning-5.26.29.jar
                                                                 [classpath] /var/lib/neo4j/lib/commons-io-2.17.0.jar
                                                                 [classpath] /var/lib/neo4j/lib/argparse4j-0.9.0.jar
                                                                 [classpath] /var/lib/neo4j/lib/neo4j-bootcheck-5.26.29.jar
                                                                 [classpath] /var/lib/neo4j/lib/neo4j-kernel-5.26.29.jar
                                                                 [classpath] /var/lib/neo4j/lib/neo4j-record-storage-engine-5.26.29.jar
                                                                 [classpath] /var/lib/neo4j/lib/netty-transport-native-kqueue-4.1.136.Final-osx-aarch_64.jar
                                                                 [classpath] /var/lib/neo4j/lib/cypher-v5-ast-factory-5.26.29.jar
                                                                 [classpath] /var/lib/neo4j/lib/cypher-parser-common-5.26.29.jar
                                                                 [classpath] /var/lib/neo4j/lib/neo4j-schema-5.26.29.jar
                                                                 [classpath] /var/lib/neo4j/lib/neo4j-wal-5.26.29.jar
                                                                 [classpath] /var/lib/neo4j/lib/parquet-encoding-1.17.1.jar
                                                                 [classpath] /var/lib/neo4j/lib/shiro-core-3.0.0.jar
                                                                 [classpath] /var/lib/neo4j/lib/cypher-v5-parser-listener-5.26.29.jar
                                                                 [classpath] /var/lib/neo4j/lib/cypher-v25-parser-listener-5.26.29.jar
                                                                 [classpath] /var/lib/neo4j/lib/lucene-backward-codecs-9.11.1.jar
                                                                 [classpath] /var/lib/neo4j/lib/netty-transport-native-unix-common-4.1.136.Final.jar
                                                                 [classpath] /var/lib/neo4j/lib/neo4j-resource-5.26.29.jar
                                                                 [classpath] /var/lib/neo4j/lib/neo4j-import-api-5.26.29.jar
                                                                 [classpath] /var/lib/neo4j/lib/neo4j-bolt-connection-pooled-12.0.0.jar
                                                                 [classpath] /var/lib/neo4j/lib/neo4j-kernel-api-5.26.29.jar
                                                                 [classpath] /var/lib/neo4j/lib/neo4j-storage-engine-util-5.26.29.jar
                                                                 [classpath] /var/lib/neo4j/lib/neo4j-slf4j-provider-5.26.29.jar
                                                                 [classpath] /var/lib/neo4j/lib/neo4j-notifications-5.26.29.jar
                                                                 [classpath] /var/lib/neo4j/lib/neo4j-cypher-planner-spi-5.26.29.jar
                                                                 [classpath] /var/lib/neo4j/lib/scala-collection-contrib_2.13-0.3.0.jar
                                                                 [classpath] /var/lib/neo4j/lib/jetty-ee-webapp-12.1.11.jar
                                                                 [classpath] /var/lib/neo4j/lib/jetty-io-12.1.11.jar
                                                                 [classpath] /var/lib/neo4j/lib/neo4j-bolt-connection-netty-12.0.0.jar
                                                                 [classpath] /var/lib/neo4j/lib/jetty-ee8-security-12.1.11.jar
                                                                 [classpath] /var/lib/neo4j/lib/neo4j-bolt-connection-routed-12.0.0.jar
                                                                 [classpath] /var/lib/neo4j/lib/commons-codec-1.17.1.jar
                                                                 [classpath] /var/lib/neo4j/lib/zstd-proxy-5.26.29.jar
                                                                 [classpath] /var/lib/neo4j/lib/netty-resolver-4.1.136.Final.jar
                                                                 [classpath] /var/lib/neo4j/lib/jPowerShell-3.0.jar
                                                                 [classpath] /var/lib/neo4j/lib/jetty-ee8-servlet-12.1.11.jar
                                                                 [classpath] /var/lib/neo4j/lib/reactive-streams-1.0.4.jar
                                                                 [classpath] /var/lib/neo4j/lib/neo4j-native-5.26.29.jar
                                                                 [classpath] /var/lib/neo4j/lib/server-api-5.26.29.jar
                                                                 [classpath] /var/lib/neo4j/lib/neo4j-import-tool-5.26.29.jar
                                                                 [classpath] /var/lib/neo4j/lib/neo4j-cloud-5.26.29.jar
                                                                 [classpath] /var/lib/neo4j/lib/neo4j-gql-status-5.26.29.jar
                                                                 [classpath] /var/lib/neo4j/lib/neo4j-capabilities-5.26.29.jar
                                                                 [classpath] /var/lib/neo4j/lib/shiro-lang-3.0.0.jar
                                                                 [classpath] /var/lib/neo4j/lib/neo4j-rewriting-5.26.29.jar
                                                                 [classpath] /var/lib/neo4j/lib/jaxb-api-2.2.12.jar
                                                                 [classpath] /var/lib/neo4j/lib/neo4j-index-5.26.29.jar
                                                                 [classpath] /var/lib/neo4j/lib/neo4j-exceptions-5.26.29.jar
                                                                 [classpath] /var/lib/neo4j/lib/netty-codec-4.1.136.Final.jar
                                                                 [classpath] /var/lib/neo4j/lib/jetty-alpn-server-12.1.11.jar
                                                                 [classpath] /var/lib/neo4j/lib/neo4j-cypher-dsl-2024.2.0.jar
                                                                 [classpath] /var/lib/neo4j/lib/cypher-ast-factory-5.26.29.jar
                                                                 [classpath] /var/lib/neo4j/lib/neo4j-server-5.26.29.jar
                                                                 [classpath] /var/lib/neo4j/lib/shiro-event-3.0.0.jar
                                                                 [classpath] /var/lib/neo4j/lib/javax.annotation-api-1.3.2.jar
                                                                 [classpath] /var/lib/neo4j/lib/jna-5.15.0.jar
                                                                 [classpath] /var/lib/neo4j/lib/neo4j-cypher-slotted-runtime-5.26.29.jar
                                                                 [classpath] /var/lib/neo4j/lib/neo4j-import-util-5.26.29.jar
                                                                 [classpath] /var/lib/neo4j/lib/shiro-cache-3.0.0.jar
                                                                 [classpath] /var/lib/neo4j/lib/jersey-common-2.46.jar
                                                                 [classpath] /var/lib/neo4j/lib/neo4j-cypher-ir-5.26.29.jar
                                                                 [classpath] /var/lib/neo4j/lib/log4j-api-2.26.1.jar
                                                                 [classpath] /var/lib/neo4j/lib/cypher-v5-antlr-parser-5.26.29.jar
                                                                 [classpath] /var/lib/neo4j/lib/jersey-client-2.46.jar
                                                                 [classpath] /var/lib/neo4j/lib/neo4j-spatial-index-5.26.29.jar
                                                                 [classpath] /var/lib/neo4j/lib/jersey-hk2-2.46.jar
                                                                 [classpath] /var/lib/neo4j/lib/neo4j-data-collector-5.26.29.jar
                                                                 [classpath] /var/lib/neo4j/lib/jetty-alpn-java-server-12.1.11.jar
                                                                 [classpath] /var/lib/neo4j/lib/netty-common-4.1.136.Final.jar
                                                                 [classpath] /var/lib/neo4j/lib/neo4j-cypher-5.26.29.jar
                                                                 [classpath] /var/lib/neo4j/lib/jersey-server-2.46.jar
                                                                 [classpath] /var/lib/neo4j/lib/cypher-shell-5.26.29.jar
                                                                 [classpath] /var/lib/neo4j/lib/jetty-xml-12.1.11.jar
                                                                 [classpath] /var/lib/neo4j/lib/neo4j-cypher-interpreted-runtime-5.26.29.jar
                                                                 [classpath] /var/lib/neo4j/lib/jline-terminal-jansi-3.21.0.jar
                                                                 [classpath] /var/lib/neo4j/lib/jackson-core-2.22.1.jar
                                                                 [classpath] /var/lib/neo4j/lib/neo4j-java-driver-5.28.14.jar
                                                                 [classpath] /var/lib/neo4j/lib/hk2-api-2.6.1.jar
                                                                 [classpath] /var/lib/neo4j/lib/netty-transport-native-kqueue-4.1.136.Final-osx-x86_64.jar
                                                                 [classpath] /var/lib/neo4j/lib/neo4j-cypher-runtime-util-5.26.29.jar
                                                                 [classpath] /var/lib/neo4j/lib/jetty-http2-common-12.1.11.jar
                                                                 [classpath] /var/lib/neo4j/lib/neo4j-lock-5.26.29.jar
                                                                 [classpath] /var/lib/neo4j/lib/neo4j-collections-5.26.29.jar
                                                                 [classpath] /var/lib/neo4j/lib/neo4j-query-router-5.26.29.jar
                                                                 [classpath] /var/lib/neo4j/lib/jackson-annotations-2.22.jar
                                                                 [classpath] /var/lib/neo4j/lib/neo4j-ast-5.26.29.jar
                                                                 [classpath] /var/lib/neo4j/lib/neo4j-io-5.26.29.jar
                                                                 [classpath] /var/lib/neo4j/lib/parquet-jackson-1.17.1.jar
                                                                 [classpath] /var/lib/neo4j/lib/neo4j-token-api-5.26.29.jar
                                                                 [classpath] /var/lib/neo4j/lib/commons-logging-1.3.4.jar
                                                                 [classpath] /var/lib/neo4j/lib/jakarta.activation-api-1.2.2.jar
                                                                 [classpath] /var/lib/neo4j/plugins/*
                                                                 [classpath] /var/lib/neo4j/lib/jetty-server-12.1.11.jar
                                                                 [classpath] /var/lib/neo4j/lib/commons-configuration2-2.15.1.jar
                                                                 [classpath] /var/lib/neo4j/lib/netty-buffer-4.1.136.Final.jar
                                                                 [classpath] /var/lib/neo4j/lib/jersey-container-servlet-core-2.46.jar
                                                                 [classpath] /var/lib/neo4j/lib/netty-transport-native-epoll-4.1.136.Final-linux-x86_64.jar
                                                                 [classpath] /var/lib/neo4j/lib/neo4j-dbms-5.26.29.jar
                                                                 [classpath] /var/lib/neo4j/lib/netty-codec-http-4.1.136.Final.jar
                                                                 [classpath] /var/lib/neo4j/lib/cypher-v25-antlr-parser-5.26.29.jar
                                                                 [classpath] /var/lib/neo4j/lib/jetty-util-12.1.11.jar
                                                                 [classpath] /var/lib/neo4j/lib/jettison-1.5.4.jar
                                                                 [classpath] /var/lib/neo4j/lib/jakarta.inject-2.6.1.jar
                                                                 [classpath] /var/lib/neo4j/lib/neo4j-push-to-cloud-5.26.29.jar
                                                                 [classpath] /var/lib/neo4j/lib/netty-tcnative-classes-2.0.78.Final.jar
                                                                 [classpath] /var/lib/neo4j/lib/neo4j-graphdb-api-5.26.29.jar
                                                                 [classpath] /var/lib/neo4j/lib/slf4j-api-2.0.9.jar
                                                                 [classpath] /var/lib/neo4j/lib/jline-reader-3.21.0.jar
                                                                 [classpath] /var/lib/neo4j/lib/neo4j-cypher-config-5.26.29.jar
                                                                 [classpath] /var/lib/neo4j/lib/FastInfoset-1.2.16.jar
                                                                 [classpath] /var/lib/neo4j/lib/jackson-jaxrs-json-provider-2.22.1.jar
                                                                 [classpath] /var/lib/neo4j/lib/javassist-3.30.2-GA.jar
                                                                 [classpath] /var/lib/neo4j/lib/neo4j-cypher-cache-5.26.29.jar
                                                                 [classpath] /var/lib/neo4j/lib/neo4j-udc-5.26.29.jar
                                                                 [classpath] /var/lib/neo4j/lib/cypher-parser-factory-5.26.29.jar
                                                                 [classpath] /var/lib/neo4j/lib/cypher-antlr-ast-common-5.26.29.jar
                                                                 [classpath] /var/lib/neo4j/lib/netty-transport-4.1.136.Final.jar
                                                                 [classpath] /var/lib/neo4j/lib/jetty-ee8-webapp-12.1.11.jar
                                                                 [classpath] /var/lib/neo4j/lib/neo4j-cypher-ast-factory-5.26.29.jar
                                                                 [classpath] /var/lib/neo4j/lib/neo4j-util-5.26.29.jar
                                                                 [classpath] /var/lib/neo4j/lib/commons-lang3-3.18.0.jar
                                                                 [classpath] /var/lib/neo4j/lib/neo4j-csv-5.26.29.jar
                                                                 [classpath] /var/lib/neo4j/lib/jackson-databind-2.22.1.jar
                                                                 [classpath] /var/lib/neo4j/lib/scala-reflect-2.13.11.jar
                                                                 [classpath] /var/lib/neo4j/lib/neo4j-cypher-expression-evaluator-5.26.29.jar
                                                                 [classpath] /var/lib/neo4j/lib/jakarta.annotation-api-1.3.5.jar
                                                                 [classpath] /var/lib/neo4j/lib/jctools-core-4.0.5.jar
                                                                 [classpath] /var/lib/neo4j/lib/shiro-crypto-hash-3.0.0.jar
                                                                 [classpath] /var/lib/neo4j/lib/cypher-v25-ast-factory-5.26.29.jar
                                                                 [classpath] /var/lib/neo4j/lib/neo4j-procedure-api-5.26.29.jar
                                                                 [classpath] /var/lib/neo4j/lib/neo4j-common-5.26.29.jar
                                                                 [classpath] /var/lib/neo4j/lib/neo4j-command-line-5.26.29.jar
                                                                 [classpath] /var/lib/neo4j/lib/parquet-hadoop-1.17.1.jar
                                                                 [classpath] /var/lib/neo4j/lib/parquet-format-structures-1.17.1.jar
                                                                 [classpath] /var/lib/neo4j/lib/neo4j-lucene-index-5.26.29.jar
                                                                 [classpath] /var/lib/neo4j/lib/neo4j-procedure-5.26.29.jar
                                                                 [classpath] /var/lib/neo4j/lib/netty-transport-classes-epoll-4.1.136.Final.jar
                                                                 [classpath] /var/lib/neo4j/lib/lucene-core-9.11.1.jar
                                                                
2026-08-26 20:08:49.422+0000 INFO  [o.n.i.d.DiagnosticsManager] 
                                                                --------------------------------------------------------------------------------
                                                                                                [ Library path ]                                
                                                                --------------------------------------------------------------------------------
                                                                /usr/java/packages/lib
                                                                /usr/lib64
                                                                /usr/lib64
                                                                /usr/lib
                                                                /usr/lib
                                                                
2026-08-26 20:08:49.422+0000 INFO  [o.n.i.d.DiagnosticsManager] 
                                                                --------------------------------------------------------------------------------
                                                                                             [ System properties ]                              
                                                                --------------------------------------------------------------------------------
                                                                jdk.tls.rejectClientInitiatedRenegotiation = true
                                                                sun.jnu.encoding = UTF-8
                                                                log4j.layout.jsonTemplate.maxStringLength = 32768
                                                                sun.arch.data.model = 64
                                                                user.timezone = Etc/UTC
                                                                sun.java.launcher = SUN_STANDARD
                                                                sun.boot.library.path = /opt/java/openjdk/lib
                                                                sun.java.command = org.neo4j.server.CommunityEntryPoint --home-dir=/var/lib/neo4j --config-dir=/var/lib/neo4j/conf --console-mode
                                                                jdk.debug = release
                                                                io.netty.tryReflectionSetAccessible = true
                                                                sun.cpu.endian = little
                                                                user.home = /var/lib/neo4j
                                                                user.language = en
                                                                file.separator = /
                                                                jdk.tls.ephemeralDHKeySize = 2048
                                                                sun.management.compiler = HotSpot 64-Bit Tiered Compilers
                                                                user.name = neo4j
                                                                stdout.encoding = UTF-8
                                                                jdk.nio.maxCachedBufferSize = 1024
                                                                path.separator = :
                                                                file.encoding = UTF-8
                                                                jnidispatch.path = /var/lib/neo4j/.cache/JNA/temp/jna11868658628356727194.tmp
                                                                jna.loaded = true
                                                                user.dir = /var/lib/neo4j
                                                                native.encoding = UTF-8
                                                                stderr.encoding = UTF-8
                                                                sun.io.unicode.encoding = UnicodeLittle
                                                                log4j2.disable.jmx = true
                                                                
2026-08-26 20:08:49.422+0000 INFO  [o.n.i.d.DiagnosticsManager] 
                                                                --------------------------------------------------------------------------------
                                                                                      [ (IANA) TimeZone database version ]                      
                                                                --------------------------------------------------------------------------------
                                                                  TimeZone version: 2026b (available for 604 zone identifiers)
                                                                
2026-08-26 20:08:49.423+0000 INFO  [o.n.i.d.DiagnosticsManager] 
                                                                --------------------------------------------------------------------------------
                                                                                            [ Network information ]                             
                                                                --------------------------------------------------------------------------------
                                                                Interface eth0:
                                                                    address: 172.18.0.2
                                                                Interface lo:
                                                                    address: 0:0:0:0:0:0:0:1%lo
                                                                    address: 127.0.0.1
                                                                
2026-08-26 20:08:49.423+0000 INFO  [o.n.i.d.DiagnosticsManager] 
                                                                --------------------------------------------------------------------------------
                                                                                         [ Native access information ]                          
                                                                --------------------------------------------------------------------------------
                                                                Native access details: Linux native access is available.
                                                                
2026-08-26 20:08:49.423+0000 INFO  [o.n.i.d.DiagnosticsManager] 
                                                                --------------------------------------------------------------------------------
                                                                                                [ DBMS config ]                                 
                                                                --------------------------------------------------------------------------------
                                                                DBMS provided settings:
                                                                db.tx_log.rotation.retention_policy=2 days 2G
                                                                server.bolt.enabled=true
                                                                server.default_listen_address=0.0.0.0
                                                                server.directories.import=/var/lib/neo4j/import
                                                                server.directories.logs=/logs
                                                                server.directories.neo4j_home=/var/lib/neo4j
                                                                server.http.enabled=true
                                                                server.https.enabled=false
                                                                server.jvm.additional=-XX:+UseG1GC
-XX:-OmitStackTraceInFastThrow
-XX:+AlwaysPreTouch
-XX:+UnlockExperimentalVMOptions
-XX:+TrustFinalNonStaticFields
-XX:+DisableExplicitGC
-Djdk.nio.maxCachedBufferSize=1024
-Dio.netty.tryReflectionSetAccessible=true
-Djdk.tls.ephemeralDHKeySize=2048
-Djdk.tls.rejectClientInitiatedRenegotiation=true
-XX:FlightRecorderOptions=stackdepth=256
-XX:+UnlockDiagnosticVMOptions
-XX:+DebugNonSafepoints
--add-opens=java.base/java.nio=ALL-UNNAMED
--add-opens=java.base/java.io=ALL-UNNAMED
--add-opens=java.base/sun.nio.ch=ALL-UNNAMED
--enable-native-access=ALL-UNNAMED
-Dlog4j2.disable.jmx=true
-Dlog4j.layout.jsonTemplate.maxStringLength=32768
                                                                server.memory.pagecache.size=512.00MiB
                                                                server.windows_service_name=neo4j
                                                                Directories in use:
                                                                server.directories.data=/var/lib/neo4j/data
                                                                server.directories.dumps.root=/var/lib/neo4j/data/dumps
                                                                server.directories.import=/var/lib/neo4j/import
                                                                server.directories.lib=/var/lib/neo4j/lib
                                                                server.directories.licenses=/var/lib/neo4j/licenses
                                                                server.directories.logs=/logs
                                                                server.directories.neo4j_home=/var/lib/neo4j
                                                                server.directories.plugins=/var/lib/neo4j/plugins
                                                                server.directories.run=/var/lib/neo4j/run
                                                                server.directories.script.root=/var/lib/neo4j/data/scripts
                                                                server.directories.transaction.logs.root=/var/lib/neo4j/data/transactions
                                                                
2026-08-26 20:08:49.423+0000 INFO  [o.n.i.d.DiagnosticsManager] 
                                                                --------------------------------------------------------------------------------
                                                                                                 [ Packaging ]                                  
                                                                --------------------------------------------------------------------------------
                                                                Edition: Community
                                                                Package Type: docker trixie
                                                                
2026-08-26 20:08:49.451+0000 INFO  [o.n.d.i.DefaultIdentityModule] Found ServerId on disk: ServerId{47f3f0d0} (47f3f0d0-ca2e-470e-b67a-d38560e1c59b)
2026-08-26 20:08:49.452+0000 INFO  [o.n.d.i.DefaultIdentityModule] This instance is ServerId{47f3f0d0} (47f3f0d0-ca2e-470e-b67a-d38560e1c59b)
2026-08-26 20:08:50.352+0000 INFO  [o.n.s.CommunityNeoWebServer] ======== Neo4j 5.26.29 ========
2026-08-26 20:08:50.366+0000 INFO  [o.n.d.d.DatabaseLifecycles] Creating 'DatabaseId{00000000[system]}'.
2026-08-26 20:08:50.535+0000 INFO  [o.n.b.BoltServer] Using connector transport epoll
2026-08-26 20:08:50.584+0000 INFO  [o.n.b.BoltServer] Configured external Bolt connector with listener address /0.0.0.0:7687
2026-08-26 20:08:50.586+0000 INFO  [o.n.b.BoltServer] Bolt server loaded
2026-08-26 20:08:50.603+0000 INFO  [o.n.d.d.DatabaseLifecycles] Starting 'DatabaseId{00000000[system]}'.
2026-08-26 20:08:51.215+0000 INFO  [o.n.k.i.t.l.f.c.CheckpointLogFile] [system/00000000] Scanning log file with version 0 for checkpoint entries
2026-08-26 20:08:51.251+0000 INFO  [o.n.k.i.s.f.RecordFormatSelector] [system/00000000] Selected RecordFormat:PageAlignedV5_0[aligned-1.1] record format from store /data/databases/system
2026-08-26 20:08:51.251+0000 INFO  [o.n.k.i.s.f.RecordFormatSelector] [system/00000000] Selected format from the store files: RecordFormat:PageAlignedV5_0[aligned-1.1]
2026-08-26 20:08:51.489+0000 INFO  [o.n.i.d.DiagnosticsManager] [system/00000000] 
                                                                [system/00000000] ********************************************************************************
                                                                [system/00000000]                               [ Database: system ]                              
                                                                [system/00000000] ********************************************************************************
                                                                [system/00000000] --------------------------------------------------------------------------------
                                                                [system/00000000]                                   [ Version ]                                   
                                                                [system/00000000] --------------------------------------------------------------------------------
                                                                [system/00000000] DBMS: community record-aligned-1.1
                                                                [system/00000000] Kernel version: 5.26.29
                                                                [system/00000000] 
                                                                [system/00000000] --------------------------------------------------------------------------------
                                                                [system/00000000]                                 [ Store files ]                                 
                                                                [system/00000000] --------------------------------------------------------------------------------
                                                                [system/00000000] Disk space on partition (Total / Free / Free %): 105086115840 / 65438470144 / 62
                                                                [system/00000000] Storage files stored on file store: ext4
                                                                [system/00000000] Storage files: (filename : modification date - size)
                                                                [system/00000000]   database_lock: 2026-08-23 20:48:37.143+0000 - 0B
                                                                [system/00000000]   neostore: 2026-08-23 20:48:37.038+0000 - 8.000KiB
                                                                [system/00000000]   neostore.counts.db: 2026-08-26 20:08:51.377+0000 - 48.00KiB
                                                                [system/00000000]   neostore.indexstats.db: 2026-08-26 20:08:51.395+0000 - 48.00KiB
                                                                [system/00000000]   neostore.labeltokenstore.db: 2026-08-23 21:03:47.294+0000 - 8.000KiB
                                                                [system/00000000]   neostore.labeltokenstore.db.id: 2026-08-26 20:08:51.349+0000 - 40.00KiB
                                                                [system/00000000]   neostore.labeltokenstore.db.names: 2026-08-23 21:03:47.299+0000 - 8.000KiB
                                                                [system/00000000]   neostore.labeltokenstore.db.names.id: 2026-08-26 20:08:51.345+0000 - 40.00KiB
                                                                [system/00000000]   neostore.nodestore.db: 2026-08-23 21:03:47.301+0000 - 8.000KiB
                                                                [system/00000000]   neostore.nodestore.db.id: 2026-08-26 20:08:51.312+0000 - 40.00KiB
                                                                [system/00000000]   neostore.nodestore.db.labels: 2026-08-23 20:48:36.986+0000 - 8.000KiB
                                                                [system/00000000]   neostore.nodestore.db.labels.id: 2026-08-26 20:08:51.304+0000 - 40.00KiB
                                                                [system/00000000]   neostore.propertystore.db: 2026-08-23 21:03:47.296+0000 - 8.000KiB
                                                                [system/00000000]   neostore.propertystore.db.arrays: 2026-08-23 20:48:37.008+0000 - 8.000KiB
                                                                [system/00000000]   neostore.propertystore.db.arrays.id: 2026-08-26 20:08:51.328+0000 - 40.00KiB
                                                                [system/00000000]   neostore.propertystore.db.id: 2026-08-26 20:08:51.331+0000 - 40.00KiB
                                                                [system/00000000]   neostore.propertystore.db.index: 2026-08-23 21:03:47.297+0000 - 8.000KiB
                                                                [system/00000000]   neostore.propertystore.db.index.id: 2026-08-26 20:08:51.320+0000 - 40.00KiB
                                                                [system/00000000]   neostore.propertystore.db.index.keys: 2026-08-23 21:03:47.304+0000 - 8.000KiB
                                                                [system/00000000]   neostore.propertystore.db.index.keys.id: 2026-08-26 20:08:51.316+0000 - 40.00KiB
                                                                [system/00000000]   neostore.propertystore.db.strings: 2026-08-23 21:03:47.303+0000 - 8.000KiB
                                                                [system/00000000]   neostore.propertystore.db.strings.id: 2026-08-26 20:08:51.324+0000 - 40.00KiB
                                                                [system/00000000]   neostore.relationshipgroupstore.db: 2026-08-23 20:48:37.029+0000 - 8.000KiB
                                                                [system/00000000]   neostore.relationshipgroupstore.db.id: 2026-08-26 20:08:51.358+0000 - 40.00KiB
                                                                [system/00000000]   neostore.relationshipgroupstore.degrees.db: 2026-08-26 20:08:51.388+0000 - 40.00KiB
                                                                [system/00000000]   neostore.relationshipstore.db: 2026-08-23 21:03:47.299+0000 - 8.000KiB
                                                                [system/00000000]   neostore.relationshipstore.db.id: 2026-08-26 20:08:51.336+0000 - 40.00KiB
                                                                [system/00000000]   neostore.relationshiptypestore.db: 2026-08-23 21:03:47.305+0000 - 8.000KiB
                                                                [system/00000000]   neostore.relationshiptypestore.db.id: 2026-08-26 20:08:51.342+0000 - 40.00KiB
                                                                [system/00000000]   neostore.relationshiptypestore.db.names: 2026-08-23 21:03:47.293+0000 - 8.000KiB
                                                                [system/00000000]   neostore.relationshiptypestore.db.names.id: 2026-08-26 20:08:51.340+0000 - 40.00KiB
                                                                [system/00000000]   neostore.schemastore.db: 2026-08-23 21:03:47.298+0000 - 8.000KiB
                                                                [system/00000000]   neostore.schemastore.db.id: 2026-08-26 20:08:51.355+0000 - 40.00KiB
                                                                [system/00000000]   schema:
                                                                [system/00000000]     index:
                                                                [system/00000000]       range-1.0:
                                                                [system/00000000]         3:
                                                                [system/00000000]           index-3: 2026-08-26 20:08:12.505+0000 - 48.00KiB
                                                                [system/00000000]         - Total: 2026-08-23 20:48:37.561+0000 - 48.00KiB
                                                                [system/00000000]         4:
                                                                [system/00000000]           index-4: 2026-08-26 20:08:12.506+0000 - 48.00KiB
                                                                [system/00000000]         - Total: 2026-08-23 20:48:37.606+0000 - 48.00KiB
                                                                [system/00000000]         7:
                                                                [system/00000000]           index-7: 2026-08-26 20:08:12.507+0000 - 48.00KiB
                                                                [system/00000000]         - Total: 2026-08-23 20:48:37.778+0000 - 48.00KiB
                                                                [system/00000000]         8:
                                                                [system/00000000]           index-8: 2026-08-26 20:08:12.508+0000 - 48.00KiB
                                                                [system/00000000]         - Total: 2026-08-23 20:48:37.802+0000 - 48.00KiB
                                                                [system/00000000]         9:
                                                                [system/00000000]           index-9: 2026-08-26 20:08:12.509+0000 - 48.00KiB
                                                                [system/00000000]         - Total: 2026-08-23 20:48:37.827+0000 - 48.00KiB
                                                                [system/00000000]       - Total: 2026-08-23 20:48:37.827+0000 - 240.0KiB
                                                                [system/00000000]       token-lookup-1.0:
                                                                [system/00000000]         1:
                                                                [system/00000000]           index-1: 2026-08-26 20:08:12.502+0000 - 48.00KiB
                                                                [system/00000000]         - Total: 2026-08-23 20:48:37.324+0000 - 48.00KiB
                                                                [system/00000000]         2:
                                                                [system/00000000]           index-2: 2026-08-26 20:08:12.503+0000 - 48.00KiB
                                                                [system/00000000]         - Total: 2026-08-23 20:48:37.364+0000 - 48.00KiB
                                                                [system/00000000]       - Total: 2026-08-23 20:48:37.364+0000 - 96.00KiB
                                                                [system/00000000]     - Total: 2026-08-23 20:48:37.561+0000 - 336.0KiB
                                                                [system/00000000]   - Total: 2026-08-23 20:48:37.322+0000 - 336.0KiB
                                                                [system/00000000] Storage summary: 
                                                                [system/00000000]   Total size of store: 1.125MiB
                                                                [system/00000000]   Total size of mapped files: 456.0KiB
                                                                [system/00000000] 
                                                                [system/00000000] --------------------------------------------------------------------------------
                                                                [system/00000000]                               [ Transaction log ]                               
                                                                [system/00000000] --------------------------------------------------------------------------------
                                                                [system/00000000] Transaction log files stored on file store: ext4
                                                                [system/00000000] Transaction log metadata:
                                                                [system/00000000]  - current kernel version used in transactions: V5_25
                                                                [system/00000000]  - last committed transaction id: 41
                                                                [system/00000000] Transaction log files:
                                                                [system/00000000]  - existing transaction log versions: 0-0
                                                                [system/00000000]  - oldest append index 2 found in log with version 0
                                                                [system/00000000]  - files: (filename : creation date - size)
                                                                [system/00000000]      neostore.transaction.db.0: 2026-08-23 20:48:37.155+0000 - 256.0MiB
                                                                [system/00000000]  - total size of files: 256.0MiB
                                                                [system/00000000] Checkpoint log files:
                                                                [system/00000000]  - existing checkpoint log versions: 0-0
                                                                [system/00000000]  - last checkpoint: CheckpointInfo[oldestNotVisibleTransactionLogPosition=LogPosition{logVersion=0, byteOffset=24028}, transactionLogPosition=LogPosition{logVersion=0, byteOffset=24028}, storeId=StoreId{creationTime=1787518117037, random=-1085881962731566221, storageEngineName='record', formatName='aligned', majorVersion=1, minorVersion=1}, checkpointEntryPosition=LogPosition{logVersion=0, byteOffset=1752}, channelPositionAfterCheckpoint=LogPosition{logVersion=0, byteOffset=1984}, checkpointFilePostReadPosition=LogPosition{logVersion=0, byteOffset=1984}, kernelVersion=KernelVersion{V5_25,version=20}, kernelVersionByte=20, transactionId=TransactionId[id=41, appendIndex=41, kernelVersion=KernelVersion{V5_25,version=20}, checksum=-119534126, commitTimestamp=1787518117868, consensusIndex=-1], appendIndex=41, reason=Checkpoint triggered by "Database shutdown" @ txId: 41, append index: 41, consensusIndexInCheckpoint=true]
                                                                [system/00000000] 
                                                                [system/00000000] --------------------------------------------------------------------------------
                                                                [system/00000000]                                   [ Id usage ]                                  
                                                                [system/00000000] --------------------------------------------------------------------------------
                                                                [system/00000000] ArrayPropertyStore[neostore.nodestore.db.labels]: used=1 high=0
                                                                [system/00000000] NodeStore[neostore.nodestore.db]: used=7 high=6
                                                                [system/00000000] StringPropertyStore[neostore.propertystore.db.index.keys]: used=47 high=46
                                                                [system/00000000] PropertyIndexStore[neostore.propertystore.db.index]: used=33 high=32
                                                                [system/00000000] StringPropertyStore[neostore.propertystore.db.strings]: used=3 high=2
                                                                [system/00000000] ArrayPropertyStore[neostore.propertystore.db.arrays]: used=1 high=0
                                                                [system/00000000] PropertyStore[neostore.propertystore.db]: used=73 high=72
                                                                [system/00000000] RelationshipStore[neostore.relationshipstore.db]: used=3 high=2
                                                                [system/00000000] StringPropertyStore[neostore.relationshiptypestore.db.names]: used=3 high=2
                                                                [system/00000000] RelationshipTypeStore[neostore.relationshiptypestore.db]: used=2 high=1
                                                                [system/00000000] StringPropertyStore[neostore.labeltokenstore.db.names]: used=6 high=5
                                                                [system/00000000] LabelTokenStore[neostore.labeltokenstore.db]: used=5 high=4
                                                                [system/00000000] SchemaStore[neostore.schemastore.db]: used=13 high=12
                                                                [system/00000000] RelationshipGroupStore[neostore.relationshipgroupstore.db]: used=1 high=0
                                                                [system/00000000] NeoStore[neostore]: used=-1 high=-1
                                                                [system/00000000] 
                                                                [system/00000000] --------------------------------------------------------------------------------
                                                                [system/00000000]                                   [ Metadata ]                                  
                                                                [system/00000000] --------------------------------------------------------------------------------
                                                                [system/00000000] EXTERNAL_STORE_UUID (Database identifier exposed as external store identity. Generated on creation and never updated): f5971134-e6be-4e06-b1c0-3e1537d4a1e6
                                                                [system/00000000] DATABASE_ID (The last used DatabaseId for this database): null
                                                                [system/00000000] LEGACY_STORE_VERSION (Legacy store format version. This field is used from 5.0 onwards only to distinguish non-migrated pre 5.0 metadata stores.): -3523014627327384477
                                                                [system/00000000] STORE_ID (Store ID): StoreId{creationTime=1787518117037, random=-1085881962731566221, storageEngineName='record', formatName='aligned', majorVersion=1, minorVersion=1}
                                                                [system/00000000] 
2026-08-26 20:08:51.565+0000 INFO  [o.n.k.i.a.i.IndexingService] [system/00000000] IndexingService.init: indexes not specifically mentioned above are ONLINE. Total 7 indexes. Processed in 41ms
2026-08-26 20:08:51.567+0000 INFO  [o.n.k.a.DatabaseAvailabilityGuard] [system/00000000] Requirement `Database unavailable` makes database system unavailable.
2026-08-26 20:08:51.568+0000 INFO  [o.n.k.a.DatabaseAvailabilityGuard] [system/00000000] DatabaseId{00000000[system]} is unavailable.
2026-08-26 20:08:51.575+0000 INFO  [o.n.k.d.Database] [system/00000000] Starting transaction log [/data/transactions/system/neostore.transaction.db.0] at version=0
2026-08-26 20:08:51.578+0000 INFO  [o.n.k.d.Database] [system/00000000] Starting transaction log [/data/transactions/system/checkpoint.0] at version=0
2026-08-26 20:08:51.579+0000 INFO  [o.n.k.i.t.l.f.c.CheckpointLogFile] [system/00000000] Scanning log file with version 0 for checkpoint entries
2026-08-26 20:08:51.584+0000 INFO  [o.n.k.i.a.i.IndexingService] [system/00000000] IndexingService.start: indexes not specifically mentioned above are ONLINE. Total 7 indexes. Processed in 0ms
2026-08-26 20:08:51.591+0000 INFO  [o.n.k.a.DatabaseAvailabilityGuard] [system/00000000] Fulfilling of requirement 'Database unavailable' makes database system available.
2026-08-26 20:08:51.592+0000 INFO  [o.n.k.a.DatabaseAvailabilityGuard] [system/00000000] DatabaseId{00000000[system]} is ready.
2026-08-26 20:08:51.684+0000 INFO  [o.n.s.s.s.UserSecurityGraphComponent] Performing postInitialization step for component 'security-users' with version 5 and status CURRENT
2026-08-26 20:08:51.684+0000 INFO  [o.n.s.s.s.UserSecurityGraphComponent] Updating the initial password in component 'security-users'
2026-08-26 20:08:51.698+0000 INFO  [o.n.d.d.DatabaseLifecycles] Creating 'DatabaseId{7efa7199[neo4j]}'.
2026-08-26 20:08:51.701+0000 INFO  [o.n.d.d.DatabaseLifecycles] Starting 'DatabaseId{7efa7199[neo4j]}'.
2026-08-26 20:08:51.708+0000 INFO  [o.n.k.i.t.l.f.c.CheckpointLogFile] [neo4j/7efa7199] Scanning log file with version 0 for checkpoint entries
2026-08-26 20:08:51.719+0000 INFO  [o.n.k.i.s.f.RecordFormatSelector] [neo4j/7efa7199] Selected RecordFormat:PageAlignedV5_0[aligned-1.1] record format from store /data/databases/neo4j
2026-08-26 20:08:51.719+0000 INFO  [o.n.k.i.s.f.RecordFormatSelector] [neo4j/7efa7199] Selected format from the store files: RecordFormat:PageAlignedV5_0[aligned-1.1]
2026-08-26 20:08:51.770+0000 INFO  [o.n.i.d.DiagnosticsManager] [neo4j/7efa7199] 
                                                                [neo4j/7efa7199] ********************************************************************************
                                                                [neo4j/7efa7199]                               [ Database: neo4j ]                               
                                                                [neo4j/7efa7199] ********************************************************************************
                                                                [neo4j/7efa7199] --------------------------------------------------------------------------------
                                                                [neo4j/7efa7199]                                   [ Version ]                                   
                                                                [neo4j/7efa7199] --------------------------------------------------------------------------------
                                                                [neo4j/7efa7199] DBMS: community record-aligned-1.1
                                                                [neo4j/7efa7199] Kernel version: 5.26.29
                                                                [neo4j/7efa7199] 
                                                                [neo4j/7efa7199] --------------------------------------------------------------------------------
                                                                [neo4j/7efa7199]                                 [ Store files ]                                 
                                                                [neo4j/7efa7199] --------------------------------------------------------------------------------
                                                                [neo4j/7efa7199] Disk space on partition (Total / Free / Free %): 105086115840 / 65438449664 / 62
                                                                [neo4j/7efa7199] Storage files stored on file store: ext4
                                                                [neo4j/7efa7199] Storage files: (filename : modification date - size)
                                                                [neo4j/7efa7199]   database_lock: 2026-08-23 20:48:37.923+0000 - 0B
                                                                [neo4j/7efa7199]   neostore: 2026-08-23 20:48:37.913+0000 - 8.000KiB
                                                                [neo4j/7efa7199]   neostore.counts.db: 2026-08-26 20:08:51.754+0000 - 48.00KiB
                                                                [neo4j/7efa7199]   neostore.indexstats.db: 2026-08-26 20:08:51.760+0000 - 48.00KiB
                                                                [neo4j/7efa7199]   neostore.labeltokenstore.db: 2026-08-25 16:34:26.726+0000 - 8.000KiB
                                                                [neo4j/7efa7199]   neostore.labeltokenstore.db.id: 2026-08-26 20:08:51.746+0000 - 40.00KiB
                                                                [neo4j/7efa7199]   neostore.labeltokenstore.db.names: 2026-08-25 16:34:26.739+0000 - 8.000KiB
                                                                [neo4j/7efa7199]   neostore.labeltokenstore.db.names.id: 2026-08-26 20:08:51.744+0000 - 40.00KiB
                                                                [neo4j/7efa7199]   neostore.nodestore.db: 2026-08-26 17:42:18.079+0000 - 8.000KiB
                                                                [neo4j/7efa7199]   neostore.nodestore.db.id: 2026-08-26 20:08:51.723+0000 - 48.00KiB
                                                                [neo4j/7efa7199]   neostore.nodestore.db.labels: 2026-08-23 20:48:37.882+0000 - 8.000KiB
                                                                [neo4j/7efa7199]   neostore.nodestore.db.labels.id: 2026-08-26 20:08:51.720+0000 - 40.00KiB
                                                                [neo4j/7efa7199]   neostore.propertystore.db: 2026-08-26 17:42:18.076+0000 - 192.0KiB
                                                                [neo4j/7efa7199]   neostore.propertystore.db.arrays: 2026-08-23 20:48:37.895+0000 - 8.000KiB
                                                                [neo4j/7efa7199]   neostore.propertystore.db.arrays.id: 2026-08-26 20:08:51.733+0000 - 40.00KiB
                                                                [neo4j/7efa7199]   neostore.propertystore.db.id: 2026-08-26 20:08:51.735+0000 - 48.00KiB
                                                                [neo4j/7efa7199]   neostore.propertystore.db.index: 2026-08-26 09:09:37.575+0000 - 8.000KiB
                                                                [neo4j/7efa7199]   neostore.propertystore.db.index.id: 2026-08-26 20:08:51.727+0000 - 48.00KiB
                                                                [neo4j/7efa7199]   neostore.propertystore.db.index.keys: 2026-08-26 09:09:37.578+0000 - 8.000KiB
                                                                [neo4j/7efa7199]   neostore.propertystore.db.index.keys.id: 2026-08-26 20:08:51.725+0000 - 40.00KiB
                                                                [neo4j/7efa7199]   neostore.propertystore.db.strings: 2026-08-26 17:42:18.074+0000 - 288.0KiB
                                                                [neo4j/7efa7199]   neostore.propertystore.db.strings.id: 2026-08-26 20:08:51.730+0000 - 48.00KiB
                                                                [neo4j/7efa7199]   neostore.relationshipgroupstore.db: 2026-08-25 16:34:26.737+0000 - 8.000KiB
                                                                [neo4j/7efa7199]   neostore.relationshipgroupstore.db.id: 2026-08-26 20:08:51.751+0000 - 48.00KiB
                                                                [neo4j/7efa7199]   neostore.relationshipgroupstore.degrees.db: 2026-08-26 20:08:51.757+0000 - 48.00KiB
                                                                [neo4j/7efa7199]   neostore.relationshipstore.db: 2026-08-26 17:42:18.078+0000 - 32.00KiB
                                                                [neo4j/7efa7199]   neostore.relationshipstore.db.id: 2026-08-26 20:08:51.737+0000 - 48.00KiB
                                                                [neo4j/7efa7199]   neostore.relationshiptypestore.db: 2026-08-23 21:03:48.033+0000 - 8.000KiB
                                                                [neo4j/7efa7199]   neostore.relationshiptypestore.db.id: 2026-08-26 20:08:51.741+0000 - 40.00KiB
                                                                [neo4j/7efa7199]   neostore.relationshiptypestore.db.names: 2026-08-23 21:03:48.040+0000 - 8.000KiB
                                                                [neo4j/7efa7199]   neostore.relationshiptypestore.db.names.id: 2026-08-26 20:08:51.739+0000 - 40.00KiB
                                                                [neo4j/7efa7199]   neostore.schemastore.db: 2026-08-23 20:48:38.058+0000 - 8.000KiB
                                                                [neo4j/7efa7199]   neostore.schemastore.db.id: 2026-08-26 20:08:51.748+0000 - 40.00KiB
                                                                [neo4j/7efa7199]   schema:
                                                                [neo4j/7efa7199]     index:
                                                                [neo4j/7efa7199]       token-lookup-1.0:
                                                                [neo4j/7efa7199]         1:
                                                                [neo4j/7efa7199]           index-1: 2026-08-26 20:08:12.420+0000 - 48.00KiB
                                                                [neo4j/7efa7199]         - Total: 2026-08-23 20:48:37.946+0000 - 48.00KiB
                                                                [neo4j/7efa7199]         2:
                                                                [neo4j/7efa7199]           index-2: 2026-08-26 20:08:12.422+0000 - 48.00KiB
                                                                [neo4j/7efa7199]         - Total: 2026-08-23 20:48:37.959+0000 - 48.00KiB
                                                                [neo4j/7efa7199]       - Total: 2026-08-23 20:48:37.959+0000 - 96.00KiB
                                                                [neo4j/7efa7199]     - Total: 2026-08-23 20:48:37.946+0000 - 96.00KiB
                                                                [neo4j/7efa7199]   - Total: 2026-08-23 20:48:37.946+0000 - 96.00KiB
                                                                [neo4j/7efa7199] Storage summary: 
                                                                [neo4j/7efa7199]   Total size of store: 1.422MiB
                                                                [neo4j/7efa7199]   Total size of mapped files: 704.0KiB
                                                                [neo4j/7efa7199] 
                                                                [neo4j/7efa7199] --------------------------------------------------------------------------------
                                                                [neo4j/7efa7199]                               [ Transaction log ]                               
                                                                [neo4j/7efa7199] --------------------------------------------------------------------------------
                                                                [neo4j/7efa7199] Transaction log files stored on file store: ext4
                                                                [neo4j/7efa7199] Transaction log metadata:
                                                                [neo4j/7efa7199]  - current kernel version used in transactions: V5_25
                                                                [neo4j/7efa7199]  - last committed transaction id: 679
                                                                [neo4j/7efa7199] Transaction log files:
                                                                [neo4j/7efa7199]  - existing transaction log versions: 0-0
                                                                [neo4j/7efa7199]  - oldest append index 2 found in log with version 0
                                                                [neo4j/7efa7199]  - files: (filename : creation date - size)
                                                                [neo4j/7efa7199]      neostore.transaction.db.0: 2026-08-23 20:48:37.925+0000 - 256.0MiB
                                                                [neo4j/7efa7199]  - total size of files: 256.0MiB
                                                                [neo4j/7efa7199] Checkpoint log files:
                                                                [neo4j/7efa7199]  - existing checkpoint log versions: 0-0
                                                                [neo4j/7efa7199]  - last checkpoint: CheckpointInfo[oldestNotVisibleTransactionLogPosition=LogPosition{logVersion=0, byteOffset=1839759}, transactionLogPosition=LogPosition{logVersion=0, byteOffset=1839759}, storeId=StoreId{creationTime=1787518117914, random=1502559886532048127, storageEngineName='record', formatName='aligned', majorVersion=1, minorVersion=1}, checkpointEntryPosition=LogPosition{logVersion=0, byteOffset=4072}, channelPositionAfterCheckpoint=LogPosition{logVersion=0, byteOffset=4304}, checkpointFilePostReadPosition=LogPosition{logVersion=0, byteOffset=4304}, kernelVersion=KernelVersion{V5_25,version=20}, kernelVersionByte=20, transactionId=TransactionId[id=679, appendIndex=679, kernelVersion=KernelVersion{V5_25,version=20}, checksum=1230642879, commitTimestamp=1787765253851, consensusIndex=-1], appendIndex=679, reason=Checkpoint triggered by "Database shutdown" @ txId: 679, append index: 679, consensusIndexInCheckpoint=true]
                                                                [neo4j/7efa7199] 
                                                                [neo4j/7efa7199] --------------------------------------------------------------------------------
                                                                [neo4j/7efa7199]                                   [ Id usage ]                                  
                                                                [neo4j/7efa7199] --------------------------------------------------------------------------------
                                                                [neo4j/7efa7199] ArrayPropertyStore[neostore.nodestore.db.labels]: used=1 high=0
                                                                [neo4j/7efa7199] NodeStore[neostore.nodestore.db]: used=489 high=488
                                                                [neo4j/7efa7199] StringPropertyStore[neostore.propertystore.db.index.keys]: used=65 high=64
                                                                [neo4j/7efa7199] PropertyIndexStore[neostore.propertystore.db.index]: used=55 high=54
                                                                [neo4j/7efa7199] StringPropertyStore[neostore.propertystore.db.strings]: used=2279 high=2278
                                                                [neo4j/7efa7199] ArrayPropertyStore[neostore.propertystore.db.arrays]: used=1 high=0
                                                                [neo4j/7efa7199] PropertyStore[neostore.propertystore.db]: used=4604 high=4603
                                                                [neo4j/7efa7199] RelationshipStore[neostore.relationshipstore.db]: used=940 high=939
                                                                [neo4j/7efa7199] StringPropertyStore[neostore.relationshiptypestore.db.names]: used=4 high=3
                                                                [neo4j/7efa7199] RelationshipTypeStore[neostore.relationshiptypestore.db]: used=3 high=2
                                                                [neo4j/7efa7199] StringPropertyStore[neostore.labeltokenstore.db.names]: used=6 high=5
                                                                [neo4j/7efa7199] LabelTokenStore[neostore.labeltokenstore.db]: used=5 high=4
                                                                [neo4j/7efa7199] SchemaStore[neostore.schemastore.db]: used=3 high=2
                                                                [neo4j/7efa7199] RelationshipGroupStore[neostore.relationshipgroupstore.db]: used=13 high=12
                                                                [neo4j/7efa7199] NeoStore[neostore]: used=-1 high=-1
                                                                [neo4j/7efa7199] 
                                                                [neo4j/7efa7199] --------------------------------------------------------------------------------
                                                                [neo4j/7efa7199]                                   [ Metadata ]                                  
                                                                [neo4j/7efa7199] --------------------------------------------------------------------------------
                                                                [neo4j/7efa7199] EXTERNAL_STORE_UUID (Database identifier exposed as external store identity. Generated on creation and never updated): 9398bedf-9e18-4801-997f-e5e31b48f286
                                                                [neo4j/7efa7199] DATABASE_ID (The last used DatabaseId for this database): null
                                                                [neo4j/7efa7199] LEGACY_STORE_VERSION (Legacy store format version. This field is used from 5.0 onwards only to distinguish non-migrated pre 5.0 metadata stores.): -3523014627327384477
                                                                [neo4j/7efa7199] STORE_ID (Store ID): StoreId{creationTime=1787518117914, random=1502559886532048127, storageEngineName='record', formatName='aligned', majorVersion=1, minorVersion=1}
                                                                [neo4j/7efa7199] 
2026-08-26 20:08:51.778+0000 INFO  [o.n.k.i.a.i.IndexingService] [neo4j/7efa7199] IndexingService.init: indexes not specifically mentioned above are ONLINE. Total 2 indexes. Processed in 4ms
2026-08-26 20:08:51.779+0000 INFO  [o.n.k.a.DatabaseAvailabilityGuard] [neo4j/7efa7199] Requirement `Database unavailable` makes database neo4j unavailable.
2026-08-26 20:08:51.779+0000 INFO  [o.n.k.a.DatabaseAvailabilityGuard] [neo4j/7efa7199] DatabaseId{7efa7199[neo4j]} is unavailable.
2026-08-26 20:08:51.780+0000 INFO  [o.n.k.d.Database] [neo4j/7efa7199] Starting transaction log [/data/transactions/neo4j/neostore.transaction.db.0] at version=0
2026-08-26 20:08:51.781+0000 INFO  [o.n.k.d.Database] [neo4j/7efa7199] Starting transaction log [/data/transactions/neo4j/checkpoint.0] at version=0
2026-08-26 20:08:51.781+0000 INFO  [o.n.k.i.t.l.f.c.CheckpointLogFile] [neo4j/7efa7199] Scanning log file with version 0 for checkpoint entries
2026-08-26 20:08:51.784+0000 INFO  [o.n.k.i.a.i.IndexingService] [neo4j/7efa7199] IndexingService.start: indexes not specifically mentioned above are ONLINE. Total 2 indexes. Processed in 0ms
2026-08-26 20:08:51.785+0000 INFO  [o.n.k.a.DatabaseAvailabilityGuard] [neo4j/7efa7199] Fulfilling of requirement 'Database unavailable' makes database neo4j available.
2026-08-26 20:08:51.785+0000 INFO  [o.n.k.a.DatabaseAvailabilityGuard] [neo4j/7efa7199] DatabaseId{7efa7199[neo4j]} is ready.
2026-08-26 20:08:51.785+0000 INFO  [o.n.u.UserDataCollector] Anonymous Usage Data is being sent to Neo4j, see https://neo4j.com/docs/usage-data/
2026-08-26 20:08:51.813+0000 INFO  [o.n.b.p.c.c.n.SocketNettyConnector] Bolt enabled on 0.0.0.0:7687.
2026-08-26 20:08:51.814+0000 WARN  [i.n.b.ServerBootstrap] Unknown channel option 'SO_REUSEADDR' for channel '[id: 0x9b2fd50f]' of type 'class io.netty.channel.local.LocalServerChannel'
2026-08-26 20:08:51.819+0000 INFO  [o.n.b.BoltServer] Bolt server started
2026-08-26 20:08:51.819+0000 INFO  [o.n.s.A.ServerComponentsLifecycleAdapter] Starting web server
2026-08-26 20:08:53.024+0000 INFO  [o.n.s.CommunityNeoWebServer] HTTP enabled on 0.0.0.0:7474.
2026-08-26 20:08:53.025+0000 INFO  [o.n.s.CommunityNeoWebServer] Remote interface available at http://localhost:7474/
2026-08-26 20:08:53.025+0000 INFO  [o.n.s.A.ServerComponentsLifecycleAdapter] Web server started.
2026-08-26 20:08:53.028+0000 INFO  [o.n.g.f.DatabaseManagementServiceFactory] id: F2D2C5DE77BE3C34B9607B923BB3D2B15214427F692CFA39DE25B6B8CAB44B79
2026-08-26 20:08:53.028+0000 INFO  [o.n.g.f.DatabaseManagementServiceFactory] name: system
2026-08-26 20:08:53.028+0000 INFO  [o.n.g.f.DatabaseManagementServiceFactory] creationDate: 2026-08-23T20:48:37.037Z
